quantity,days_remaining,machine_availability,labour_availability,material_delay_days,base_capacity,required_daily_output,capacity_ratio,risk_class
2107,13,0.8,0.9000000000000001,6,300.0,162.07692307692307,1.3935185185185184,HIGH
2035,21,0.8,0.9000000000000001,1,325.0,96.9047619047619,0.4348290598290598,MEDIUM
2203,5,0.7,0.9000000000000001,4,250.0,440.6,13.987301587301586,HIGH
1828,25,0.9000000000000001,0.9500000000000002,2,250.0,73.12,0.3718281210272056,LOW
1590,13,0.8500000000000001,0.8,0,275.0,122.3076923076923,0.6540518305224187,MEDIUM
1787,19,0.75,0.9500000000000002,6,300.0,94.05263157894737,0.6430949167791272,MEDIUM
2997,12,0.7,0.8,5,300.0,249.75,2.548469387755102,HIGH
1983,17,0.9000000000000001,0.7,6,325.0,116.6470588235294,0.8804528804528804,MEDIUM
2952,19,0.75,0.75,1,250.0,155.3684210526316,1.1662222222222223,HIGH
271,24,0.7,0.8500000000000001,6,325.0,11.291666666666666,0.07785678373913668,MEDIUM
1649,4,0.7,1.0000000000000002,0,250.0,412.25,2.3557142857142854,HIGH
704,3,0.9500000000000002,0.75,0,275.0,234.66666666666666,1.1976608187134499,HIGH
3194,29,0.7,0.9000000000000001,4,250.0,110.13793103448276,0.8111746031746031,MEDIUM
1866,28,1.0000000000000002,1.0000000000000002,2,300.0,66.64285714285714,0.23923076923076916,LOW
2484,18,0.8500000000000001,0.9500000000000002,4,275.0,138.0,0.7990028547304087,MEDIUM
1669,9,0.75,0.9500000000000002,6,300.0,185.44444444444446,2.602729044834308,HIGH
855,21,0.8500000000000001,0.7,1,300.0,40.714285714285715,0.23949579831932774,MEDIUM
1277,6,0.9000000000000001,0.75,6,350.0,212.83333333333334,5.405291005291004,HIGH
2963,23,0.9500000000000002,0.8,6,250.0,128.82608695652175,0.9173374613003092,MEDIUM
2357,7,0.75,0.75,2,325.0,336.7142857142857,2.5785982905982903,HIGH
3190,23,0.7,0.9500000000000002,5,250.0,138.69565217391303,1.0659983291562238,MEDIUM
1437,18,0.7,0.7,2,350.0,79.83333333333333,0.5236880466472305,MEDIUM
2922,7,0.8500000000000001,0.8500000000000001,3,350.0,417.42857142857144,2.888779041028175,HIGH
1274,12,0.8500000000000001,1.0000000000000002,4,300.0,106.16666666666667,0.6245098039215684,MEDIUM
507,21,0.7,0.7,5,325.0,24.142857142857142,0.19897959183673472,MEDIUM
1843,16,0.7,0.7,3,275.0,115.1875,1.0520907663764807,MEDIUM
2088,27,0.8500000000000001,0.8,4,325.0,77.33333333333333,0.41078103482195544,MEDIUM
2980,21,0.9500000000000002,0.8500000000000001,6,275.0,141.9047619047619,0.894643024673984,MEDIUM
3215,21,0.9000000000000001,0.8500000000000001,2,300.0,153.0952380952381,0.7373007682605204,LOW
2599,26,0.9500000000000002,0.7,4,250.0,99.96153846153847,0.7105946684894052,MEDIUM
647,16,0.9500000000000002,0.9500000000000002,2,350.0,40.4375,0.1463056136582056,LOW
947,16,0.8,1.0000000000000002,3,300.0,59.1875,0.30352564102564095,MEDIUM
2124,13,0.9000000000000001,1.0000000000000002,0,250.0,163.3846153846154,0.7261538461538459,LOW
2923,4,0.9000000000000001,0.9000000000000001,4,275.0,730.75,13.122334455667785,HIGH
3117,20,1.0000000000000002,0.75,0,300.0,155.85,0.6926666666666664,MEDIUM
329,24,0.9500000000000002,0.8,2,250.0,13.708333333333334,0.07870813397129184,MEDIUM
912,12,0.7,0.9500000000000002,6,325.0,76.0,0.7032967032967034,MEDIUM
1152,30,0.75,0.75,2,325.0,38.4,0.22505494505494508,MEDIUM
1592,20,0.9500000000000002,0.7,3,350.0,79.6,0.40235041384975034,MEDIUM
3122,12,0.9000000000000001,0.9500000000000002,5,325.0,260.1666666666667,1.6050382366171834,HIGH
1411,21,1.0000000000000002,0.7,3,250.0,67.19047619047619,0.44793650793650786,MEDIUM
1985,5,0.8,0.75,5,350.0,397.0,9.452380952380953,HIGH
1105,29,0.8500000000000001,0.75,2,250.0,38.10344827586207,0.2567901234567901,MEDIUM
3464,24,0.7,0.8500000000000001,1,250.0,144.33333333333334,1.0124954329557907,MEDIUM
704,28,0.9000000000000001,0.8,0,300.0,25.142857142857142,0.11640211640211637,MEDIUM
518,9,0.75,1.0000000000000002,0,325.0,57.55555555555556,0.23612535612535607,MEDIUM
2241,25,0.75,1.0000000000000002,2,325.0,89.64,0.39973244147157183,MEDIUM
1843,16,0.7,0.7,1,300.0,115.1875,0.835827664399093,MEDIUM
3293,26,0.8500000000000001,1.0000000000000002,2,300.0,126.65384615384616,0.5380718954248365,LOW
3006,9,1.0000000000000002,0.75,5,350.0,334.0,2.862857142857142,HIGH
1623,8,0.7,0.75,1,300.0,202.875,1.472108843537415,HIGH
2491,10,0.7,0.7,4,250.0,249.1,3.389115646258504,HIGH
2509,23,0.8,0.8500000000000001,5,350.0,109.08695652173913,0.5856676003734826,MEDIUM
2100,16,0.9500000000000002,0.75,0,250.0,131.25,0.7368421052631576,MEDIUM
1194,14,0.9000000000000001,0.9500000000000002,4,275.0,85.28571428571429,0.5078149920255183,MEDIUM
802,17,0.7,0.75,6,325.0,47.1764705882353,0.42730602730602735,MEDIUM
1108,8,0.7,0.8,3,250.0,138.5,1.5828571428571427,HIGH
749,5,0.75,0.9500000000000002,0,350.0,149.8,0.6007017543859648,MEDIUM
2610,26,0.8500000000000001,0.8500000000000001,2,350.0,100.38461538461539,0.43005437469105273,LOW
2638,16,0.75,0.8,1,300.0,164.875,0.977037037037037,MEDIUM
2509,11,1.0000000000000002,0.9000000000000001,5,275.0,228.0909090909091,1.689562289562289,HIGH
3453,16,0.8500000000000001,0.75,0,300.0,215.8125,1.1284313725490194,HIGH
1435,24,0.8500000000000001,0.9000000000000001,0,325.0,59.791666666666664,0.24048935813641686,LOW
1303,20,0.75,0.7,5,350.0,65.15,0.47274376417233555,MEDIUM
2716,15,0.7,0.9500000000000002,6,275.0,181.06666666666666,1.6501860712387024,HIGH
435,18,1.0000000000000002,1.0000000000000002,5,325.0,24.166666666666668,0.10295857988165677,MEDIUM
3316,27,0.8500000000000001,0.7,0,325.0,122.81481481481481,0.6351121645239292,MEDIUM
2237,8,0.9500000000000002,0.9500000000000002,0,350.0,279.625,0.8852394143252866,MEDIUM
2730,23,1.0000000000000002,0.9000000000000001,3,250.0,118.69565217391305,0.6066666666666665,MEDIUM
2892,12,0.9500000000000002,0.9000000000000001,5,275.0,241.0,1.757120072909546,HIGH
3180,12,0.7,0.7,5,350.0,265.0,2.6488962932111626,HIGH
3188,3,0.8,0.8500000000000001,2,350.0,1062.6666666666667,13.394957983193276,HIGH
2492,13,0.8,0.9000000000000001,4,275.0,191.69230769230768,1.398428731762065,HIGH
2182,28,0.9500000000000002,0.75,3,350.0,77.92857142857143,0.3499949874686716,MEDIUM
924,22,0.9000000000000001,0.9500000000000002,0,250.0,42.0,0.19649122807017538,LOW
901,24,0.75,1.0000000000000002,4,250.0,37.541666666666664,0.24026666666666663,MEDIUM
265,24,0.9000000000000001,1.0000000000000002,5,250.0,11.041666666666666,0.06198830409356723,MEDIUM
1423,26,0.9500000000000002,0.8500000000000001,4,350.0,54.73076923076923,0.22886092235937433,MEDIUM
744,20,0.8500000000000001,1.0000000000000002,1,325.0,37.2,0.1417480352464872,LOW
1660,26,0.8,0.8,3,325.0,63.84615384615385,0.346989966555184,MEDIUM
2516,14,0.9000000000000001,1.0000000000000002,6,325.0,179.71428571428572,1.0752136752136747,MEDIUM
2263,19,0.8,1.0000000000000002,6,250.0,119.10526315789474,0.8703846153846151,MEDIUM
1910,19,0.9000000000000001,0.9500000000000002,1,300.0,100.52631578947368,0.41368854234351293,LOW
1191,16,1.0000000000000002,0.75,4,250.0,74.4375,0.5293333333333332,MEDIUM
969,13,0.75,1.0000000000000002,6,325.0,74.53846153846153,0.5679120879120877,MEDIUM
791,21,0.9500000000000002,0.75,6,250.0,37.666666666666664,0.2960467836257309,MEDIUM
1660,21,0.8500000000000001,0.9500000000000002,5,350.0,79.04761904761905,0.36709420610349386,MEDIUM
2827,27,0.8500000000000001,0.9500000000000002,2,300.0,104.70370370370371,0.4667905056759544,LOW
1188,9,0.75,0.9000000000000001,3,250.0,132.0,1.1733333333333331,HIGH
2308,25,0.7,0.7,4,325.0,92.32,0.6901397921806086,MEDIUM
2156,10,0.9500000000000002,0.8,0,250.0,215.6,1.1347368421052628,HIGH
1997,16,0.7,0.75,1,325.0,124.8125,0.7802686202686203,MEDIUM
2995,7,0.7,0.8,6,350.0,427.85714285714283,15.28061224489796,HIGH
2556,16,0.9500000000000002,0.8,4,300.0,159.75,0.9342105263157893,MEDIUM
2049,3,0.9500000000000002,0.8,6,250.0,683.0,10.784210526315785,HIGH
3262,15,0.8500000000000001,0.8500000000000001,5,275.0,217.46666666666667,1.6417741428122046,HIGH
1420,12,0.75,0.9500000000000002,5,300.0,118.33333333333333,0.9490392648287385,MEDIUM
1692,11,0.75,1.0000000000000002,0,250.0,153.8181818181818,0.8203636363636362,MEDIUM
1770,12,0.8,0.8500000000000001,2,275.0,147.5,0.9465240641711229,MEDIUM
1143,24,0.75,0.75,2,300.0,47.625,0.30787878787878786,MEDIUM
3271,11,0.9500000000000002,0.75,1,325.0,297.3636363636364,1.4125775978407555,HIGH
987,15,0.75,0.7,0,325.0,65.8,0.38564102564102565,MEDIUM
2139,13,0.9500000000000002,1.0000000000000002,0,350.0,164.53846153846155,0.49485251590514734,LOW
2338,11,0.75,0.9500000000000002,2,250.0,212.54545454545453,1.4584015594541908,HIGH
3263,9,1.0000000000000002,0.8,5,250.0,362.55555555555554,4.0787499999999985,HIGH
1926,18,0.7,0.9000000000000001,5,325.0,107.0,0.7235841081994928,MEDIUM
1230,5,0.8500000000000001,0.9000000000000001,5,325.0,246.0,4.9472096530920044,HIGH
772,3,0.9500000000000002,1.0000000000000002,0,300.0,257.3333333333333,0.9029239766081867,MEDIUM
890,19,0.8,0.9000000000000001,1,300.0,46.8421052631579,0.2289094650205761,MEDIUM
1996,7,1.0000000000000002,0.8500000000000001,1,300.0,285.14285714285717,1.3045751633986924,HIGH
2468,5,0.9500000000000002,1.0000000000000002,2,300.0,493.6,2.886549707602338,HIGH
3122,10,1.0000000000000002,0.7,6,250.0,312.2,4.459999999999999,HIGH
512,28,0.7,0.9500000000000002,3,250.0,18.285714285714285,0.12318796992481201,MEDIUM
362,23,1.0000000000000002,0.9500000000000002,3,275.0,15.73913043478261,0.06928229665071768,MEDIUM
2850,20,0.8500000000000001,0.9000000000000001,0,275.0,142.5,0.6773618538324419,LOW
2622,18,1.0000000000000002,0.8500000000000001,3,300.0,145.66666666666666,0.6854901960784312,MEDIUM
896,11,0.7,0.75,0,300.0,81.45454545454545,0.5171717171717172,MEDIUM
1249,23,0.9500000000000002,0.9000000000000001,1,275.0,54.30434782608695,0.24145763858682512,LOW
1393,26,0.7,1.0000000000000002,4,300.0,53.57692307692308,0.30151515151515146,MEDIUM
1543,28,0.7,0.7,5,350.0,55.107142857142854,0.3911775890480416,MEDIUM
3347,24,0.9500000000000002,1.0000000000000002,3,350.0,139.45833333333334,0.4793412101682777,MEDIUM
1830,27,1.0000000000000002,0.8,5,325.0,67.77777777777777,0.3199300699300699,MEDIUM
590,25,0.8500000000000001,0.7,0,300.0,23.6,0.13221288515406163,MEDIUM
356,8,0.8,0.9000000000000001,2,275.0,44.5,0.29966329966329963,MEDIUM
391,19,0.7,1.0000000000000002,6,350.0,20.57894736842105,0.1227629513343799,MEDIUM
1906,26,0.8500000000000001,0.7,1,275.0,73.3076923076923,0.4659434682964094,MEDIUM
2152,28,0.8,0.8,1,300.0,76.85714285714286,0.41512345679012347,MEDIUM
2467,18,0.8,0.75,0,250.0,137.05555555555554,0.9137037037037036,MEDIUM
1598,16,0.75,0.9000000000000001,6,350.0,99.875,0.6764021164021163,MEDIUM
429,16,0.8500000000000001,0.7,5,350.0,26.8125,0.18727490996398558,MEDIUM
2228,6,0.8500000000000001,0.9000000000000001,0,350.0,371.3333333333333,1.3868658574540922,HIGH
1633,26,1.0000000000000002,0.75,4,250.0,62.80769230769231,0.3958787878787878,MEDIUM
2792,19,0.7,0.9500000000000002,4,300.0,146.94736842105263,0.9329991645781118,MEDIUM
418,14,0.8,0.9500000000000002,1,275.0,29.857142857142858,0.15384615384615383,MEDIUM
2999,14,0.7,0.8,1,250.0,214.21428571428572,1.6478021978021977,HIGH
1856,23,0.75,0.8,0,350.0,80.69565217391305,0.38426501035196686,MEDIUM
2541,4,0.75,0.8,6,300.0,635.25,14.116666666666667,HIGH
3162,4,0.9000000000000001,0.7,5,300.0,790.5,16.730158730158728,HIGH
2939,8,0.8,0.9000000000000001,6,275.0,367.375,7.42171717171717,HIGH
2326,7,0.9500000000000002,0.8,4,250.0,332.2857142857143,4.080701754385964,HIGH
2145,23,0.8,0.9000000000000001,0,275.0,93.26086956521739,0.4710144927536231,MEDIUM
1458,23,0.7,1.0000000000000002,2,325.0,63.391304347826086,0.3051805337519623,MEDIUM
869,26,0.7,0.9500000000000002,1,250.0,33.42307692307692,0.20908270676691726,MEDIUM
2789,27,0.8,0.9000000000000001,3,250.0,103.29629629629629,0.6456018518518517,MEDIUM
918,15,0.9500000000000002,1.0000000000000002,5,350.0,61.2,0.27609022556390966,MEDIUM
1616,5,0.7,0.75,6,275.0,323.2,11.193073593073594,HIGH
2891,22,0.9500000000000002,1.0000000000000002,5,250.0,131.4090909090909,0.716037151702786,MEDIUM
3206,16,0.9000000000000001,0.8500000000000001,5,325.0,200.375,1.1722656428538776,HIGH
895,21,0.9500000000000002,0.75,6,300.0,42.61904761904762,0.2791423001949317,MEDIUM
1674,3,1.0000000000000002,0.9500000000000002,5,350.0,558.0,5.034586466165412,HIGH
2898,10,0.75,0.9000000000000001,2,250.0,289.8,2.1466666666666665,HIGH
1661,10,0.8,0.9000000000000001,3,325.0,166.1,1.014041514041514,MEDIUM
1117,17,0.75,0.7,3,250.0,65.70588235294117,0.6078911564625851,MEDIUM
424,9,0.8500000000000001,0.75,1,325.0,47.111111111111114,0.25580693815987926,MEDIUM
2270,8,0.8,0.8500000000000001,0,250.0,283.75,1.6691176470588232,HIGH
2443,18,0.9000000000000001,1.0000000000000002,1,350.0,135.72222222222223,0.45620915032679726,LOW
400,17,1.0000000000000002,0.7,1,300.0,23.529411764705884,0.11904761904761903,MEDIUM
2703,8,0.75,0.9000000000000001,3,275.0,337.875,2.912323232323232,HIGH
3407,16,0.75,0.8500000000000001,4,325.0,212.9375,1.3703368526897937,HIGH
2538,27,0.9000000000000001,1.0000000000000002,4,275.0,94.0,0.4458498023715413,MEDIUM
655,27,0.8,0.8500000000000001,6,300.0,24.25925925925926,0.15289449112978523,MEDIUM
2392,10,0.8500000000000001,1.0000000000000002,0,350.0,239.2,0.8040336134453778,LOW
2691,15,0.8500000000000001,0.8,3,300.0,179.4,1.0992647058823528,MEDIUM
1210,11,0.7,0.9000000000000001,5,300.0,110.0,1.0670194003527336,MEDIUM
1478,5,0.9500000000000002,0.75,0,350.0,295.6,1.1853634085213032,HIGH
2446,3,0.75,0.8500000000000001,0,250.0,815.3333333333334,5.115816993464052,HIGH
1171,16,0.9500000000000002,1.0000000000000002,2,350.0,73.1875,0.25155746509129956,LOW
383,21,0.75,0.8,6,275.0,18.238095238095237,0.15474747474747474,MEDIUM
2037,20,0.75,0.75,1,250.0,101.85,0.7623859649122807,MEDIUM
993,30,0.9000000000000001,0.8500000000000001,5,325.0,33.1,0.1597586726998491,MEDIUM
3014,24,0.9500000000000002,0.7,1,350.0,125.58333333333333,0.5630224629897725,MEDIUM
1319,8,0.8500000000000001,0.8,3,350.0,164.875,1.1084033613445377,HIGH
1136,21,1.0000000000000002,1.0000000000000002,0,350.0,54.095238095238095,0.15455782312925165,LOW
350,22,0.7,0.8500000000000001,0,300.0,15.909090909090908,0.089126559714795,MEDIUM
566,16,0.9000000000000001,0.9500000000000002,2,300.0,35.375,0.1576162628794207,LOW
741,7,0.7,0.9500000000000002,5,300.0,105.85714285714286,1.857142857142857,HIGH
2963,11,0.8,0.8,5,275.0,269.3636363636364,2.805871212121212,HIGH
1131,15,1.0000000000000002,1.0000000000000002,2,325.0,75.4,0.2676923076923076,LOW
1508,21,0.8,0.8,4,275.0,71.80952380952381,0.5040106951871658,MEDIUM
1765,6,0.75,0.9000000000000001,4,250.0,294.1666666666667,5.2296296296296285,HIGH
933,9,0.8500000000000001,0.8,2,325.0,103.66666666666667,0.6031027795733677,MEDIUM
1144,9,0.8500000000000001,0.7,4,275.0,127.11111111111111,1.3983193277310926,HIGH
3016,3,0.8,0.75,1,350.0,1005.3333333333334,7.180952380952381,HIGH
1304,29,0.7,0.7,6,275.0,44.96551724137931,0.4207469549084456,MEDIUM
999,14,0.9000000000000001,0.7,3,275.0,71.35714285714286,0.5242030696576151,MEDIUM
2935,28,1.0000000000000002,0.9000000000000001,4,275.0,104.82142857142857,0.49410774410774394,MEDIUM
1721,21,0.8500000000000001,0.8,2,250.0,81.95238095238095,0.5328173374613002,MEDIUM
1315,8,0.9500000000000002,0.7,6,325.0,164.375,3.042220936957779,HIGH
2325,12,0.9500000000000002,1.0000000000000002,2,325.0,193.75,0.7530364372469632,LOW
2701,28,0.75,0.7,2,250.0,96.46428571428571,0.7915018315018315,MEDIUM
2396,10,1.0000000000000002,1.0000000000000002,6,275.0,239.6,2.1781818181818173,HIGH
2324,14,0.7,0.8500000000000001,3,350.0,166.0,1.0145148968678381,MEDIUM
926,30,1.0000000000000002,0.8500000000000001,6,250.0,30.866666666666667,0.18156862745098035,MEDIUM
3275,10,0.9500000000000002,0.7,4,250.0,327.5,3.283208020050125,HIGH
2921,19,0.8,0.8500000000000001,1,275.0,153.73684210526315,0.8677956030897206,MEDIUM
734,19,0.75,0.9000000000000001,2,250.0,38.63157894736842,0.25586056644880173,MEDIUM
537,8,0.8500000000000001,0.7,5,250.0,67.125,1.203361344537815,HIGH
1488,24,0.8,1.0000000000000002,2,325.0,62.0,0.2601398601398601,MEDIUM
2050,3,0.75,0.9500000000000002,2,350.0,683.3333333333334,8.220551378446114,HIGH
1060,3,0.9500000000000002,1.0000000000000002,0,350.0,353.3333333333333,1.0626566416040095,MEDIUM
3428,23,0.9000000000000001,0.7,6,350.0,149.04347826086956,0.9144991329865279,MEDIUM
2069,7,0.75,0.8500000000000001,4,350.0,295.57142857142856,3.0909430438842196,HIGH
1379,20,0.9000000000000001,0.7,4,300.0,68.95,0.45601851851851843,MEDIUM
327,29,0.75,0.8500000000000001,4,275.0,11.275862068965518,0.07460962566844918,MEDIUM
760,11,0.75,0.8500000000000001,1,250.0,69.0909090909091,0.4768627450980391,MEDIUM
2538,8,0.75,0.9500000000000002,2,350.0,317.25,1.696240601503759,HIGH
1612,3,0.7,0.8500000000000001,4,275.0,537.3333333333334,9.851795263559968,HIGH
1897,13,0.8500000000000001,0.9500000000000002,2,300.0,145.92307692307693,0.7118866685430151,LOW
2996,4,0.9000000000000001,0.8,4,250.0,749.0,16.644444444444442,HIGH
1182,5,0.75,0.9500000000000002,5,275.0,236.4,6.032535885167463,HIGH
1422,4,0.8500000000000001,0.7,5,300.0,355.5,7.966386554621849,HIGH
711,25,0.7,1.0000000000000002,6,250.0,28.44,0.21383458646616538,MEDIUM
1415,27,0.75,0.75,6,300.0,52.407407407407405,0.39929453262786596,MEDIUM
2356,8,0.8,1.0000000000000002,3,325.0,294.5,1.812307692307692,HIGH
3471,18,0.7,0.8500000000000001,5,300.0,192.83333333333334,1.4957983193277309,HIGH
415,5,0.8,0.9500000000000002,6,325.0,83.0,1.6801619433198376,HIGH
671,18,0.9000000000000001,0.8500000000000001,2,250.0,37.27777777777778,0.21928104575163393,LOW
625,27,0.8500000000000001,0.8500000000000001,5,325.0,23.14814814814815,0.1209862801558303,MEDIUM
1861,4,0.7,0.7,0,275.0,465.25,3.452690166975881,HIGH
2213,29,0.7,0.7,1,325.0,76.3103448275862,0.49629961874859846,MEDIUM
2179,30,0.8,0.8500000000000001,4,250.0,72.63333333333334,0.49298642533936643,MEDIUM
1770,27,0.7,0.9000000000000001,1,250.0,65.55555555555556,0.4322344322344322,MEDIUM
2372,23,1.0000000000000002,0.9500000000000002,6,250.0,103.1304347826087,0.5874922600619193,MEDIUM
2249,4,0.8,0.8,2,250.0,562.25,7.028125,HIGH
738,28,0.75,1.0000000000000002,3,350.0,26.357142857142858,0.11245714285714282,MEDIUM
3123,14,0.8,0.7,1,275.0,223.07142857142858,1.55994005994006,HIGH
695,17,0.75,0.9500000000000002,2,275.0,40.88235294117647,0.23646996278575225,MEDIUM
384,26,1.0000000000000002,0.75,5,250.0,14.76923076923077,0.09752380952380948,MEDIUM
673,14,0.9000000000000001,0.75,4,275.0,48.07142857142857,0.36255892255892247,MEDIUM
662,22,0.9500000000000002,0.7,1,275.0,30.09090909090909,0.1723789994466686,MEDIUM
310,8,1.0000000000000002,0.8,2,275.0,38.75,0.23484848484848478,MEDIUM
2549,4,0.75,0.8500000000000001,3,275.0,637.25,14.539750445632796,HIGH
3157,5,0.8500000000000001,0.8,4,350.0,631.4,13.264705882352938,HIGH
2595,6,0.9500000000000002,0.9500000000000002,1,325.0,432.5,1.769443852546345,HIGH
2159,13,0.75,0.8,6,300.0,166.07692307692307,1.7134920634920636,HIGH
1943,15,0.8500000000000001,0.8500000000000001,6,275.0,129.53333333333333,1.0865750934955083,MEDIUM
1811,5,0.9500000000000002,0.9500000000000002,5,325.0,362.2,6.174302152141485,HIGH
1622,19,0.8,0.7,4,250.0,85.36842105263158,0.7723809523809524,MEDIUM
1377,27,0.9500000000000002,0.8500000000000001,3,250.0,51.0,0.2842105263157894,MEDIUM
1782,7,0.8500000000000001,0.9500000000000002,5,350.0,254.57142857142858,3.1525873507297644,HIGH
1551,13,0.75,1.0000000000000002,0,325.0,119.3076923076923,0.4894674556213017,MEDIUM
282,30,0.9000000000000001,0.7,3,275.0,9.4,0.06028539361872695,MEDIUM
449,18,0.8,0.8,5,275.0,24.944444444444443,0.19624125874125875,MEDIUM
2872,6,0.7,0.7,3,350.0,478.6666666666667,5.582118561710399,HIGH
3375,8,1.0000000000000002,0.9500000000000002,0,350.0,421.875,1.2687969924812026,HIGH
605,14,0.9000000000000001,0.8500000000000001,4,250.0,43.214285714285715,0.3163398692810457,MEDIUM
2963,4,0.8500000000000001,0.7,0,300.0,740.75,4.149859943977591,HIGH
2519,19,1.0000000000000002,0.9500000000000002,4,325.0,132.57894736842104,0.5439136302294195,MEDIUM
1833,28,1.0000000000000002,0.7,2,325.0,65.46428571428571,0.30989010989010984,MEDIUM
1190,17,0.8,0.9000000000000001,5,300.0,70.0,0.4591049382716049,MEDIUM
1350,11,0.8,0.75,1,325.0,122.72727272727273,0.6923076923076923,MEDIUM
933,22,0.8,0.8,0,350.0,42.40909090909091,0.1893262987012987,MEDIUM
2841,22,0.8,0.7,2,250.0,129.13636363636363,1.0146428571428572,MEDIUM
3292,13,0.7,1.0000000000000002,4,325.0,253.23076923076923,1.6078144078144077,HIGH
1222,14,0.9000000000000001,0.75,4,325.0,87.28571428571429,0.5570370370370369,MEDIUM
471,17,0.9500000000000002,0.9500000000000002,3,250.0,27.705882352941178,0.14910961614562718,MEDIUM
1665,9,0.9500000000000002,0.7,1,275.0,185.0,1.1380724538619273,HIGH
3075,11,1.0000000000000002,0.9000000000000001,3,325.0,279.54545454545456,1.3141025641025637,HIGH
2405,12,0.9500000000000002,1.0000000000000002,2,250.0,200.41666666666666,1.0126315789473679,MEDIUM
1385,14,0.9500000000000002,1.0000000000000002,3,250.0,98.92857142857143,0.5301435406698561,MEDIUM
1242,13,0.9500000000000002,0.7,0,250.0,95.53846153846153,0.5746674378253325,MEDIUM
514,7,1.0000000000000002,0.8500000000000001,2,325.0,73.42857142857143,0.3721266968325791,LOW
600,30,0.7,0.9000000000000001,5,250.0,20.0,0.15238095238095237,MEDIUM
3112,17,1.0000000000000002,0.8,2,325.0,183.05882352941177,0.7979487179487178,MEDIUM
1168,11,0.7,0.9500000000000002,1,250.0,106.18181818181819,0.7025563909774435,MEDIUM
2133,22,1.0000000000000002,0.75,3,300.0,96.95454545454545,0.4989473684210525,MEDIUM
3262,8,0.8500000000000001,0.9500000000000002,5,275.0,407.75,4.896519373299557,HIGH
1513,28,0.7,1.0000000000000002,6,275.0,54.035714285714285,0.3572609208972844,MEDIUM
2874,8,0.9500000000000002,0.7,5,250.0,359.25,5.762406015037593,HIGH
1800,14,1.0000000000000002,0.8,2,250.0,128.57142857142858,0.7499999999999998,MEDIUM
2486,8,0.9500000000000002,0.9000000000000001,3,325.0,310.75,1.7892937471884833,HIGH
2703,9,0.8500000000000001,0.75,6,300.0,300.3333333333333,4.71111111111111,HIGH
963,4,0.7,0.7,0,250.0,240.75,1.9653061224489798,HIGH
597,24,0.9500000000000002,0.8500000000000001,0,300.0,24.875,0.10268317853457169,LOW
2771,4,0.8,0.7,5,350.0,692.75,14.137755102040817,HIGH
1454,23,0.9500000000000002,0.9000000000000001,2,250.0,63.21739130434783,0.3239209133945975,LOW
1016,28,0.9000000000000001,0.9000000000000001,5,325.0,36.285714285714285,0.16780213881663147,MEDIUM
2153,6,0.9500000000000002,0.8500000000000001,4,250.0,358.8333333333333,5.332507739938079,HIGH
1738,30,0.9500000000000002,0.9500000000000002,1,350.0,57.93333333333333,0.18973022392642216,LOW
582,9,1.0000000000000002,0.75,4,275.0,64.66666666666667,0.5643636363636363,MEDIUM
3246,22,0.9500000000000002,0.8,1,325.0,147.54545454545453,0.6257952573742046,MEDIUM
3078,10,1.0000000000000002,0.9000000000000001,5,300.0,307.8,2.279999999999999,HIGH
1187,26,0.9000000000000001,0.9500000000000002,5,250.0,45.65384615384615,0.2644388749651907,MEDIUM
253,20,0.75,1.0000000000000002,1,275.0,12.65,0.06456140350877192,MEDIUM
512,12,0.7,0.8500000000000001,3,300.0,42.666666666666664,0.3187052598817304,MEDIUM
1629,16,0.9500000000000002,0.9000000000000001,1,250.0,101.8125,0.5080701754385962,LOW
3483,10,0.9000000000000001,0.9500000000000002,3,300.0,348.3,1.9398496240601495,HIGH
3467,25,0.9500000000000002,0.7,0,350.0,138.68,0.5958324382384532,MEDIUM
1955,20,0.8500000000000001,0.7,6,325.0,97.75,0.7221350078492934,MEDIUM
2656,18,0.7,1.0000000000000002,0,250.0,147.55555555555554,0.8431746031746029,MEDIUM
2798,28,0.9000000000000001,0.75,1,300.0,99.92857142857143,0.5117512574302696,MEDIUM
1222,26,0.8,0.8,4,250.0,47.0,0.3471590909090909,MEDIUM
530,20,0.9000000000000001,1.0000000000000002,2,325.0,26.5,0.10066476733143395,LOW
412,18,0.9000000000000001,0.8,4,275.0,22.88888888888889,0.1486291486291486,MEDIUM
3446,11,0.75,0.7,5,350.0,313.27272727272725,3.12562358276644,HIGH
799,6,0.8500000000000001,1.0000000000000002,4,325.0,133.16666666666666,1.4461538461538455,HIGH
3437,24,0.75,0.8,5,325.0,143.20833333333334,0.9276653171390014,MEDIUM
1106,7,0.9000000000000001,0.7,1,350.0,158.0,0.8359788359788359,MEDIUM
1473,5,1.0000000000000002,0.9000000000000001,5,300.0,294.6,5.455555555555553,HIGH
2732,23,0.7,0.9500000000000002,4,275.0,118.78260869565217,0.7862718998453069,MEDIUM
692,24,0.8,0.9000000000000001,6,350.0,28.833333333333332,0.15255731922398585,MEDIUM
1639,30,0.7,0.8500000000000001,6,325.0,54.63333333333333,0.35315664727429436,MEDIUM
2334,22,0.9500000000000002,0.8500000000000001,6,300.0,106.0909090909091,0.6021671826625384,MEDIUM
894,29,0.75,0.9500000000000002,0,250.0,30.82758620689655,0.1730671506352087,MEDIUM
2930,21,0.8500000000000001,0.8,4,350.0,139.52380952380952,0.7241720217498762,MEDIUM
2726,29,1.0000000000000002,0.8500000000000001,1,350.0,94.0,0.327250900360144,LOW
292,3,0.8500000000000001,0.9000000000000001,4,325.0,97.33333333333333,1.1744595274007035,HIGH
3386,12,0.8500000000000001,0.8500000000000001,2,275.0,282.1666666666667,1.7041837055677882,HIGH
2355,27,0.9000000000000001,0.75,4,250.0,87.22222222222223,0.6067632850241546,MEDIUM
912,10,0.9500000000000002,0.75,1,275.0,91.2,0.517171717171717,MEDIUM
654,5,0.7,0.9000000000000001,6,325.0,130.8,3.1941391941391943,HIGH
2387,27,0.75,0.75,5,275.0,88.4074074074074,0.7014141414141414,MEDIUM
374,21,0.8500000000000001,0.7,5,325.0,17.80952380952381,0.12087912087912087,MEDIUM
1009,22,0.8500000000000001,0.75,5,325.0,45.86363636363637,0.2864697010025729,MEDIUM
2301,4,0.8,0.75,0,275.0,575.25,3.4863636363636363,HIGH
989,21,0.75,0.9500000000000002,5,275.0,47.095238095238095,0.3154704944178628,MEDIUM
890,7,0.8,0.9500000000000002,4,250.0,127.14285714285714,1.5614035087719298,HIGH
660,6,1.0000000000000002,0.9500000000000002,2,250.0,110.0,0.6947368421052629,LOW
2203,29,0.7,0.9500000000000002,4,350.0,75.96551724137932,0.3786036519871106,MEDIUM
1362,21,0.9500000000000002,0.9500000000000002,1,325.0,64.85714285714286,0.23217558065203484,LOW
3181,5,0.7,0.7,1,250.0,636.2,6.491836734693878,HIGH
1054,13,0.8500000000000001,1.0000000000000002,2,275.0,81.07692307692308,0.40991735537190066,LOW
3150,9,0.9000000000000001,0.9000000000000001,5,325.0,350.0,2.99145299145299,HIGH
2400,10,0.9000000000000001,0.7,3,325.0,240.0,1.6745159602302455,HIGH
3488,23,0.8,0.9000000000000001,4,250.0,151.65217391304347,1.0198830409356723,MEDIUM
1311,18,0.7,0.9500000000000002,0,325.0,72.83333333333333,0.33699633699633696,MEDIUM
1143,15,1.0000000000000002,0.7,2,275.0,76.2,0.45674325674325666,MEDIUM
2760,4,0.9500000000000002,0.9000000000000001,2,250.0,690.0,6.456140350877191,HIGH
2460,29,1.0000000000000002,0.7,2,325.0,84.82758620689656,0.40048840048840045,MEDIUM
846,9,0.75,0.9000000000000001,5,250.0,94.0,1.2533333333333332,HIGH
679,4,0.9500000000000002,0.75,3,275.0,169.75,3.465390749601275,HIGH
1176,3,0.7,0.8500000000000001,5,325.0,392.0,6.081447963800905,HIGH
2191,13,0.8,0.9000000000000001,3,300.0,168.53846153846155,1.0143518518518517,MEDIUM
1134,26,0.9500000000000002,1.0000000000000002,0,350.0,43.61538461538461,0.13117408906882586,LOW
2909,23,0.9000000000000001,0.75,1,350.0,126.47826086956522,0.5596921596921596,MEDIUM
2706,6,0.9500000000000002,0.8,4,300.0,451.0,5.934210526315788,HIGH
2935,10,0.75,0.9500000000000002,1,350.0,293.5,1.30771372876636,HIGH
2394,21,0.9500000000000002,0.8,1,300.0,114.0,0.5249999999999999,MEDIUM
848,3,0.7,0.9500000000000002,1,350.0,282.6666666666667,1.8216970998925883,HIGH
3335,12,0.8,0.75,6,250.0,277.9166666666667,3.7055555555555557,HIGH
2032,16,0.8,1.0000000000000002,4,300.0,127.0,0.7055555555555554,MEDIUM
2571,10,0.8500000000000001,0.9500000000000002,4,275.0,257.1,1.9296369265409508,HIGH
3188,17,1.0000000000000002,0.9000000000000001,4,300.0,187.52941176470588,0.9082621082621078,MEDIUM
1109,5,1.0000000000000002,0.8500000000000001,4,325.0,221.8,4.014479638009049,HIGH
1212,28,0.9500000000000002,0.8,2,300.0,43.285714285714285,0.2044534412955465,MEDIUM
2398,18,0.8,0.9500000000000002,6,275.0,133.22222222222223,0.9561403508771928,MEDIUM
1982,20,0.9500000000000002,0.8500000000000001,6,275.0,99.1,0.637529653009529,MEDIUM
2525,30,0.75,0.7,0,275.0,84.16666666666667,0.582972582972583,MEDIUM
375,23,0.8,0.75,6,300.0,16.304347826086957,0.12254901960784313,MEDIUM
3189,11,0.9000000000000001,0.7,1,250.0,289.90909090909093,2.0247619047619048,HIGH
3347,10,0.9000000000000001,0.7,0,275.0,334.7,1.9318903318903318,HIGH
2342,10,0.75,0.9000000000000001,3,325.0,234.2,1.525111925111925,HIGH
3013,7,0.8500000000000001,0.9500000000000002,0,325.0,430.42857142857144,1.6401183955363516,HIGH
1719,16,0.75,0.9000000000000001,0,325.0,107.4375,0.48974358974358967,MEDIUM
2358,30,0.8,0.8500000000000001,1,300.0,78.6,0.3985801217038539,MEDIUM
811,23,0.8500000000000001,0.9000000000000001,3,350.0,35.26086956521739,0.15144724556489256,MEDIUM
1716,10,0.7,0.8,6,300.0,171.6,2.5535714285714284,HIGH
1079,26,0.9000000000000001,0.9000000000000001,5,300.0,41.5,0.21144424848128543,MEDIUM
2086,4,0.8,0.75,1,300.0,521.5,3.862962962962963,HIGH
2411,16,0.9500000000000002,0.9000000000000001,2,300.0,150.6875,0.6714007240323027,LOW
555,7,0.9000000000000001,0.8,2,275.0,79.28571428571429,0.5606060606060606,MEDIUM
2928,23,0.8500000000000001,0.9000000000000001,4,250.0,127.30434782608695,0.8057791537667697,MEDIUM
1072,6,0.8,0.9500000000000002,5,300.0,178.66666666666666,4.701754385964911,HIGH
418,11,0.9500000000000002,0.7,1,325.0,38.0,0.19340659340659336,MEDIUM
364,30,0.7,0.9500000000000002,3,275.0,12.133333333333333,0.07371965266702107,MEDIUM
2383,18,0.8,0.8,0,275.0,132.38888888888889,0.7522095959595959,MEDIUM
1827,29,0.8500000000000001,0.8,6,350.0,63.0,0.3337595907928388,MEDIUM
808,13,1.0000000000000002,0.8500000000000001,0,275.0,62.15384615384615,0.2658988070752776,LOW
3177,15,0.9000000000000001,0.9500000000000002,3,250.0,211.8,1.2385964912280698,HIGH
2007,22,1.0000000000000002,0.7,5,325.0,91.22727272727273,0.5189398836457659,MEDIUM
2963,19,1.0000000000000002,0.75,0,325.0,155.94736842105263,0.6397840755735491,MEDIUM
1998,28,1.0000000000000002,0.7,4,275.0,71.35714285714286,0.4324675324675324,MEDIUM
1301,30,0.8,0.8,5,350.0,43.36666666666667,0.23232142857142857,MEDIUM
2743,21,0.7,0.7,5,350.0,130.61904761904762,0.9996355685131197,MEDIUM
2236,18,0.7,0.7,1,325.0,124.22222222222223,0.8259303721488597,MEDIUM
3407,25,0.7,0.8500000000000001,6,325.0,136.28,0.9272956146021162,MEDIUM
857,13,0.9000000000000001,0.9500000000000002,2,275.0,65.92307692307692,0.3313517954666279,LOW
1989,11,0.9000000000000001,1.0000000000000002,6,275.0,180.8181818181818,1.6072727272727267,HIGH
2614,15,0.7,0.8,3,300.0,174.26666666666668,1.2966269841269842,HIGH
2773,11,0.75,0.75,0,275.0,252.0909090909091,1.6296786042240587,HIGH
3486,10,0.9000000000000001,0.9000000000000001,5,275.0,348.6,3.1299663299663294,HIGH
1864,7,0.9000000000000001,0.7,1,350.0,266.2857142857143,1.4089191232048375,HIGH
3324,8,0.8500000000000001,0.9000000000000001,5,350.0,415.5,4.138188608776843,HIGH
1992,28,0.7,0.75,4,300.0,71.14285714285714,0.526984126984127,MEDIUM
729,15,0.7,0.75,0,325.0,48.6,0.2848351648351649,MEDIUM
2170,7,0.8500000000000001,0.9500000000000002,1,250.0,310.0,1.791537667698658,HIGH
1306,16,0.8,1.0000000000000002,6,300.0,81.625,0.5441666666666665,MEDIUM
3208,6,1.0000000000000002,1.0000000000000002,0,275.0,534.6666666666666,1.9442424242424232,HIGH
1078,28,0.9500000000000002,0.7,4,300.0,38.5,0.22514619883040932,MEDIUM
406,7,0.9500000000000002,0.9500000000000002,3,325.0,58.0,0.3460473044960578,MEDIUM
2480,29,0.8500000000000001,0.8500000000000001,4,325.0,85.51724137931035,0.4224647324993344,MEDIUM
3057,13,0.9000000000000001,0.9000000000000001,3,275.0,235.15384615384616,1.372390572390572,HIGH
2924,4,0.8,0.75,1,325.0,731.0,4.998290598290598,HIGH
3128,29,1.0000000000000002,0.8500000000000001,1,275.0,107.86206896551724,0.47792207792207775,LOW
3177,22,0.8,0.9000000000000001,1,325.0,144.4090909090909,0.6465201465201464,MEDIUM
2154,8,0.9500000000000002,0.8500000000000001,5,325.0,269.25,2.735889497499404,HIGH
2100,22,0.9000000000000001,0.8500000000000001,6,250.0,95.45454545454545,0.6862745098039214,MEDIUM
1264,23,0.9500000000000002,0.8500000000000001,0,300.0,54.95652173913044,0.2268587068694754,LOW
1702,6,0.8,0.8,1,250.0,283.6666666666667,2.1275,HIGH
1995,21,0.9000000000000001,0.8,2,350.0,95.0,0.4166666666666666,MEDIUM
2497,10,0.8500000000000001,0.8500000000000001,2,300.0,249.7,1.4400230680507493,HIGH
445,12,0.8500000000000001,0.9500000000000002,1,275.0,37.083333333333336,0.18217639382851875,LOW
652,12,0.9000000000000001,0.8500000000000001,2,325.0,54.333333333333336,0.262242332830568,LOW
636,10,0.7,0.8,1,300.0,63.6,0.42063492063492064,MEDIUM
2243,11,1.0000000000000002,0.9500000000000002,1,300.0,203.9090909090909,0.7870175438596488,LOW
898,30,0.8,1.0000000000000002,4,325.0,29.933333333333334,0.1328402366863905,MEDIUM
1389,23,0.75,0.75,6,275.0,60.391304347826086,0.5281996434937611,MEDIUM
312,12,0.75,0.8,6,250.0,26.0,0.3466666666666667,MEDIUM
3195,9,0.75,0.8,1,350.0,355.0,1.9017857142857142,HIGH
3201,15,0.8,0.8,2,325.0,213.4,1.183801775147929,HIGH
3070,25,0.75,0.8,5,250.0,122.8,1.0233333333333334,MEDIUM
800,4,0.8,0.9000000000000001,5,300.0,200.0,3.7037037037037033,HIGH
2852,7,0.9000000000000001,0.9000000000000001,0,275.0,407.42857142857144,1.829084495751162,HIGH
3350,5,0.9000000000000001,0.9000000000000001,5,275.0,670.0,15.039281705948369,HIGH
2709,20,0.9000000000000001,0.8500000000000001,1,250.0,135.45,0.7455108359133125,LOW
1037,3,0.8,1.0000000000000002,2,250.0,345.6666666666667,5.184999999999999,HIGH
2843,17,0.8,0.75,1,250.0,167.23529411764707,1.1845833333333333,HIGH
3224,13,0.7,0.8,6,325.0,248.0,2.530612244897959,HIGH
1438,4,0.9000000000000001,0.8500000000000001,0,350.0,359.5,1.3426704014939306,HIGH
946,12,0.9500000000000002,0.9000000000000001,3,350.0,78.83333333333333,0.35124849159936866,MEDIUM
1005,18,0.8,0.9500000000000002,3,300.0,55.833333333333336,0.29385964912280693,MEDIUM
513,8,0.7,0.7,1,275.0,64.125,0.5438642989663398,MEDIUM
1442,8,0.8500000000000001,0.75,3,250.0,180.25,1.80956862745098,HIGH
2829,26,0.8,0.9500000000000002,3,300.0,108.8076923076923,0.5394736842105262,MEDIUM
3395,26,0.7,1.0000000000000002,6,275.0,130.57692307692307,0.8818181818181816,MEDIUM
862,14,0.8,0.8500000000000001,6,275.0,61.57142857142857,0.5762032085561496,MEDIUM
2596,25,0.8,0.75,6,300.0,103.84,0.7590643274853801,MEDIUM
435,23,0.8,0.8,1,275.0,18.91304347826087,0.11234504132231406,MEDIUM
1270,24,1.0000000000000002,0.7,6,350.0,52.916666666666664,0.2879818594104308,MEDIUM
1809,21,1.0000000000000002,1.0000000000000002,1,300.0,86.14285714285714,0.3014999999999999,LOW
1162,29,0.9500000000000002,0.9000000000000001,4,325.0,40.06896551724138,0.16726945569050825,MEDIUM
2275,4,0.8500000000000001,0.9000000000000001,5,250.0,568.75,11.895424836601304,HIGH
1921,11,0.75,1.0000000000000002,2,300.0,174.63636363636363,0.9486419753086418,MEDIUM
1605,29,0.75,1.0000000000000002,5,300.0,55.3448275862069,0.29722222222222217,MEDIUM
2296,19,0.7,0.8,6,350.0,120.84210526315789,0.9010989010989011,MEDIUM
3105,19,0.8500000000000001,0.9500000000000002,0,325.0,163.42105263157896,0.6227046539902982,LOW
1668,5,0.8,0.75,2,300.0,333.6,3.088888888888889,HIGH
2276,15,0.9000000000000001,0.7,2,325.0,151.73333333333332,0.8550765473842395,MEDIUM
1003,19,0.9500000000000002,0.8500000000000001,0,250.0,52.78947368421053,0.2614958448753462,LOW
2433,29,0.7,0.7,1,250.0,83.89655172413794,0.70932944606414,MEDIUM
2111,29,0.8,0.9500000000000002,4,300.0,72.79310344827586,0.3703508771929824,MEDIUM
1105,12,0.8,0.7,6,250.0,92.08333333333333,1.3154761904761905,HIGH
2913,8,0.7,0.8500000000000001,1,300.0,364.125,2.331332533013205,HIGH
3468,17,1.0000000000000002,0.8,6,325.0,204.0,1.2125874125874123,HIGH
1783,5,0.9000000000000001,0.75,4,350.0,356.6,7.547089947089945,HIGH
1646,15,0.8,0.7,2,350.0,109.73333333333333,0.6459968602825745,MEDIUM
3216,12,0.9000000000000001,1.0000000000000002,6,350.0,268.0,1.7015873015873009,HIGH
3188,14,0.9000000000000001,0.9500000000000002,1,300.0,227.71428571428572,0.9560653771180082,MEDIUM
2929,23,1.0000000000000002,1.0000000000000002,1,325.0,127.34782608695652,0.40965034965034947,LOW
2806,9,0.7,0.8500000000000001,0,250.0,311.77777777777777,2.0959850606909427,HIGH
1901,30,0.8500000000000001,0.8,1,350.0,63.36666666666667,0.27542741234424795,MEDIUM
841,23,0.8500000000000001,0.9500000000000002,6,275.0,36.56521739130435,0.22277776857999032,MEDIUM
2353,29,0.8,0.9000000000000001,6,350.0,81.13793103448276,0.40596963423050375,MEDIUM
3028,19,0.9500000000000002,0.9500000000000002,6,300.0,159.3684210526316,0.8602883727537464,MEDIUM
1136,30,0.9000000000000001,1.0000000000000002,2,250.0,37.86666666666667,0.18031746031746024,LOW
1419,25,0.9000000000000001,0.8,3,325.0,56.76,0.27564102564102555,MEDIUM
1876,28,0.9500000000000002,0.9500000000000002,6,300.0,67.0,0.3149500545622428,MEDIUM
2051,6,0.9000000000000001,0.7,3,275.0,341.8333333333333,3.946127946127946,HIGH
2250,29,0.75,0.8,2,275.0,77.58620689655173,0.505050505050505,MEDIUM
1946,13,0.7,1.0000000000000002,4,250.0,149.69230769230768,1.2355555555555553,HIGH
519,5,0.9000000000000001,1.0000000000000002,2,250.0,103.8,0.7688888888888886,LOW
3312,9,0.75,0.8,1,300.0,368.0,2.3,HIGH
1174,5,0.9500000000000002,0.75,6,325.0,234.8,5.069905533063427,HIGH
1921,17,0.75,0.8,0,325.0,113.0,0.5794871794871795,MEDIUM
2095,11,0.9500000000000002,0.8500000000000001,0,325.0,190.45454545454547,0.7257139145684036,LOW
1079,18,0.9000000000000001,0.8,4,350.0,59.94444444444444,0.3058390022675736,MEDIUM
2610,24,0.9500000000000002,0.75,0,325.0,108.75,0.46963562753036425,MEDIUM
1304,11,1.0000000000000002,0.8500000000000001,0,350.0,118.54545454545455,0.3984721161191749,LOW
3080,3,0.8,0.75,6,250.0,1026.6666666666667,20.533333333333335,HIGH
1089,23,0.9500000000000002,0.7,4,250.0,47.34782608695652,0.34475662841313803,MEDIUM
1051,20,1.0000000000000002,0.9500000000000002,0,250.0,52.55,0.22126315789473675,LOW
1124,19,0.75,1.0000000000000002,4,350.0,59.1578947368421,0.2854603174603174,MEDIUM
414,25,0.8,0.8500000000000001,3,250.0,16.56,0.11069518716577538,MEDIUM
2998,5,0.75,0.9500000000000002,3,275.0,599.6,7.650398724082933,HIGH
2935,24,0.75,0.9500000000000002,6,300.0,122.29166666666667,0.7628330084470434,MEDIUM
681,23,0.75,0.9000000000000001,2,250.0,29.608695652173914,0.19216931216931216,MEDIUM
820,15,0.9000000000000001,0.8500000000000001,2,325.0,54.666666666666664,0.2537030591329233,LOW
694,14,1.0000000000000002,0.8500000000000001,0,325.0,49.57142857142857,0.1794440853264382,LOW
2280,16,1.0000000000000002,1.0000000000000002,2,300.0,142.5,0.5428571428571427,LOW
3343,16,0.75,0.7,5,250.0,208.9375,2.3154978354978355,HIGH
377,22,1.0000000000000002,0.9500000000000002,6,350.0,17.136363636363637,0.07086466165413531,MEDIUM
2005,26,0.9000000000000001,0.7,4,350.0,77.11538461538461,0.41331684188827045,MEDIUM
2372,10,1.0000000000000002,0.8,4,350.0,237.2,1.4119047619047616,HIGH
1704,6,0.7,0.8500000000000001,2,275.0,284.0,2.603514132925897,HIGH
3318,21,0.7,0.9000000000000001,4,325.0,158.0,0.9532428355957768,MEDIUM
2019,19,0.8,0.7,1,250.0,106.26315789473684,0.8011904761904762,MEDIUM
2883,6,0.9000000000000001,1.0000000000000002,4,250.0,480.5,6.4066666666666645,HIGH
1007,28,0.7,0.8500000000000001,0,325.0,35.964285714285715,0.18598208514174902,MEDIUM
2691,15,0.75,0.8,0,300.0,179.4,0.9966666666666667,MEDIUM
463,6,0.75,0.8500000000000001,1,275.0,77.16666666666667,0.528199643493761,MEDIUM
2612,19,1.0000000000000002,0.75,2,275.0,137.47368421052633,0.7449554367201424,MEDIUM
1657,25,1.0000000000000002,0.8,1,250.0,66.28,0.3452083333333333,MEDIUM
3104,13,0.8,0.75,4,275.0,238.76923076923077,2.0902356902356902,HIGH
1404,10,0.9000000000000001,0.9000000000000001,1,275.0,140.4,0.7003367003367001,LOW
2798,24,1.0000000000000002,0.9500000000000002,1,250.0,116.58333333333333,0.5122196796338672,LOW
1830,20,0.75,0.7,6,300.0,91.5,0.8299319727891157,MEDIUM
421,21,0.8,0.9500000000000002,3,300.0,20.047619047619047,0.10258284600389861,MEDIUM
3170,15,0.8500000000000001,0.9500000000000002,4,350.0,211.33333333333334,1.0196614530979853,MEDIUM
2084,13,1.0000000000000002,0.9500000000000002,4,250.0,160.30769230769232,0.9749707602339177,MEDIUM
460,23,0.8500000000000001,0.9000000000000001,0,250.0,20.0,0.10457516339869279,LOW
1610,10,0.8500000000000001,0.75,1,325.0,161.0,0.8634154516507455,MEDIUM
2229,16,0.9000000000000001,0.9000000000000001,3,300.0,139.3125,0.705603038936372,MEDIUM
617,24,0.7,1.0000000000000002,0,250.0,25.708333333333332,0.14690476190476187,MEDIUM
3074,27,0.8500000000000001,0.9500000000000002,0,325.0,113.85185185185185,0.4338246319670466,LOW
1073,5,0.9000000000000001,1.0000000000000002,0,250.0,214.6,0.9537777777777774,MEDIUM
890,6,1.0000000000000002,0.9000000000000001,2,325.0,148.33333333333334,0.7606837606837604,LOW
2047,25,0.7,0.9000000000000001,6,250.0,81.88,0.6840434419381787,MEDIUM
2913,30,1.0000000000000002,0.75,0,250.0,97.1,0.5178666666666665,MEDIUM
955,8,1.0000000000000002,0.9500000000000002,5,350.0,119.375,0.9573934837092728,MEDIUM
1815,24,0.7,0.9500000000000002,3,250.0,75.625,0.5198711063372716,MEDIUM
1362,4,0.8,0.9500000000000002,0,250.0,340.5,1.7921052631578944,HIGH
931,30,0.9500000000000002,0.75,4,300.0,31.033333333333335,0.16752136752136748,MEDIUM
1915,9,0.9500000000000002,0.8,4,275.0,212.77777777777777,1.8325358851674636,HIGH
314,17,0.8500000000000001,1.0000000000000002,2,325.0,18.470588235294116,0.07577677224736046,LOW
3204,6,0.8,0.9000000000000001,6,275.0,534.0,16.18181818181818,HIGH
3055,12,0.7,0.9000000000000001,2,325.0,254.58333333333334,1.492063492063492,HIGH
725,25,0.8500000000000001,0.8,4,250.0,29.0,0.20308123249299717,MEDIUM
2332,3,0.9000000000000001,0.8,0,250.0,777.3333333333334,4.318518518518518,HIGH
2934,30,0.75,0.8,1,275.0,97.8,0.613166144200627,MEDIUM
2075,22,1.0000000000000002,0.9000000000000001,3,300.0,94.31818181818181,0.4044834307992201,MEDIUM
1554,14,0.8500000000000001,1.0000000000000002,5,350.0,111.0,0.5803921568627448,MEDIUM
2673,21,0.8,0.8,3,325.0,127.28571428571429,0.7139423076923077,MEDIUM
2493,18,0.8,0.7,4,275.0,138.5,1.1563079777365493,HIGH
3481,11,0.9500000000000002,1.0000000000000002,6,350.0,316.45454545454544,2.0938345864661647,HIGH
1343,10,0.75,0.8500000000000001,0,300.0,134.3,0.7022222222222222,MEDIUM
1126,21,1.0000000000000002,1.0000000000000002,1,350.0,53.61904761904762,0.1608571428571428,LOW
850,5,0.75,0.8,3,250.0,170.0,2.8333333333333335,HIGH
739,13,0.8500000000000001,0.7,4,300.0,56.84615384615385,0.46000622471210706,MEDIUM
3086,12,0.8,0.8,2,300.0,257.1666666666667,1.6072916666666668,HIGH
2037,13,0.8,1.0000000000000002,2,325.0,156.69230769230768,0.7122377622377621,MEDIUM
2438,27,0.9000000000000001,0.8500000000000001,2,325.0,90.29629629629629,0.3922373051784815,LOW
2427,18,0.7,0.7,4,300.0,134.83333333333334,1.1793002915451896,HIGH
2938,23,0.75,0.75,3,250.0,127.73913043478261,1.0446222222222223,MEDIUM
2356,24,0.7,0.8,2,275.0,98.16666666666667,0.6953955135773318,MEDIUM
2713,26,0.8500000000000001,0.9500000000000002,6,300.0,104.34615384615384,0.5599587203302372,MEDIUM
634,19,0.7,0.7,4,275.0,33.36842105263158,0.3136672850958565,MEDIUM
2970,14,0.8500000000000001,0.8,4,275.0,212.14285714285714,1.5882352941176467,HIGH
524,6,0.75,0.7,0,300.0,87.33333333333333,0.5544973544973545,MEDIUM
2420,30,0.8,0.9000000000000001,2,350.0,80.66666666666667,0.34297052154195007,MEDIUM
1593,15,1.0000000000000002,0.9500000000000002,6,300.0,106.2,0.6210526315789471,MEDIUM
1427,20,0.8500000000000001,0.75,6,350.0,71.35,0.45682272909163657,MEDIUM
3462,10,0.8,0.9000000000000001,0,275.0,346.2,1.748484848484848,HIGH
2932,10,0.75,0.8,6,275.0,293.2,4.442424242424242,HIGH
622,16,1.0000000000000002,0.8,5,250.0,38.875,0.28272727272727266,MEDIUM
1387,21,0.9500000000000002,1.0000000000000002,4,350.0,66.04761904761905,0.24537815126050413,MEDIUM
3158,12,0.7,0.9500000000000002,5,350.0,263.1666666666667,1.9383151756943378,HIGH
282,14,0.9500000000000002,0.8500000000000001,5,325.0,20.142857142857142,0.11939350639041038,MEDIUM
648,16,1.0000000000000002,0.9500000000000002,1,275.0,40.5,0.1653588516746411,LOW
1609,11,0.75,1.0000000000000002,4,325.0,146.27272727272728,0.9430036630036628,MEDIUM
1131,27,0.75,0.7,5,250.0,41.888888888888886,0.39168831168831164,MEDIUM
2870,10,0.9500000000000002,0.9500000000000002,5,325.0,287.0,1.9569571702535684,HIGH
848,15,0.9500000000000002,0.8500000000000001,1,275.0,56.53333333333333,0.27276748019782066,LOW
1660,3,0.9000000000000001,1.0000000000000002,3,300.0,553.3333333333334,6.148148148148145,HIGH
3493,3,0.8,0.9000000000000001,5,325.0,1164.3333333333333,14.927350427350426,HIGH
2424,23,0.9000000000000001,0.8,5,275.0,105.3913043478261,0.68013468013468,MEDIUM
1819,29,0.9500000000000002,0.75,1,300.0,62.724137931034484,0.3039264828738512,MEDIUM
1722,7,0.8,1.0000000000000002,5,275.0,246.0,3.9136363636363627,HIGH
506,5,0.7,0.8500000000000001,4,325.0,101.2,2.616677440206852,HIGH
1932,29,1.0000000000000002,0.8,5,250.0,66.62068965517241,0.40249999999999986,MEDIUM
3259,24,0.75,0.8,0,275.0,135.79166666666666,0.8229797979797979,MEDIUM
758,13,0.8500000000000001,0.8500000000000001,4,325.0,58.30769230769231,0.35867861473397794,MEDIUM
2706,22,0.7,1.0000000000000002,6,325.0,123.0,0.7434065934065933,MEDIUM
1174,18,0.9000000000000001,0.7,1,325.0,65.22222222222223,0.3372836314012784,MEDIUM
1779,16,0.7,0.8,1,275.0,111.1875,0.7701298701298701,MEDIUM
2605,22,0.9000000000000001,0.75,1,250.0,118.4090909090909,0.7350970017636683,MEDIUM
3057,9,0.7,1.0000000000000002,5,350.0,339.6666666666667,3.1193877551020406,HIGH
2133,19,0.8,0.7,1,325.0,112.26315789473684,0.6510989010989011,MEDIUM
489,17,0.75,1.0000000000000002,6,250.0,28.764705882352942,0.23709090909090905,MEDIUM
1411,20,0.9000000000000001,0.7,2,250.0,70.55,0.49770723104056436,MEDIUM
1477,19,0.9500000000000002,0.9000000000000001,2,300.0,77.73684210526316,0.3387226235523447,LOW
1295,30,0.9000000000000001,1.0000000000000002,3,250.0,43.166666666666664,0.2131687242798353,MEDIUM
831,24,0.7,0.7,3,275.0,34.625,0.29366551815531405,MEDIUM
1267,16,0.8500000000000001,0.8,6,325.0,79.1875,0.5733031674208143,MEDIUM
3313,9,0.9000000000000001,0.8,1,250.0,368.1111111111111,2.300694444444444,HIGH
1742,25,0.9500000000000002,0.7,2,300.0,69.68,0.3796447640841233,MEDIUM
835,21,1.0000000000000002,1.0000000000000002,4,300.0,39.76190476190476,0.16372549019607838,MEDIUM
957,8,1.0000000000000002,1.0000000000000002,5,275.0,119.625,1.1599999999999995,HIGH
457,11,0.75,0.7,3,250.0,41.54545454545455,0.43523809523809526,MEDIUM
1774,21,1.0000000000000002,0.75,0,350.0,84.47619047619048,0.32181405895691606,MEDIUM
2936,6,0.9000000000000001,0.9500000000000002,4,275.0,489.3333333333333,6.2434875066454,HIGH
2569,12,0.7,0.9000000000000001,2,350.0,214.08333333333334,1.165079365079365,HIGH
671,11,0.8,0.75,0,300.0,61.0,0.3388888888888889,MEDIUM
3278,3,0.8500000000000001,0.9500000000000002,5,350.0,1092.6666666666667,11.598407784166293,HIGH
3465,17,0.9500000000000002,0.9500000000000002,5,275.0,203.8235294117647,1.163434903047091,HIGH
2707,20,1.0000000000000002,0.9500000000000002,5,350.0,135.35,0.5427568922305762,MEDIUM
2904,29,0.75,0.9000000000000001,1,275.0,100.13793103448276,0.5587301587301586,MEDIUM
1633,23,1.0000000000000002,0.9500000000000002,2,325.0,71.0,0.2518604202814728,LOW
2367,28,0.8500000000000001,0.9500000000000002,0,325.0,84.53571428571429,0.32211751097200003,LOW
821,16,0.8,0.8500000000000001,2,300.0,51.3125,0.28746498599439774,MEDIUM
1678,9,0.8,0.7,3,350.0,186.44444444444446,1.42687074829932,HIGH
862,9,0.75,0.8,4,275.0,95.77777777777777,1.044848484848485,MEDIUM
2457,27,0.8500000000000001,0.8500000000000001,2,350.0,91.0,0.38865051903114173,LOW
1376,29,0.7,0.7,4,275.0,47.44827586206897,0.4084601113172542,MEDIUM
583,27,0.9500000000000002,0.75,1,300.0,21.59259259259259,0.10490328385065224,MEDIUM
258,6,0.8,0.75,5,350.0,43.0,1.2285714285714286,HIGH
1419,21,0.8,0.7,0,300.0,67.57142857142857,0.40221088435374147,MEDIUM
2835,27,0.8,0.8,4,250.0,105.0,0.7703804347826086,MEDIUM
1422,25,0.75,0.8500000000000001,1,250.0,56.88,0.3717647058823529,MEDIUM
1445,28,0.9500000000000002,0.7,6,325.0,51.607142857142854,0.30390661969609334,MEDIUM
2695,19,0.8500000000000001,0.8,0,350.0,141.8421052631579,0.5959752321981423,MEDIUM
3203,11,0.8500000000000001,1.0000000000000002,0,300.0,291.1818181818182,1.1418894830659534,HIGH
2443,30,1.0000000000000002,1.0000000000000002,3,350.0,81.43333333333334,0.2585185185185184,MEDIUM
3007,10,0.8,0.7,0,300.0,300.7,1.7898809523809522,HIGH
3149,8,0.8500000000000001,0.8500000000000001,0,350.0,393.625,1.5565991102323278,HIGH
2845,9,0.8500000000000001,0.75,0,350.0,316.1111111111111,1.4167444755680045,HIGH
1766,4,1.0000000000000002,0.8,2,275.0,441.5,4.013636363636363,HIGH
2005,17,1.0000000000000002,0.75,3,275.0,117.94117647058823,0.6943722943722942,MEDIUM
979,14,0.7,0.7,4,350.0,69.92857142857143,0.5708454810495628,MEDIUM
344,10,1.0000000000000002,0.9500000000000002,5,350.0,34.4,0.20691729323308264,MEDIUM
1032,23,0.9500000000000002,0.8500000000000001,1,300.0,44.869565217391305,0.19363917815930193,LOW
1654,27,0.8500000000000001,0.9500000000000002,6,275.0,61.25925925925926,0.35468350019433603,MEDIUM
733,16,0.8,0.7,5,300.0,45.8125,0.3966450216450217,MEDIUM
2757,15,0.9000000000000001,0.8,6,250.0,183.8,1.7018518518518515,HIGH
406,17,0.8500000000000001,0.8,4,250.0,23.88235294117647,0.18371040723981896,MEDIUM
3092,11,0.75,0.8500000000000001,0,250.0,281.09090909090907,1.763707664884135,HIGH
2289,25,0.9000000000000001,1.0000000000000002,2,350.0,91.56,0.3159420289855071,LOW
3339,13,0.75,0.8500000000000001,0,350.0,256.84615384615387,1.151131221719457,HIGH
2095,28,0.9500000000000002,0.9000000000000001,0,350.0,74.82142857142857,0.2500298364960018,LOW
3454,27,1.0000000000000002,0.9000000000000001,3,250.0,127.92592592592592,0.6396296296296293,MEDIUM
2189,24,0.9000000000000001,0.7,0,325.0,91.20833333333333,0.4454619454619454,MEDIUM
3307,30,0.8500000000000001,0.8,5,250.0,110.23333333333333,0.7781176470588234,MEDIUM
1678,21,0.8,0.7,3,350.0,79.9047619047619,0.47562358276643996,MEDIUM
2530,14,0.75,0.7,5,275.0,180.71428571428572,1.947089947089947,HIGH
1082,10,0.75,0.8500000000000001,0,275.0,108.2,0.6171836007130124,MEDIUM
299,28,0.75,1.0000000000000002,3,275.0,10.678571428571429,0.057987878787878776,MEDIUM
1669,23,0.7,0.9000000000000001,0,250.0,72.56521739130434,0.46073153899240843,MEDIUM
1653,21,1.0000000000000002,0.9000000000000001,4,300.0,78.71428571428571,0.3601307189542482,MEDIUM
1935,9,0.9500000000000002,0.9500000000000002,2,250.0,215.0,1.2251681836169366,HIGH
347,14,0.7,0.75,5,325.0,24.785714285714285,0.225966625966626,MEDIUM
2192,23,0.9000000000000001,0.8500000000000001,0,325.0,95.30434782608695,0.383325682558419,LOW
2087,10,0.7,0.8500000000000001,1,300.0,208.7,1.2990974167444753,HIGH
2776,14,0.75,0.9000000000000001,2,250.0,198.28571428571428,1.370864197530864,HIGH
2321,30,0.8500000000000001,0.75,0,350.0,77.36666666666666,0.3467413632119513,MEDIUM
3116,4,0.7,0.7,1,325.0,779.0,6.5222396650968095,HIGH
3499,4,0.9500000000000002,0.75,4,300.0,874.75,16.36959064327485,HIGH
1259,26,0.7,0.7,6,250.0,48.42307692307692,0.5138775510204082,MEDIUM
2300,29,0.9000000000000001,0.8,6,250.0,79.3103448275862,0.5555555555555555,MEDIUM
283,13,0.75,0.75,4,350.0,21.76923076923077,0.15971781305114638,MEDIUM
1910,8,0.8,0.9500000000000002,0,325.0,238.75,0.9665991902834006,MEDIUM
1081,7,0.8500000000000001,0.7,6,275.0,154.42857142857142,6.606569900687548,HIGH
2771,14,0.9500000000000002,0.9000000000000001,3,250.0,197.92857142857142,1.1785220627325885,HIGH
534,13,0.9500000000000002,0.8500000000000001,5,300.0,41.07692307692308,0.2755417956656346,MEDIUM
1120,22,0.75,0.8500000000000001,6,300.0,50.90909090909091,0.36601307189542476,MEDIUM
1973,23,0.9500000000000002,0.9500000000000002,0,350.0,85.78260869565217,0.27157137695497313,LOW
1920,26,0.9000000000000001,0.8500000000000001,2,250.0,73.84615384615384,0.41830065359477114,LOW
933,11,0.75,0.9000000000000001,0,275.0,84.81818181818181,0.456932966023875,MEDIUM
2581,14,0.9500000000000002,0.9500000000000002,0,250.0,184.35714285714286,0.8170953700039569,LOW
2671,26,1.0000000000000002,0.9500000000000002,0,275.0,102.73076923076923,0.393227824806772,LOW
1440,7,0.75,0.8,2,250.0,205.71428571428572,1.92,HIGH
1670,18,0.9500000000000002,1.0000000000000002,1,250.0,92.77777777777777,0.41362229102167164,LOW
1524,9,0.9500000000000002,0.8,6,275.0,169.33333333333334,2.4306220095693774,HIGH
2906,24,0.8500000000000001,0.7,6,300.0,121.08333333333333,0.9044506691565516,MEDIUM
798,29,0.8500000000000001,0.75,2,275.0,27.517241379310345,0.16858783917607445,MEDIUM
2246,13,0.8,0.9500000000000002,2,325.0,172.76923076923077,0.8266470371733528,MEDIUM
1586,23,0.7,1.0000000000000002,3,250.0,68.95652173913044,0.45314285714285707,MEDIUM
808,13,1.0000000000000002,0.8500000000000001,5,275.0,62.15384615384615,0.432085561497326,MEDIUM
626,30,0.8,0.7,3,325.0,20.866666666666667,0.1273911273911274,MEDIUM
3326,18,0.75,0.75,4,250.0,184.77777777777777,1.6893968253968255,HIGH
632,23,0.8,0.8500000000000001,0,325.0,27.47826086956522,0.12433602203423175,MEDIUM
1913,18,0.7,0.8500000000000001,2,300.0,106.27777777777777,0.6698179271708682,MEDIUM
1750,3,0.7,0.8,2,325.0,583.3333333333334,9.615384615384615,HIGH
1541,29,0.7,0.9500000000000002,2,350.0,53.13793103448276,0.24521621514102715,MEDIUM
2914,8,0.75,0.8,5,350.0,364.25,4.625396825396826,HIGH
470,6,0.8500000000000001,0.9500000000000002,0,275.0,78.33333333333333,0.3527535416080307,LOW
358,12,1.0000000000000002,0.9000000000000001,3,325.0,29.833333333333332,0.13599240265906928,MEDIUM
1894,20,0.9500000000000002,0.9500000000000002,6,325.0,94.7,0.46123405680192364,MEDIUM
2837,26,0.8,1.0000000000000002,5,300.0,109.11538461538461,0.5628968253968253,MEDIUM
1900,16,1.0000000000000002,0.8,0,250.0,118.75,0.5937499999999998,MEDIUM
765,3,1.0000000000000002,0.9000000000000001,5,350.0,255.0,2.4285714285714275,HIGH
420,12,0.9000000000000001,0.8,2,300.0,35.0,0.1944444444444444,MEDIUM
295,21,0.8,0.8500000000000001,5,275.0,14.047619047619047,0.09859625668449197,MEDIUM
256,4,0.9000000000000001,0.9500000000000002,6,250.0,64.0,1.1976608187134499,HIGH
1844,21,0.9500000000000002,0.7,0,250.0,87.80952380952381,0.5281775868242032,MEDIUM
2860,29,0.8500000000000001,1.0000000000000002,6,275.0,98.62068965517241,0.5319693094629154,MEDIUM
3207,14,0.7,0.75,4,300.0,229.07142857142858,2.0361904761904763,HIGH
598,4,0.8,0.9500000000000002,4,325.0,149.5,2.421052631578947,HIGH
3364,3,0.8,0.8500000000000001,3,350.0,1121.3333333333333,14.134453781512603,HIGH
2563,3,0.9500000000000002,0.8,3,275.0,854.3333333333334,12.263157894736839,HIGH
3242,30,0.8500000000000001,0.8,3,275.0,108.06666666666666,0.6421073479897008,MEDIUM
2669,21,0.7,0.9000000000000001,3,325.0,127.0952380952381,0.7241893908560575,MEDIUM
395,22,0.9500000000000002,0.7,5,275.0,17.954545454545453,0.1270556069317679,MEDIUM
2211,29,0.7,0.75,4,300.0,76.24137931034483,0.5615238095238095,MEDIUM
1424,28,0.8,1.0000000000000002,4,350.0,50.857142857142854,0.21190476190476187,MEDIUM
2149,29,1.0000000000000002,1.0000000000000002,2,275.0,74.10344827586206,0.2894276094276093,LOW
3087,21,0.8500000000000001,0.8500000000000001,5,300.0,147.0,0.8901384083044981,MEDIUM
398,3,0.75,1.0000000000000002,0,350.0,132.66666666666666,0.5053968253968253,MEDIUM
1410,10,0.9000000000000001,0.7,3,300.0,141.0,1.0657596371882083,MEDIUM
3495,28,0.7,0.7,1,300.0,124.82142857142857,0.8805744520030235,MEDIUM
1617,12,0.9500000000000002,0.8,2,350.0,134.75,0.607894736842105,MEDIUM
839,14,0.8,0.75,6,275.0,59.92857142857143,0.6356060606060606,MEDIUM
782,19,0.9500000000000002,0.9000000000000001,4,250.0,41.1578947368421,0.24389863547758275,MEDIUM
2748,15,0.75,0.9500000000000002,2,325.0,183.2,0.9128620367486762,MEDIUM
2873,5,0.8500000000000001,0.8,0,350.0,574.6,2.4142857142857137,HIGH
2756,21,1.0000000000000002,0.9000000000000001,1,275.0,131.23809523809524,0.5567676767676766,LOW
389,22,0.8,0.9000000000000001,5,300.0,17.681818181818183,0.10593681917211328,MEDIUM
2264,30,0.75,0.75,0,275.0,75.46666666666667,0.4878653198653199,MEDIUM
3300,23,0.9500000000000002,0.9000000000000001,0,250.0,143.47826086956522,0.671243325705568,LOW
1484,17,0.75,0.7,3,325.0,87.29411764705883,0.6212454212454213,MEDIUM
1753,6,0.8500000000000001,0.75,0,300.0,292.1666666666667,1.527668845315904,HIGH
680,15,0.9500000000000002,0.75,4,275.0,45.333333333333336,0.31549949253298526,MEDIUM
1528,12,0.9000000000000001,0.9500000000000002,6,325.0,127.33333333333333,0.9164792322687055,MEDIUM
805,7,0.9000000000000001,0.75,1,275.0,115.0,0.7227833894500559,MEDIUM
1803,4,0.75,0.8,5,350.0,450.75,8.585714285714285,HIGH
1749,5,0.8500000000000001,0.7,1,325.0,349.8,2.26115061409179,HIGH
1828,21,0.8,1.0000000000000002,5,250.0,87.04761904761905,0.5712499999999998,MEDIUM
1913,28,1.0000000000000002,0.7,6,350.0,68.32142857142857,0.35491651205936914,MEDIUM
3256,9,0.8,0.8500000000000001,0,325.0,361.77777777777777,1.6370035193564603,HIGH
3213,29,0.9000000000000001,0.9500000000000002,3,275.0,110.79310344827586,0.5255796834744202,MEDIUM
952,16,1.0000000000000002,0.75,5,250.0,59.5,0.4615757575757574,MEDIUM
2705,22,0.8500000000000001,0.9000000000000001,2,325.0,122.95454545454545,0.5439919557566615,LOW
1955,8,0.9000000000000001,0.9500000000000002,4,250.0,244.375,2.2865497076023384,HIGH
3196,28,0.8500000000000001,1.0000000000000002,0,300.0,114.14285714285714,0.44761904761904747,LOW
1531,19,0.8500000000000001,0.75,2,300.0,80.57894736842105,0.47089580930411373,MEDIUM
1002,22,0.8,0.8,2,300.0,45.54545454545455,0.2609375,MEDIUM
3285,25,0.9500000000000002,1.0000000000000002,6,250.0,131.4,0.7279778393351797,MEDIUM
2896,11,0.9000000000000001,0.9000000000000001,6,300.0,263.27272727272725,2.3835390946502053,HIGH
3337,29,1.0000000000000002,0.75,5,325.0,115.06896551724138,0.5704273504273503,MEDIUM
831,26,0.7,0.8,1,325.0,31.96153846153846,0.18263736263736266,MEDIUM
776,10,0.9500000000000002,0.7,0,275.0,77.6,0.42433356117566634,MEDIUM
1335,7,0.75,1.0000000000000002,1,275.0,190.71428571428572,1.0787878787878784,MEDIUM
2900,28,0.8,0.9000000000000001,5,350.0,103.57142857142857,0.5003450655624568,MEDIUM
695,22,1.0000000000000002,0.8500000000000001,6,275.0,31.59090909090909,0.18582887700534753,MEDIUM
2189,7,0.9000000000000001,0.9000000000000001,0,250.0,312.7142857142857,1.5442680776014106,HIGH
1009,5,1.0000000000000002,0.9000000000000001,1,325.0,201.8,0.8623931623931621,MEDIUM
1961,10,1.0000000000000002,0.8500000000000001,3,300.0,196.1,1.09859943977591,MEDIUM
2461,6,0.7,0.9500000000000002,5,350.0,410.1666666666667,10.573576799140708,HIGH
897,5,0.8,0.75,4,250.0,179.4,5.98,HIGH
1118,13,1.0000000000000002,0.9000000000000001,2,300.0,86.0,0.3764309764309763,LOW
3292,18,0.8,0.9500000000000002,2,275.0,182.88888888888889,0.9844497607655501,MEDIUM
3374,21,0.9500000000000002,0.7,3,275.0,160.66666666666666,1.0249867091972353,MEDIUM
2730,29,0.8500000000000001,1.0000000000000002,1,300.0,94.13793103448276,0.38235294117647045,LOW
1172,19,0.7,1.0000000000000002,6,275.0,61.68421052631579,0.4683316683316682,MEDIUM
1126,26,0.75,1.0000000000000002,5,250.0,43.30769230769231,0.2859682539682539,MEDIUM
827,25,0.75,1.0000000000000002,5,300.0,33.08,0.18377777777777773,MEDIUM
2078,27,1.0000000000000002,0.8500000000000001,2,275.0,76.96296296296296,0.35559358288770043,LOW
514,24,0.8,0.9000000000000001,6,325.0,21.416666666666668,0.12203228869895535,MEDIUM
1335,16,0.7,1.0000000000000002,5,250.0,83.4375,0.6935064935064934,MEDIUM
309,3,0.8500000000000001,1.0000000000000002,3,325.0,103.0,1.1185520361990946,HIGH
541,14,0.8,0.8,5,325.0,38.642857142857146,0.2889957264957265,MEDIUM
2072,4,0.9500000000000002,0.9000000000000001,6,300.0,518.0,8.077972709551654,HIGH
627,10,1.0000000000000002,0.8,0,300.0,62.7,0.2612499999999999,MEDIUM
2433,8,0.9500000000000002,0.9000000000000001,2,275.0,304.125,1.7246145667198292,HIGH
1937,14,0.8500000000000001,0.8500000000000001,0,275.0,138.35714285714286,0.6963555475666201,LOW
1227,5,0.75,0.9500000000000002,3,250.0,245.4,3.4442105263157887,HIGH
436,18,0.9500000000000002,0.75,5,350.0,24.22222222222222,0.13449007133217658,MEDIUM
3062,4,0.8,0.8500000000000001,2,300.0,765.5,7.504901960784313,HIGH
1471,29,0.75,0.8500000000000001,6,250.0,50.724137931034484,0.4012958226768968,MEDIUM
3347,4,0.8,0.75,4,275.0,836.75,20.284848484848485,HIGH
1580,29,0.8500000000000001,0.8,2,325.0,54.48275862068966,0.26478967655438235,MEDIUM
3210,4,0.8,0.9500000000000002,0,275.0,802.5,3.8397129186602865,HIGH
2895,24,1.0000000000000002,1.0000000000000002,6,300.0,120.625,0.536111111111111,MEDIUM
2345,25,0.75,0.75,4,250.0,93.8,0.7940740740740742,MEDIUM
1173,24,0.7,0.75,1,250.0,48.875,0.38857142857142857,MEDIUM
2427,3,0.9500000000000002,0.8500000000000001,2,250.0,809.0,12.022291021671823,HIGH
1437,5,0.75,0.8,4,250.0,287.4,9.58,HIGH
570,24,0.9000000000000001,0.75,1,275.0,23.75,0.13350900307422045,MEDIUM
979,5,0.9000000000000001,1.0000000000000002,2,325.0,195.8,1.115669515669515,HIGH
1717,5,0.9500000000000002,0.75,0,350.0,343.4,1.3770426065162904,HIGH
826,10,0.7,0.7,1,300.0,82.6,0.6243386243386243,MEDIUM
640,8,0.7,0.75,1,325.0,80.0,0.5358451072736788,MEDIUM
3479,22,0.75,0.9000000000000001,4,350.0,158.13636363636363,0.8181069958847735,MEDIUM
2289,3,0.8500000000000001,0.9500000000000002,1,350.0,763.0,4.049535603715169,HIGH
303,7,0.8500000000000001,0.9500000000000002,6,325.0,43.285714285714285,1.1545606096689682,HIGH
312,4,0.9500000000000002,0.8500000000000001,4,300.0,78.0,1.2879256965944268,HIGH
1117,29,0.75,0.8500000000000001,5,350.0,38.51724137931034,0.20859010270774972,MEDIUM
1008,10,0.9500000000000002,0.9000000000000001,5,325.0,100.8,0.7255060728744936,MEDIUM
984,29,0.8,0.9500000000000002,4,325.0,33.93103448275862,0.15935222672064772,MEDIUM
2078,17,0.7,0.9000000000000001,4,275.0,122.23529411764706,0.9226329226329224,MEDIUM
2984,17,0.8500000000000001,0.75,0,300.0,175.52941176470588,0.9178008458285274,MEDIUM
2611,14,0.9500000000000002,0.8,2,275.0,186.5,1.0410685805422646,MEDIUM
840,13,0.8,0.9000000000000001,0,300.0,64.61538461538461,0.2991452991452991,MEDIUM
2300,9,0.9000000000000001,0.8500000000000001,1,300.0,255.55555555555554,1.2527233115468406,HIGH
674,4,0.9500000000000002,0.7,1,250.0,168.5,1.351378446115288,HIGH
3131,3,0.8,0.8,0,300.0,1043.6666666666667,5.435763888888889,HIGH
1069,22,1.0000000000000002,0.8500000000000001,6,300.0,48.59090909090909,0.26200980392156853,MEDIUM
1099,16,1.0000000000000002,1.0000000000000002,2,250.0,68.6875,0.31399999999999983,LOW
949,5,0.7,0.9000000000000001,1,350.0,189.8,1.0759637188208617,MEDIUM
2641,18,0.75,1.0000000000000002,3,300.0,146.72222222222223,0.7825185185185183,MEDIUM
584,21,0.9000000000000001,0.7,2,300.0,27.80952380952381,0.16262879420774154,MEDIUM
1166,23,0.8500000000000001,0.8500000000000001,6,325.0,50.69565217391305,0.292097887864222,MEDIUM
2426,29,0.9500000000000002,0.8,4,275.0,83.65517241379311,0.46430622009569367,MEDIUM
2341,7,0.9500000000000002,0.9500000000000002,2,275.0,334.42857142857144,1.886476957945101,HIGH
1218,12,0.75,0.8,3,325.0,101.5,0.6940170940170941,MEDIUM
3457,29,0.7,0.9000000000000001,5,350.0,119.20689655172414,0.6532501889644746,MEDIUM
3434,22,0.8500000000000001,0.7,1,325.0,156.0909090909091,0.845630559916274,MEDIUM
3399,17,0.8,0.75,5,350.0,199.94117647058823,1.348809523809524,HIGH
1435,21,0.8500000000000001,0.8500000000000001,1,300.0,68.33333333333333,0.3310265282583621,LOW
1908,14,0.9500000000000002,0.9500000000000002,2,350.0,136.28571428571428,0.5033636723387415,LOW
1298,12,0.8500000000000001,0.9000000000000001,1,300.0,108.16666666666667,0.5141612200435729,LOW
2368,7,0.7,1.0000000000000002,5,275.0,338.2857142857143,6.150649350649349,HIGH
2895,26,0.8,0.75,0,250.0,111.34615384615384,0.7423076923076922,MEDIUM
1516,28,0.9000000000000001,0.7,6,275.0,54.142857142857146,0.39774367047094317,MEDIUM
1601,3,0.9500000000000002,0.7,5,350.0,533.6666666666666,6.878625134264231,HIGH
2504,10,0.9000000000000001,0.8,3,300.0,250.4,1.6560846560846556,HIGH
1773,10,0.75,0.8,1,350.0,177.3,0.9380952380952381,MEDIUM
665,24,0.9000000000000001,1.0000000000000002,4,350.0,27.708333333333332,0.10555555555555551,MEDIUM
1986,6,0.9000000000000001,0.75,2,350.0,331.0,2.1015873015873012,HIGH
2180,6,0.8,1.0000000000000002,1,325.0,363.3333333333333,1.6769230769230765,HIGH
2001,7,0.8,0.75,2,275.0,285.85714285714283,2.4254545454545453,HIGH
991,7,1.0000000000000002,1.0000000000000002,2,300.0,141.57142857142858,0.6606666666666664,LOW
490,24,0.9000000000000001,0.75,2,300.0,20.416666666666668,0.1099887766554433,MEDIUM
2741,9,0.75,0.7,3,300.0,304.55555555555554,2.9005291005291003,HIGH
2108,5,1.0000000000000002,1.0000000000000002,0,325.0,421.6,1.2972307692307687,HIGH
2002,28,1.0000000000000002,0.9000000000000001,2,350.0,71.5,0.24444444444444435,LOW
1816,15,1.0000000000000002,0.9000000000000001,4,325.0,121.06666666666666,0.5644133644133642,MEDIUM
2407,15,0.75,0.8,5,250.0,160.46666666666667,1.6046666666666667,HIGH
1603,13,0.9500000000000002,0.9500000000000002,3,350.0,123.3076923076923,0.5074792243767312,MEDIUM
2969,8,1.0000000000000002,0.9000000000000001,4,275.0,371.125,2.998989898989898,HIGH
2724,7,0.9500000000000002,0.8500000000000001,5,250.0,389.14285714285717,6.74674922600619,HIGH
695,28,0.7,0.8500000000000001,2,325.0,24.821428571428573,0.13823280791606582,MEDIUM
669,20,0.9500000000000002,0.75,4,350.0,33.45,0.1676691729323308,MEDIUM
704,22,0.9000000000000001,1.0000000000000002,5,325.0,32.0,0.14157868275515328,MEDIUM
1091,17,0.9000000000000001,0.7,3,275.0,64.17647058823529,0.4498041640898784,MEDIUM
1187,5,1.0000000000000002,0.8500000000000001,4,275.0,237.4,5.078074866310159,HIGH
2487,22,0.9500000000000002,1.0000000000000002,5,350.0,113.04545454545455,0.4399823087129587,MEDIUM
2489,23,0.9000000000000001,1.0000000000000002,0,250.0,108.21739130434783,0.4809661835748791,LOW
735,29,0.9000000000000001,0.75,6,275.0,25.344827586206897,0.1721563460693895,MEDIUM
1731,28,0.9500000000000002,0.75,0,350.0,61.82142857142857,0.2479054779806659,MEDIUM
1372,7,0.8,0.75,5,350.0,196.0,3.2666666666666666,HIGH
2669,11,0.8500000000000001,0.75,1,275.0,242.63636363636363,1.522424242424242,HIGH
1095,5,1.0000000000000002,0.9500000000000002,3,325.0,219.0,1.77327935222672,HIGH
3148,19,0.9500000000000002,0.8500000000000001,1,300.0,165.68421052631578,0.7219355578488703,LOW
2914,23,0.75,0.7,6,250.0,126.69565217391305,1.3059943977591035,HIGH
1807,20,0.7,0.8500000000000001,5,325.0,90.35,0.62296918767507,MEDIUM
399,16,0.8500000000000001,0.8,2,275.0,24.9375,0.15240641711229944,MEDIUM
849,13,1.0000000000000002,0.9500000000000002,5,325.0,65.3076923076923,0.3437246963562752,MEDIUM
1841,30,0.8500000000000001,0.8500000000000001,6,325.0,61.36666666666667,0.3266790879247625,MEDIUM
3119,14,0.9000000000000001,0.8,1,250.0,222.78571428571428,1.3329059829059828,HIGH
3493,10,1.0000000000000002,0.8500000000000001,2,300.0,349.3,1.7122549019607838,HIGH
1493,18,0.8,0.9500000000000002,5,350.0,82.94444444444444,0.4317524580682474,MEDIUM
2865,13,0.9000000000000001,0.7,5,350.0,220.3846153846154,1.6241496598639453,HIGH
2814,17,0.9500000000000002,0.75,6,350.0,165.52941176470588,1.0258373205741624,MEDIUM
3155,25,0.9000000000000001,0.8500000000000001,1,300.0,126.2,0.5728031953522148,LOW
2161,24,0.9500000000000002,0.8500000000000001,4,275.0,90.04166666666667,0.4865747255840133,MEDIUM
395,14,0.7,0.9500000000000002,0,250.0,28.214285714285715,0.1697099892588614,MEDIUM
1936,14,0.9000000000000001,0.75,0,350.0,138.28571428571428,0.585336356764928,MEDIUM
2313,8,0.75,1.0000000000000002,1,325.0,289.125,1.3556043956043953,HIGH
679,9,0.9500000000000002,0.9000000000000001,2,300.0,75.44444444444444,0.3781676413255359,LOW
2645,22,0.75,0.8500000000000001,4,275.0,120.22727272727273,0.8381857793622499,MEDIUM
2921,19,0.9000000000000001,0.8,2,275.0,153.73684210526315,0.8677956030897206,MEDIUM
1741,5,0.8500000000000001,0.8,6,325.0,348.2,7.87782805429864,HIGH
3064,18,0.8,0.8,1,275.0,170.22222222222223,1.0240641711229947,MEDIUM
1759,26,0.7,0.8,5,325.0,67.65384615384616,0.46023024594453166,MEDIUM
570,6,1.0000000000000002,0.7,4,300.0,95.0,1.357142857142857,HIGH
2952,9,0.8,0.9000000000000001,2,300.0,328.0,1.952380952380952,HIGH
262,30,1.0000000000000002,0.75,2,275.0,8.733333333333333,0.045367965367965356,MEDIUM
732,25,0.8500000000000001,0.8,6,325.0,29.28,0.1743272207668492,MEDIUM
2905,19,0.9500000000000002,0.7,5,275.0,152.89473684210526,1.134654818865345,HIGH
2370,7,0.8500000000000001,0.8,1,325.0,338.57142857142856,1.787330316742081,HIGH
1346,8,0.8,0.7,1,250.0,168.25,1.373469387755102,HIGH
3113,8,0.9500000000000002,1.0000000000000002,3,275.0,389.125,2.3831578947368413,HIGH
1678,29,0.9000000000000001,0.75,4,300.0,57.86206896551724,0.33145679012345675,MEDIUM
2908,6,0.8500000000000001,0.8500000000000001,0,300.0,484.6666666666667,2.2360630526720486,HIGH
2475,17,0.75,0.8500000000000001,4,350.0,145.58823529411765,0.8532643826761472,MEDIUM
2970,5,0.8500000000000001,0.7,1,325.0,594.0,3.8396897220426625,HIGH
1308,19,0.8,0.9500000000000002,5,275.0,68.84210526315789,0.44702665755297327,MEDIUM
3230,29,0.75,0.9500000000000002,5,275.0,111.37931034482759,0.6868686868686869,MEDIUM
1796,22,0.8500000000000001,0.9500000000000002,6,250.0,81.63636363636364,0.5560371517027862,MEDIUM
3027,15,0.75,0.9000000000000001,3,350.0,201.8,1.0677248677248676,MEDIUM
3112,4,0.9000000000000001,0.7,0,250.0,778.0,4.93968253968254,HIGH
1326,27,0.9500000000000002,0.9000000000000001,1,300.0,49.111111111111114,0.19883040935672505,LOW
2891,25,1.0000000000000002,0.8,6,300.0,115.64,0.6339912280701753,MEDIUM
1301,23,0.9500000000000002,0.9000000000000001,2,300.0,56.56521739130435,0.24152975030168,LOW
2959,8,0.8500000000000001,0.7,1,300.0,369.875,2.3681472589035613,HIGH
2251,6,0.9500000000000002,0.8500000000000001,1,300.0,375.1666666666667,1.8584107327141375,HIGH
2977,14,0.8,0.9000000000000001,1,275.0,212.64285714285714,1.1565656565656564,HIGH
3313,16,1.0000000000000002,0.8,1,275.0,207.0625,1.0039393939393937,MEDIUM
2099,27,0.7,0.8500000000000001,6,350.0,77.74074074074075,0.47996341393700337,MEDIUM
2782,15,0.7,0.75,1,325.0,185.46666666666667,1.1646258503401363,HIGH
780,16,0.8,0.7,0,275.0,48.75,0.31655844155844154,MEDIUM
993,5,0.8500000000000001,0.9500000000000002,3,300.0,198.6,2.0495356037151695,HIGH
2606,29,0.8,0.8,5,250.0,89.86206896551724,0.6786458333333333,MEDIUM
1536,11,1.0000000000000002,0.9500000000000002,4,250.0,139.63636363636363,0.9239097744360898,MEDIUM
1545,24,0.7,0.8,5,275.0,64.375,0.5280246069719754,MEDIUM
3428,29,0.8,0.75,6,275.0,118.20689655172414,0.9032938076416337,MEDIUM
599,19,0.8,0.8,2,300.0,31.526315789473685,0.18351715686274508,MEDIUM
453,17,0.8500000000000001,0.8500000000000001,5,250.0,26.647058823529413,0.20899653979238747,MEDIUM
3463,24,0.7,0.8500000000000001,5,275.0,144.29166666666666,1.1139077640625628,HIGH
1380,7,0.9000000000000001,0.7,5,250.0,197.14285714285714,4.380952380952381,HIGH
1315,24,1.0000000000000002,0.9000000000000001,3,300.0,54.791666666666664,0.23192239858906516,MEDIUM
2967,15,0.7,0.75,0,350.0,197.8,1.076462585034014,MEDIUM
732,13,0.7,0.9500000000000002,0,275.0,56.30769230769231,0.3079026236920973,MEDIUM
1441,15,0.8500000000000001,0.75,1,275.0,96.06666666666666,0.5871148459383753,MEDIUM
1096,16,0.75,0.9500000000000002,0,325.0,68.5,0.2958164642375168,MEDIUM
529,8,0.9500000000000002,0.9500000000000002,4,300.0,66.125,0.4884579870729453,MEDIUM
1870,12,0.9500000000000002,0.8500000000000001,6,275.0,155.83333333333334,1.403508771929824,HIGH
3420,25,0.75,0.9000000000000001,2,300.0,136.8,0.7342995169082124,MEDIUM
507,19,0.8,0.9000000000000001,1,250.0,26.68421052631579,0.15648148148148147,MEDIUM
1025,24,0.9000000000000001,1.0000000000000002,4,275.0,42.708333333333336,0.207070707070707,MEDIUM
2410,26,0.8,0.8,5,250.0,92.6923076923077,0.7172619047619048,MEDIUM
3499,29,0.8,0.8,1,300.0,120.65517241379311,0.6508556547619048,MEDIUM
3077,23,0.9500000000000002,1.0000000000000002,0,325.0,133.7826086956522,0.4333039957753915,LOW
2459,16,0.8,0.7,1,300.0,153.6875,0.9757936507936508,MEDIUM
906,4,0.9500000000000002,0.75,1,325.0,226.5,1.304183535762483,HIGH
2633,11,0.9000000000000001,0.8500000000000001,2,350.0,239.36363636363637,1.0926444651934846,MEDIUM
2992,28,1.0000000000000002,1.0000000000000002,5,325.0,106.85714285714286,0.40026755852842794,MEDIUM
2057,30,1.0000000000000002,0.7,0,350.0,68.56666666666666,0.27986394557823124,MEDIUM
3143,8,1.0000000000000002,0.7,5,275.0,392.875,5.442424242424242,HIGH
3165,22,0.8500000000000001,0.8,6,250.0,143.86363636363637,1.1636029411764703,HIGH
904,24,0.9500000000000002,0.75,3,325.0,37.666666666666664,0.18590064905854375,MEDIUM
3411,26,0.75,0.8500000000000001,1,300.0,131.19230769230768,0.7134117647058822,MEDIUM
2503,12,1.0000000000000002,0.9000000000000001,6,325.0,208.58333333333334,1.4262108262108257,HIGH
1331,22,0.75,0.7,2,350.0,60.5,0.3621768707482993,MEDIUM
759,3,0.8,0.9500000000000002,0,325.0,253.0,1.0242914979757083,MEDIUM
448,16,0.75,0.8500000000000001,5,300.0,28.0,0.2129530600118835,MEDIUM
1322,7,0.9500000000000002,0.9500000000000002,3,250.0,188.85714285714286,1.4648199445983374,HIGH
636,7,0.8,0.9500000000000002,1,250.0,90.85714285714286,0.5578947368421052,MEDIUM
2914,20,0.75,1.0000000000000002,4,275.0,145.7,0.8830303030303028,MEDIUM
3195,23,0.9000000000000001,0.8500000000000001,6,325.0,138.91304347826087,0.7559222784136276,MEDIUM
515,28,0.8,0.8500000000000001,2,350.0,18.392857142857142,0.08322559793148027,MEDIUM
2485,6,0.7,0.8500000000000001,3,350.0,414.1666666666667,3.977591036414566,HIGH
2161,22,0.8,0.9500000000000002,1,275.0,98.22727272727273,0.49236728184096595,MEDIUM
397,16,0.8500000000000001,0.8,6,325.0,24.8125,0.17963800904977373,MEDIUM
2105,14,1.0000000000000002,0.9000000000000001,5,275.0,150.35714285714286,0.945005611672278,MEDIUM
1879,26,0.75,0.8500000000000001,3,300.0,72.26923076923077,0.42716680875248647,MEDIUM
2156,14,0.9000000000000001,0.75,6,250.0,154.0,1.5970370370370368,HIGH
2804,22,0.9000000000000001,0.8500000000000001,1,275.0,127.45454545454545,0.634694281753105,LOW
1787,15,0.75,1.0000000000000002,0,275.0,119.13333333333334,0.5776161616161615,MEDIUM
1596,26,1.0000000000000002,0.7,1,350.0,61.38461538461539,0.26057142857142856,MEDIUM
850,22,1.0000000000000002,0.9500000000000002,2,275.0,38.63636363636363,0.1626794258373205,LOW
2871,3,0.75,0.9500000000000002,1,250.0,957.0,8.058947368421052,HIGH
2524,13,0.8500000000000001,1.0000000000000002,4,325.0,194.15384615384616,1.015183509301156,MEDIUM
2130,14,0.75,0.9500000000000002,2,300.0,152.14285714285714,0.830409356725146,MEDIUM
3062,9,0.9000000000000001,1.0000000000000002,5,250.0,340.22222222222223,3.402222222222221,HIGH
1101,19,0.7,0.8,2,250.0,57.94736842105263,0.46260504201680674,MEDIUM
959,13,0.7,0.7,6,300.0,73.76923076923077,0.9319727891156463,MEDIUM
2855,26,0.75,0.8,2,325.0,109.8076923076923,0.610042735042735,MEDIUM
2764,20,0.8,0.8500000000000001,5,300.0,138.2,0.903267973856209,MEDIUM
776,3,0.8500000000000001,0.9000000000000001,2,250.0,258.6666666666667,4.05751633986928,HIGH
3420,24,0.9000000000000001,0.9000000000000001,5,275.0,142.5,0.8080808080808078,MEDIUM
3450,25,1.0000000000000002,0.8,2,250.0,138.0,0.7499999999999998,MEDIUM
2659,7,0.8,1.0000000000000002,5,350.0,379.85714285714283,4.748214285714285,HIGH
1709,6,0.8500000000000001,0.9000000000000001,5,325.0,284.8333333333333,6.87380593262946,HIGH
2385,27,0.9500000000000002,0.7,0,275.0,88.33333333333333,0.4830257461836408,MEDIUM
1740,17,1.0000000000000002,0.9500000000000002,0,300.0,102.3529411764706,0.3591331269349844,LOW
713,7,0.8500000000000001,1.0000000000000002,5,325.0,101.85714285714286,1.2904977375565605,HIGH
1877,17,0.8,0.7,3,325.0,110.41176470588235,0.7366562009419153,MEDIUM
1293,14,0.9500000000000002,1.0000000000000002,4,275.0,92.35714285714286,0.4949282296650716,MEDIUM
432,15,0.8500000000000001,1.0000000000000002,1,250.0,28.8,0.14521008403361338,LOW
560,12,0.75,0.9000000000000001,4,325.0,46.666666666666664,0.31908831908831903,MEDIUM
1938,6,0.9500000000000002,0.75,3,350.0,323.0,2.5904761904761897,HIGH
474,14,0.75,1.0000000000000002,4,350.0,33.857142857142854,0.18057142857142852,MEDIUM
2855,30,1.0000000000000002,0.8500000000000001,2,300.0,95.16666666666667,0.3998599439775909,LOW
371,9,0.9500000000000002,1.0000000000000002,3,350.0,41.22222222222222,0.1859649122807017,MEDIUM
2959,14,0.7,0.7,3,250.0,211.35714285714286,2.195918367346939,HIGH
1735,23,0.8500000000000001,0.8,3,350.0,75.43478260869566,0.36449579831932766,MEDIUM
1702,26,0.7,0.7,1,325.0,65.46153846153847,0.42750392464678183,MEDIUM
2268,24,0.7,0.7,2,275.0,94.5,0.7650531286894924,MEDIUM
2192,27,0.8,0.9000000000000001,3,250.0,81.18518518518519,0.5074074074074073,MEDIUM
1406,13,0.75,0.9000000000000001,6,325.0,108.15384615384616,0.9155881155881155,MEDIUM
1949,9,0.9000000000000001,0.9500000000000002,5,275.0,216.55555555555554,2.0723019670388085,HIGH
1907,27,0.9000000000000001,0.9000000000000001,1,300.0,70.62962962962963,0.30183602405824617,LOW
3192,5,0.9000000000000001,0.9000000000000001,1,300.0,638.4,3.2839506172839497,HIGH
1146,11,0.9500000000000002,0.9500000000000002,2,350.0,104.18181818181819,0.4031130457723254,LOW
2150,6,0.9000000000000001,0.9000000000000001,1,300.0,358.3333333333333,1.76954732510288,HIGH
3429,29,0.9500000000000002,0.7,6,300.0,118.24137931034483,0.7473030402092186,MEDIUM
581,7,0.7,0.8500000000000001,0,275.0,83.0,0.507257448433919,MEDIUM
685,6,0.8500000000000001,0.8500000000000001,4,325.0,114.16666666666667,1.45861059355869,HIGH
1767,15,0.9500000000000002,0.9500000000000002,2,325.0,117.8,0.4634070383058236,LOW
2852,13,1.0000000000000002,0.9000000000000001,2,350.0,219.3846153846154,0.8230880230880228,MEDIUM
2984,4,0.8,0.8500000000000001,4,275.0,746.0,15.957219251336896,HIGH
1236,22,0.75,0.8500000000000001,5,250.0,56.18181818181818,0.4561937716262975,MEDIUM
3292,24,1.0000000000000002,0.8500000000000001,5,350.0,137.16666666666666,0.5823971693940734,MEDIUM
1149,30,0.8,1.0000000000000002,2,325.0,38.3,0.1578296703296703,MEDIUM
427,17,0.7,0.9000000000000001,1,250.0,25.11764705882353,0.16944444444444443,MEDIUM
3493,15,1.0000000000000002,1.0000000000000002,4,275.0,232.86666666666667,1.1547107438016524,HIGH
1949,24,0.9000000000000001,0.9500000000000002,5,325.0,81.20833333333333,0.3691550062741197,MEDIUM
3440,22,0.9500000000000002,0.75,0,325.0,156.36363636363637,0.675254569991412,MEDIUM
2798,23,0.9000000000000001,0.9500000000000002,5,275.0,121.65217391304348,0.6611140646228364,MEDIUM
804,13,0.7,0.7,6,275.0,61.84615384615385,0.8523721176782402,MEDIUM
3388,22,0.75,0.8500000000000001,1,300.0,154.0,0.8435729847494553,MEDIUM
2637,14,0.7,0.7,1,350.0,188.35714285714286,1.1827764072662033,HIGH
1367,23,0.75,0.9000000000000001,4,350.0,59.43478260869565,0.3045391255917571,MEDIUM
626,15,0.8500000000000001,0.9500000000000002,2,275.0,41.733333333333334,0.21684816731256354,LOW
3458,13,0.9500000000000002,0.8,6,275.0,266.0,2.363636363636363,HIGH
2983,8,0.9000000000000001,0.9500000000000002,2,250.0,372.875,2.3259259259259255,HIGH
3487,28,1.0000000000000002,0.8500000000000001,1,325.0,124.53571428571429,0.4675046086810792,LOW
618,28,0.8,1.0000000000000002,3,325.0,22.071428571428573,0.09507692307692305,MEDIUM
3160,25,1.0000000000000002,0.75,0,275.0,126.4,0.6128484848484848,MEDIUM
575,11,0.8500000000000001,0.8500000000000001,4,275.0,52.27272727272727,0.41342740304678005,MEDIUM
3492,12,1.0000000000000002,1.0000000000000002,5,300.0,291.0,1.6628571428571421,HIGH
1025,14,0.8,0.8500000000000001,2,250.0,73.21428571428571,0.5024509803921569,MEDIUM
610,18,1.0000000000000002,0.9000000000000001,3,250.0,33.888888888888886,0.18074074074074067,MEDIUM
1931,13,0.8,0.75,4,325.0,148.53846153846155,1.1002849002849002,HIGH
884,22,0.7,1.0000000000000002,3,300.0,40.18181818181818,0.2215538847117794,MEDIUM
2513,8,0.75,0.8,2,325.0,314.125,2.147863247863248,HIGH
2690,8,0.7,0.9000000000000001,2,275.0,336.25,2.5877825877825873,HIGH
3050,22,0.9500000000000002,0.8,6,300.0,138.63636363636363,0.8360745614035086,MEDIUM
1247,9,0.9500000000000002,0.75,6,275.0,138.55555555555554,2.1214247740563525,HIGH
3436,19,0.8,0.9500000000000002,2,300.0,180.8421052631579,0.8864809081527346,MEDIUM
3264,12,0.8500000000000001,0.75,1,250.0,272.0,1.8618181818181816,HIGH
317,4,0.7,0.8500000000000001,6,350.0,79.25,1.5222088835534213,HIGH
2531,12,0.9500000000000002,0.8500000000000001,3,325.0,210.91666666666666,1.07157788891535,MEDIUM
1881,17,0.7,0.8,5,350.0,110.6470588235294,0.7997448979591837,MEDIUM
2061,24,0.8500000000000001,0.75,6,350.0,85.875,0.5131652661064424,MEDIUM
3464,16,0.8500000000000001,0.8,3,250.0,216.5,1.5674208144796378,HIGH
1259,27,0.7,0.7,6,250.0,46.629629629629626,0.4894071914480078,MEDIUM
2620,19,0.75,0.9000000000000001,0,275.0,137.89473684210526,0.7428672691830586,MEDIUM
1490,29,0.9500000000000002,0.7,6,275.0,51.37931034482759,0.354245297037059,MEDIUM
2497,14,0.8,0.75,3,350.0,178.35714285714286,1.0809523809523809,MEDIUM
2360,5,0.8500000000000001,0.7,4,300.0,472.0,13.221288515406162,HIGH
1461,4,0.9000000000000001,1.0000000000000002,3,250.0,365.25,6.4933333333333305,HIGH
2517,3,0.8500000000000001,1.0000000000000002,2,350.0,839.0,8.460504201680669,HIGH
805,7,0.9500000000000002,0.9500000000000002,1,275.0,115.0,0.5405859145471331,LOW
3232,27,0.8,0.9500000000000002,2,300.0,119.70370370370371,0.567017543859649,MEDIUM
2783,4,1.0000000000000002,0.75,1,350.0,695.75,3.533968253968253,HIGH
2073,7,0.9000000000000001,1.0000000000000002,1,300.0,296.14285714285717,1.279629629629629,HIGH
1843,30,1.0000000000000002,0.7,0,350.0,61.43333333333333,0.25074829931972786,MEDIUM
306,10,0.75,0.8,6,350.0,30.6,0.36428571428571427,MEDIUM
689,9,0.8,0.9500000000000002,2,325.0,76.55555555555556,0.3984962406015037,MEDIUM
1744,11,0.75,0.9500000000000002,1,325.0,158.54545454545453,0.7531443994601887,MEDIUM
2987,8,0.9500000000000002,1.0000000000000002,4,300.0,373.375,2.6201754385964904,HIGH
2706,17,0.8500000000000001,1.0000000000000002,1,300.0,159.1764705882353,0.6632352941176468,LOW
440,8,0.7,0.9500000000000002,6,250.0,55.0,1.3233082706766914,HIGH
2986,21,0.8500000000000001,0.8,5,300.0,142.1904761904762,0.9148284313725489,MEDIUM
511,11,0.7,1.0000000000000002,2,350.0,46.45454545454545,0.23174603174603173,MEDIUM
2250,24,0.9500000000000002,1.0000000000000002,0,250.0,93.75,0.39473684210526294,LOW
870,3,1.0000000000000002,0.9000000000000001,0,325.0,290.0,0.991452991452991,MEDIUM
3399,11,0.8500000000000001,0.9000000000000001,0,350.0,309.0,1.1540616246498594,HIGH
1720,9,0.9000000000000001,0.8,3,325.0,191.11111111111111,1.2250712250712248,HIGH
3314,13,0.9500000000000002,0.75,2,300.0,254.92307692307693,1.4094630515683142,HIGH
3287,21,0.75,0.8500000000000001,2,300.0,156.52380952380952,0.9045751633986927,MEDIUM
859,17,0.8500000000000001,0.8500000000000001,2,250.0,50.529411764705884,0.3170472895040368,LOW
1083,5,0.8500000000000001,0.9500000000000002,1,300.0,216.6,1.117647058823529,HIGH
1493,11,0.75,0.9500000000000002,0,300.0,135.72727272727272,0.6349813928761296,MEDIUM
289,17,0.8,0.9500000000000002,1,350.0,17.0,0.06790413533834586,MEDIUM
289,17,0.75,0.9500000000000002,2,250.0,17.0,0.10816374269005846,MEDIUM
2469,5,1.0000000000000002,0.9500000000000002,0,325.0,493.8,1.5993522267206473,HIGH
2516,13,0.7,0.8500000000000001,5,300.0,193.53846153846155,1.7619047619047616,HIGH
1662,16,0.75,0.9000000000000001,1,250.0,103.875,0.6565925925925925,MEDIUM
2936,8,0.75,0.8,0,275.0,367.0,2.224242424242424,HIGH
3154,8,0.9000000000000001,0.9500000000000002,1,275.0,394.25,1.9163059163059157,HIGH
3484,20,0.7,1.0000000000000002,5,275.0,174.2,1.2065800865800862,HIGH
2905,25,0.7,0.9000000000000001,5,350.0,116.2,0.6587301587301587,MEDIUM
2122,30,0.9000000000000001,1.0000000000000002,2,350.0,70.73333333333333,0.24058956916099766,LOW
1377,21,0.7,0.9500000000000002,4,350.0,65.57142857142857,0.3480128893662728,MEDIUM
2062,7,0.9500000000000002,0.8500000000000001,6,250.0,294.57142857142856,10.214241486068108,HIGH
678,14,0.9000000000000001,0.8,0,275.0,48.42857142857143,0.24458874458874458,MEDIUM
893,5,0.9500000000000002,0.9500000000000002,1,350.0,178.6,0.7067669172932328,LOW
1923,29,0.8,0.7,4,275.0,66.3103448275862,0.49948051948051947,MEDIUM
1994,4,0.9500000000000002,0.7,1,275.0,498.5,3.6345408976987916,HIGH
286,6,1.0000000000000002,0.9000000000000001,1,350.0,47.666666666666664,0.18158730158730152,LOW
2236,12,0.8,0.8500000000000001,2,275.0,186.33333333333334,1.1957219251336897,HIGH
1233,4,1.0000000000000002,0.75,6,350.0,308.25,4.697142857142856,HIGH
1160,6,1.0000000000000002,0.9500000000000002,4,350.0,193.33333333333334,1.7443609022556386,HIGH
2245,20,1.0000000000000002,1.0000000000000002,1,275.0,112.25,0.42966507177033475,LOW
3479,24,0.8,0.8500000000000001,3,350.0,144.95833333333334,0.6960784313725489,MEDIUM
352,9,0.8500000000000001,1.0000000000000002,2,325.0,39.111111111111114,0.18202973497091135,LOW
1056,17,1.0000000000000002,0.9000000000000001,4,250.0,62.11764705882353,0.3610256410256409,MEDIUM
3436,4,0.9000000000000001,0.8,2,300.0,859.0,7.9537037037037015,HIGH
3391,3,1.0000000000000002,0.7,0,250.0,1130.3333333333333,6.459047619047618,HIGH
2091,20,1.0000000000000002,0.8500000000000001,5,350.0,104.55,0.4685714285714285,MEDIUM
1325,19,1.0000000000000002,0.8500000000000001,1,275.0,69.73684210526316,0.3149138443256089,LOW
2496,20,1.0000000000000002,0.75,6,350.0,124.8,0.6791836734693876,MEDIUM
2279,25,0.8,0.75,4,325.0,91.16,0.5565323565323566,MEDIUM
2344,18,1.0000000000000002,0.75,4,350.0,130.22222222222223,0.6378231292517005,MEDIUM
500,17,0.75,0.8,1,350.0,29.41176470588235,0.1488095238095238,MEDIUM
1733,10,0.8500000000000001,0.9000000000000001,3,300.0,173.3,1.0787426081543727,MEDIUM
2886,21,0.7,0.7,0,275.0,137.42857142857142,1.0198780811025707,MEDIUM
723,10,0.7,1.0000000000000002,3,350.0,72.3,0.4215743440233236,MEDIUM
1416,16,0.8500000000000001,0.8,3,250.0,88.5,0.6407239819004523,MEDIUM
2052,10,1.0000000000000002,1.0000000000000002,6,300.0,205.2,1.7099999999999993,HIGH
2843,9,0.7,0.9500000000000002,6,300.0,315.8888888888889,4.750208855472012,HIGH
2408,13,0.9000000000000001,0.8,4,325.0,185.23076923076923,1.1433998100664764,HIGH
1239,8,0.8,0.75,1,275.0,154.875,1.0727272727272728,MEDIUM
1854,5,0.7,0.8,2,325.0,370.8,3.3956043956043955,HIGH
3347,14,0.9000000000000001,0.8500000000000001,3,275.0,239.07142857142858,1.4463350078323336,HIGH
3184,15,0.75,0.75,4,250.0,212.26666666666668,2.0583434343434344,HIGH
1590,15,1.0000000000000002,0.75,3,325.0,106.0,0.5435897435897434,MEDIUM
1048,10,0.75,1.0000000000000002,2,275.0,104.8,0.635151515151515,MEDIUM
1833,13,0.9500000000000002,0.9500000000000002,4,250.0,141.0,0.9026777469990762,MEDIUM
359,21,1.0000000000000002,0.9000000000000001,3,300.0,17.095238095238095,0.07386831275720161,MEDIUM
2984,25,1.0000000000000002,0.9500000000000002,6,350.0,119.36,0.472338741590819,MEDIUM
2286,21,0.9000000000000001,0.8500000000000001,4,275.0,108.85714285714286,0.6391947153192826,MEDIUM
3277,4,0.9000000000000001,1.0000000000000002,5,300.0,819.25,12.137037037037032,HIGH
865,26,0.75,0.7,1,250.0,33.26923076923077,0.26361904761904764,MEDIUM
981,29,0.9000000000000001,0.9500000000000002,6,325.0,33.827586206896555,0.15349410315085366,MEDIUM
3369,9,0.75,0.9000000000000001,5,325.0,374.3333333333333,3.839316239316239,HIGH
664,12,0.8,0.8,5,300.0,55.333333333333336,0.49404761904761907,MEDIUM
3299,14,0.8500000000000001,0.8500000000000001,3,275.0,235.64285714285714,1.5094512282307184,HIGH
2799,25,0.9000000000000001,0.9500000000000002,6,300.0,111.96,0.5743305632502306,MEDIUM
1454,20,0.8,0.9000000000000001,6,300.0,72.7,0.48082010582010576,MEDIUM
1285,9,0.8500000000000001,0.9000000000000001,1,275.0,142.77777777777777,0.7635175282234103,LOW
300,16,0.75,0.9000000000000001,6,325.0,18.75,0.13675213675213674,MEDIUM
2728,29,0.75,0.8,5,350.0,94.06896551724138,0.5412698412698413,MEDIUM
723,9,0.9500000000000002,0.8500000000000001,0,250.0,80.33333333333333,0.3979360165118678,LOW
3040,29,0.8,0.9000000000000001,4,250.0,104.82758620689656,0.6755555555555555,MEDIUM
761,22,1.0000000000000002,1.0000000000000002,3,275.0,34.59090909090909,0.14564593301435402,MEDIUM
3054,4,0.7,0.9500000000000002,4,350.0,763.5,13.121374865735767,HIGH
2269,23,1.0000000000000002,0.8,0,275.0,98.65217391304348,0.4484189723320157,MEDIUM
1415,14,0.75,1.0000000000000002,5,325.0,101.07142857142857,0.6450142450142449,MEDIUM
3234,26,0.9500000000000002,0.9500000000000002,1,250.0,124.38461538461539,0.5733407202216065,LOW
2538,13,0.8500000000000001,0.7,1,300.0,195.23076923076923,1.184873949579832,HIGH
529,7,0.8500000000000001,0.75,6,275.0,75.57142857142857,3.0174688057040995,HIGH
3116,17,0.7,0.75,1,250.0,183.2941176470588,1.483809523809524,HIGH
453,14,0.7,0.75,0,325.0,32.357142857142854,0.18963893249607536,MEDIUM
466,18,0.8500000000000001,0.9500000000000002,0,350.0,25.88888888888889,0.09160155290186246,LOW
1661,29,0.9500000000000002,0.9500000000000002,6,350.0,57.275862068965516,0.22862648612377617,MEDIUM
3039,6,0.8500000000000001,1.0000000000000002,0,350.0,506.5,1.7025210084033606,HIGH
2372,19,0.8500000000000001,0.9500000000000002,0,350.0,124.84210526315789,0.4417235038059543,LOW
1045,23,0.9000000000000001,0.75,0,350.0,45.43478260869565,0.19231654014262703,MEDIUM
1805,23,0.8500000000000001,0.9500000000000002,1,250.0,78.47826086956522,0.40641711229946514,LOW
2430,23,0.8500000000000001,0.9500000000000002,3,300.0,105.65217391304348,0.5015479876160989,MEDIUM
2749,15,1.0000000000000002,0.9000000000000001,6,350.0,183.26666666666668,0.969664902998236,MEDIUM
1540,17,0.8500000000000001,0.8,5,325.0,90.58823529411765,0.5806938159879336,MEDIUM
3369,13,0.9000000000000001,1.0000000000000002,1,250.0,259.15384615384613,1.2477777777777772,HIGH
3477,15,0.75,0.8500000000000001,1,350.0,231.8,1.1130852340936372,HIGH
1038,25,0.7,0.8,4,300.0,41.52,0.2942176870748299,MEDIUM
2181,11,0.8500000000000001,0.9500000000000002,5,350.0,198.27272727272728,1.2861565678903135,HIGH
3483,18,0.8,0.8,1,325.0,193.5,0.9850113122171945,MEDIUM
1620,11,1.0000000000000002,0.8500000000000001,5,300.0,147.27272727272728,1.0588235294117643,MEDIUM
588,29,0.9500000000000002,1.0000000000000002,6,275.0,20.275862068965516,0.09785729144996876,MEDIUM
2766,17,0.8500000000000001,0.8,5,300.0,162.7058823529412,1.1299019607843135,HIGH
380,19,0.7,0.8,2,350.0,20.0,0.11404561824729892,MEDIUM
829,19,0.75,0.9500000000000002,1,275.0,43.63157894736842,0.2350522771575403,MEDIUM
1427,9,0.9000000000000001,0.8500000000000001,5,250.0,158.55555555555554,1.8653594771241824,HIGH
2078,10,0.9000000000000001,0.8500000000000001,4,325.0,207.8,1.39299480475951,HIGH
2620,6,0.7,0.9500000000000002,3,325.0,436.6666666666667,4.040871409292462,HIGH
758,25,0.75,0.8500000000000001,2,350.0,30.32,0.1477042991109487,MEDIUM
2022,4,1.0000000000000002,0.8500000000000001,5,275.0,505.5,8.650267379679141,HIGH
2933,6,0.8,0.9500000000000002,0,300.0,488.8333333333333,2.1440058479532156,HIGH
1417,16,0.9500000000000002,0.7,0,275.0,88.5625,0.48427887901572103,MEDIUM
1583,28,0.7,0.75,5,350.0,56.535714285714285,0.37456373853889385,MEDIUM
2947,20,0.7,0.7,6,325.0,147.35,1.3218210361067506,HIGH
540,3,0.8,0.9000000000000001,6,300.0,180.0,2.4999999999999996,HIGH
1906,7,0.8,1.0000000000000002,5,300.0,272.2857142857143,3.9708333333333323,HIGH
2273,28,0.9500000000000002,0.7,6,350.0,81.17857142857143,0.4439019626989551,MEDIUM
2434,3,0.8500000000000001,1.0000000000000002,0,325.0,811.3333333333334,2.9369532428355947,HIGH
3428,3,0.9500000000000002,0.9000000000000001,6,275.0,1142.6666666666667,14.579479000531627,HIGH
2206,7,0.8,0.8,1,325.0,315.14285714285717,1.7676282051282053,HIGH
1009,4,0.8,0.8500000000000001,6,250.0,252.25,5.935294117647058,HIGH
515,27,0.8500000000000001,1.0000000000000002,3,275.0,19.074074074074073,0.09180035650623881,MEDIUM
806,29,0.9500000000000002,1.0000000000000002,4,300.0,27.79310344827586,0.11312280701754382,MEDIUM
3113,7,0.8500000000000001,0.8,0,325.0,444.7142857142857,2.012281835811247,HIGH
1096,9,0.8500000000000001,0.8,6,250.0,121.77777777777777,2.1490196078431367,HIGH
1747,21,0.7,0.8,0,275.0,83.19047619047619,0.5401978973407545,MEDIUM
1837,8,0.7,0.9500000000000002,5,250.0,229.625,3.6832080200501247,HIGH
1185,14,0.9500000000000002,0.8500000000000001,0,300.0,84.64285714285714,0.34940291906236165,LOW
1908,27,0.9500000000000002,0.8500000000000001,3,300.0,70.66666666666667,0.328173374613003,MEDIUM
3284,12,0.75,0.8500000000000001,6,350.0,273.6666666666667,2.453034547152194,HIGH
2322,27,0.9500000000000002,0.9500000000000002,2,325.0,86.0,0.31665885361176205,LOW
1040,12,0.8500000000000001,0.9500000000000002,1,325.0,86.66666666666667,0.36025893611032916,LOW
1430,12,0.75,0.9000000000000001,1,250.0,119.16666666666667,0.7703703703703703,MEDIUM
3432,17,0.8,0.9000000000000001,2,325.0,201.88235294117646,0.9777777777777777,MEDIUM
1436,14,1.0000000000000002,0.7,3,250.0,102.57142857142857,0.7459740259740257,MEDIUM
1137,4,0.9000000000000001,0.9000000000000001,6,300.0,284.25,4.679012345679011,HIGH
855,6,0.75,0.8,3,350.0,142.5,1.3571428571428572,HIGH
289,24,1.0000000000000002,0.7,0,250.0,12.041666666666666,0.06880952380952379,MEDIUM
840,20,0.8,0.8500000000000001,2,325.0,42.0,0.21116138763197584,MEDIUM
714,28,0.75,0.8,1,350.0,25.5,0.1259259259259259,MEDIUM
1202,20,0.7,0.7,5,350.0,60.1,0.4672497570456755,MEDIUM
1238,14,0.8500000000000001,0.75,5,350.0,88.42857142857143,0.6164954870837221,MEDIUM
1236,16,0.7,0.75,5,300.0,77.25,0.7134199134199134,MEDIUM
1466,4,0.7,0.7,0,350.0,366.5,2.1370262390670556,HIGH
2783,19,0.7,0.8500000000000001,6,325.0,146.47368421052633,1.1070558400875143,HIGH
3266,14,0.7,0.9500000000000002,3,275.0,233.28571428571428,1.6235630398309824,HIGH
2224,29,0.7,0.75,2,275.0,76.6896551724138,0.5705307038640371,MEDIUM
3233,26,0.75,0.7,0,325.0,124.34615384615384,0.7287686672302056,MEDIUM
2480,27,1.0000000000000002,0.75,3,300.0,91.85185185185185,0.45925925925925914,MEDIUM
2041,28,1.0000000000000002,0.75,0,300.0,72.89285714285714,0.32396825396825385,MEDIUM
2987,6,0.9000000000000001,0.8500000000000001,2,250.0,497.8333333333333,3.904575163398692,HIGH
3024,15,0.7,0.8,1,250.0,201.6,1.542857142857143,HIGH
1982,5,0.75,0.8500000000000001,2,300.0,396.4,3.4544662309368186,HIGH
1152,11,0.9000000000000001,0.75,6,275.0,104.72727272727273,1.241212121212121,HIGH
1133,19,0.9500000000000002,0.7,3,300.0,59.63157894736842,0.35494987468671674,MEDIUM
1383,17,0.9000000000000001,0.7,4,275.0,81.3529411764706,0.614052614052614,MEDIUM
1669,26,0.9000000000000001,0.9000000000000001,4,275.0,64.1923076923077,0.3405774920926435,MEDIUM
1441,13,0.9000000000000001,0.75,1,250.0,110.84615384615384,0.7116049382716048,MEDIUM
2665,9,0.8500000000000001,0.9000000000000001,6,300.0,296.1111111111111,3.870733478576615,HIGH
2418,6,0.8,0.8500000000000001,6,275.0,403.0,12.930481283422457,HIGH
609,19,0.8500000000000001,0.8,6,275.0,32.05263157894737,0.25051419169066225,MEDIUM
1509,6,0.9500000000000002,0.9000000000000001,2,325.0,251.5,1.3576248313090413,HIGH
1023,21,0.75,0.9000000000000001,6,325.0,48.714285714285715,0.31088319088319083,MEDIUM
2286,18,0.9500000000000002,0.75,1,250.0,127.0,0.7549226006191948,MEDIUM
3289,28,0.9000000000000001,0.75,1,350.0,117.46428571428571,0.5156182637664117,MEDIUM
1780,13,0.9500000000000002,0.8500000000000001,2,300.0,136.92307692307693,0.6679801107045686,LOW
1482,11,0.7,0.9500000000000002,5,325.0,134.72727272727272,1.1428571428571428,HIGH
2135,13,0.8500000000000001,0.9000000000000001,2,275.0,164.23076923076923,0.9225949332901202,MEDIUM
3047,20,0.7,1.0000000000000002,1,350.0,152.35,0.6545649838882921,MEDIUM
1771,16,0.7,0.8500000000000001,2,275.0,110.6875,0.7731092436974789,MEDIUM
1654,4,0.7,0.9000000000000001,2,300.0,413.5,4.375661375661375,HIGH
1643,8,0.8,0.9500000000000002,5,325.0,205.375,2.2172739541160587,HIGH
3030,17,0.8500000000000001,0.7,5,325.0,178.23529411764707,1.3057530704589526,HIGH
3067,22,0.7,0.9500000000000002,6,275.0,139.4090909090909,1.0481886534518112,MEDIUM
1614,4,0.75,0.7,0,250.0,403.5,3.0742857142857143,HIGH
333,13,0.8,0.75,0,325.0,25.615384615384617,0.13136094674556215,MEDIUM
1669,6,0.9000000000000001,0.7,2,350.0,278.1666666666667,1.8922902494331064,HIGH
1586,16,0.8,0.8,2,300.0,99.125,0.590029761904762,MEDIUM
2971,5,0.75,1.0000000000000002,5,350.0,594.2,11.318095238095236,HIGH
709,9,0.9500000000000002,0.9500000000000002,2,300.0,78.77777777777777,0.3740931275557313,LOW
1943,6,0.8500000000000001,0.9000000000000001,0,275.0,323.8333333333333,1.5393147157853035,HIGH
1252,18,0.9500000000000002,0.7,2,300.0,69.55555555555556,0.3922305764411027,MEDIUM
3156,8,1.0000000000000002,0.7,6,350.0,394.5,6.440816326530611,HIGH
1135,7,0.7,0.8500000000000001,2,350.0,162.14285714285714,1.0900360144057624,MEDIUM
1659,11,0.75,0.7,4,275.0,150.8181818181818,1.6415584415584417,HIGH
1182,20,1.0000000000000002,0.8500000000000001,0,250.0,59.1,0.27811764705882347,LOW
1109,22,0.8,0.9000000000000001,3,300.0,50.40909090909091,0.270224171539961,MEDIUM
1451,14,0.9500000000000002,0.75,1,250.0,103.64285714285714,0.6266126855600538,MEDIUM
2697,14,1.0000000000000002,0.7,1,275.0,192.64285714285714,1.0777222777222775,MEDIUM
2067,18,0.8500000000000001,0.9500000000000002,5,275.0,114.83333333333333,0.7160146355192794,MEDIUM
2746,20,0.8,1.0000000000000002,0,275.0,137.3,0.624090909090909,MEDIUM
2194,6,0.8500000000000001,0.9000000000000001,2,275.0,365.6666666666667,2.607248960190136,HIGH
930,4,0.75,1.0000000000000002,1,350.0,232.5,1.1809523809523808,HIGH
2468,24,0.8,0.8500000000000001,2,300.0,102.83333333333333,0.5499108734402851,MEDIUM
2136,8,0.9500000000000002,0.8,4,275.0,267.0,2.5550239234449754,HIGH
2558,5,0.7,0.75,4,325.0,511.6,14.991941391941394,HIGH
3311,8,0.9500000000000002,1.0000000000000002,0,325.0,413.875,1.3404858299595137,HIGH
2752,5,0.8500000000000001,1.0000000000000002,6,325.0,550.4,9.961990950226241,HIGH
653,11,0.8500000000000001,0.8,6,300.0,59.36363636363637,0.6401960784313724,MEDIUM
2737,7,0.7,0.75,5,250.0,391.0,10.426666666666666,HIGH
274,16,0.9000000000000001,1.0000000000000002,2,300.0,17.125,0.07248677248677246,LOW
1399,30,0.7,0.7,3,250.0,46.63333333333333,0.42297808012093735,MEDIUM
1414,10,0.9500000000000002,0.9000000000000001,1,275.0,141.4,0.6682024927638961,LOW
1957,23,0.8500000000000001,0.7,0,250.0,85.08695652173913,0.5720131530873218,MEDIUM
897,12,0.8500000000000001,0.8,5,300.0,74.75,0.6281512605042016,MEDIUM
1251,10,0.8,0.75,1,350.0,125.1,0.6619047619047619,MEDIUM
1231,26,1.0000000000000002,0.8,5,325.0,47.34615384615385,0.2254578754578754,MEDIUM
1593,23,0.9000000000000001,1.0000000000000002,4,275.0,69.26086956521739,0.33875598086124387,MEDIUM
2866,9,0.8,0.7,6,250.0,318.44444444444446,6.823809523809524,HIGH
382,15,0.7,0.7,4,350.0,25.466666666666665,0.20249138616485557,MEDIUM
2102,9,0.9500000000000002,0.8,2,325.0,233.55555555555554,1.215731636784268,HIGH
969,7,0.8500000000000001,0.8500000000000001,2,350.0,138.42857142857142,0.7663865546218486,LOW
1289,27,0.7,0.9000000000000001,0,325.0,47.74074074074074,0.23316601094378872,MEDIUM
449,22,0.9500000000000002,0.8500000000000001,1,325.0,20.40909090909091,0.08147064493813717,LOW
2462,3,0.9000000000000001,0.9000000000000001,3,300.0,820.6666666666666,10.13168724279835,HIGH
3437,19,0.7,0.75,4,325.0,180.89473684210526,1.342905982905983,HIGH
868,24,0.7,0.8500000000000001,5,250.0,36.166666666666664,0.3071207430340557,MEDIUM
3482,17,0.7,0.8500000000000001,1,250.0,204.8235294117647,1.4630252100840333,HIGH
2492,23,0.75,0.8,6,275.0,108.34782608695652,0.8884135472370767,MEDIUM
2462,14,1.0000000000000002,1.0000000000000002,2,300.0,175.85714285714286,0.6838888888888885,LOW
1261,6,0.8500000000000001,0.9000000000000001,3,350.0,210.16666666666666,1.5698723934018044,HIGH
358,27,0.9500000000000002,0.7,5,250.0,13.25925925925926,0.09788106630211892,MEDIUM
3487,17,0.9000000000000001,0.9500000000000002,5,250.0,205.11764705882354,1.359454191033138,HIGH
2698,14,0.9000000000000001,1.0000000000000002,5,250.0,192.71428571428572,1.3323456790123451,HIGH
449,10,0.9000000000000001,0.8,3,300.0,44.9,0.29695767195767186,MEDIUM
1615,8,0.8,0.9000000000000001,4,250.0,201.875,2.2430555555555554,HIGH
1050,23,0.9000000000000001,0.8,3,350.0,45.65217391304348,0.2083333333333333,MEDIUM
2348,3,0.8500000000000001,0.75,4,300.0,782.6666666666666,12.277124183006535,HIGH
335,9,0.9000000000000001,0.8,1,350.0,37.22222222222222,0.16617063492063489,MEDIUM
2116,10,0.7,0.7,2,325.0,211.6,1.6609105180533754,HIGH
917,13,0.9500000000000002,0.8,4,275.0,70.53846153846153,0.4875066454013821,MEDIUM
3191,14,0.75,0.9500000000000002,4,300.0,227.92857142857142,1.4928654970760233,HIGH
466,8,0.9500000000000002,0.8,2,275.0,58.25,0.3716108452950557,MEDIUM
395,3,0.9000000000000001,1.0000000000000002,3,300.0,131.66666666666666,1.4629629629629624,HIGH
921,4,0.9500000000000002,0.8500000000000001,1,250.0,230.25,1.520743034055727,HIGH
2987,27,0.9000000000000001,0.8500000000000001,4,325.0,110.62962962962963,0.5223511924279186,MEDIUM
835,17,0.9500000000000002,0.9500000000000002,3,350.0,49.11764705882353,0.18881790943524218,MEDIUM
3480,18,0.75,0.7,4,350.0,193.33333333333334,1.3527696793002917,HIGH
2142,24,0.8,1.0000000000000002,5,350.0,89.25,0.40263157894736834,MEDIUM
919,25,0.9500000000000002,0.8500000000000001,0,275.0,36.76,0.16553898114269625,LOW
3301,9,0.8500000000000001,0.9000000000000001,4,250.0,366.77777777777777,3.452026143790849,HIGH
1171,19,0.9000000000000001,0.75,1,350.0,61.63157894736842,0.27536743092298643,MEDIUM
2367,3,0.9000000000000001,0.9500000000000002,1,350.0,789.0,3.954887218045111,HIGH
2239,26,0.75,1.0000000000000002,6,325.0,86.11538461538461,0.4592820512820512,MEDIUM
644,13,0.9000000000000001,0.75,2,300.0,49.53846153846154,0.2891133557800224,MEDIUM
2901,10,1.0000000000000002,0.7,6,325.0,290.1,3.1879120879120877,HIGH
2256,9,0.7,0.75,4,300.0,250.66666666666666,2.8647619047619046,HIGH
1055,19,0.8,0.9000000000000001,3,300.0,55.526315789473685,0.30526620370370366,MEDIUM
2730,5,0.8,1.0000000000000002,1,350.0,546.0,2.4374999999999996,HIGH
1818,8,0.9500000000000002,0.9000000000000001,6,300.0,227.25,3.5438596491228056,HIGH
2908,25,0.9500000000000002,1.0000000000000002,5,300.0,116.32,0.5101754385964911,MEDIUM
2098,28,0.9000000000000001,1.0000000000000002,1,350.0,74.92857142857143,0.24667842445620217,LOW
3217,19,0.9000000000000001,0.9000000000000001,4,275.0,169.31578947368422,0.9628133183688737,MEDIUM
2068,27,1.0000000000000002,0.8500000000000001,4,350.0,76.5925925925926,0.30222871757398606,MEDIUM
2913,9,0.9000000000000001,0.9000000000000001,4,300.0,323.6666666666667,2.39753086419753,HIGH
754,26,0.8,0.8500000000000001,1,325.0,29.0,0.1364705882352941,MEDIUM
3175,22,0.7,0.7,2,325.0,144.3181818181818,0.9968602825745685,MEDIUM
788,25,0.8500000000000001,0.75,5,325.0,31.52,0.19016591251885365,MEDIUM
1694,17,0.7,0.7,1,325.0,99.6470588235294,0.6648351648351649,MEDIUM
948,13,1.0000000000000002,1.0000000000000002,6,325.0,72.92307692307692,0.41670329670329653,MEDIUM
1618,4,0.7,0.8500000000000001,3,300.0,404.5,9.064425770308121,HIGH
1889,30,1.0000000000000002,0.8500000000000001,1,300.0,62.96666666666667,0.2554428668018931,LOW
2642,9,0.9500000000000002,0.9000000000000001,1,325.0,293.55555555555554,1.1884840305892932,HIGH
1264,13,0.75,0.9500000000000002,0,250.0,97.23076923076923,0.5458569500674763,MEDIUM
2569,16,0.7,0.8500000000000001,6,250.0,160.5625,1.7270588235294113,HIGH
2139,4,0.7,0.75,6,275.0,534.75,14.815584415584416,HIGH
2440,22,0.9000000000000001,0.9000000000000001,3,325.0,110.9090909090909,0.48782925975908414,MEDIUM
2927,18,0.8500000000000001,1.0000000000000002,0,250.0,162.61111111111111,0.7652287581699343,LOW
3106,25,0.9000000000000001,0.9500000000000002,6,250.0,124.24,0.764789165897199,MEDIUM
2052,24,0.9000000000000001,0.8500000000000001,3,250.0,85.5,0.510924369747899,MEDIUM
3324,6,0.8,0.9500000000000002,4,350.0,554.0,6.248120300751879,HIGH
2737,14,0.75,1.0000000000000002,4,350.0,195.5,1.0426666666666664,MEDIUM
1431,17,0.75,0.9000000000000001,2,250.0,84.17647058823529,0.5653333333333332,MEDIUM
2220,18,0.9500000000000002,0.7,0,350.0,123.33333333333333,0.5298961689939132,MEDIUM
3053,23,1.0000000000000002,0.8500000000000001,5,350.0,132.7391304347826,0.5701213818860876,MEDIUM
3036,23,0.7,0.9500000000000002,0,275.0,132.0,0.7218045112781953,MEDIUM
1967,24,0.9500000000000002,0.75,5,300.0,81.95833333333333,0.4843336411203446,MEDIUM
2990,22,0.75,0.9500000000000002,2,325.0,135.9090909090909,0.6456140350877191,MEDIUM
3410,19,0.8500000000000001,1.0000000000000002,3,350.0,179.47368421052633,0.7163865546218484,MEDIUM
1422,9,0.9500000000000002,0.9500000000000002,6,350.0,158.0,1.500593589236248,HIGH
2740,15,0.9000000000000001,0.7,5,325.0,182.66666666666666,1.3382173382173381,HIGH
2797,18,0.8,0.7,4,275.0,155.38888888888889,1.2973098330241186,HIGH
1720,27,0.8500000000000001,0.75,0,250.0,63.7037037037037,0.39970951343500355,MEDIUM
1364,29,0.9500000000000002,0.8500000000000001,3,300.0,47.03448275862069,0.21655949829324433,MEDIUM
2235,30,0.9500000000000002,0.8500000000000001,1,275.0,74.5,0.3470597940545628,LOW
1984,4,0.8,0.8,0,325.0,496.0,2.3846153846153846,HIGH
518,17,0.75,0.9500000000000002,3,250.0,30.470588235294116,0.207719298245614,MEDIUM
506,3,1.0000000000000002,0.9500000000000002,5,325.0,168.66666666666666,1.638866396761133,HIGH
2109,22,0.8,0.8500000000000001,2,250.0,95.86363636363636,0.6202941176470588,MEDIUM
2361,29,1.0000000000000002,0.8,0,275.0,81.41379310344827,0.37006269592476476,MEDIUM
1794,19,0.7,0.75,4,300.0,94.42105263157895,0.7593650793650794,MEDIUM
1311,21,0.9000000000000001,0.9000000000000001,0,350.0,62.42857142857143,0.22020660115898202,LOW
776,23,0.9000000000000001,0.75,5,250.0,33.73913043478261,0.2554732510288066,MEDIUM
2517,6,0.9000000000000001,1.0000000000000002,0,275.0,419.5,1.6949494949494943,HIGH
2311,12,0.9000000000000001,0.9500000000000002,0,325.0,192.58333333333334,0.6930574298995349,LOW
926,20,0.7,1.0000000000000002,3,350.0,46.3,0.222328931572629,MEDIUM
1831,30,1.0000000000000002,0.7,1,350.0,61.03333333333333,0.25770584095707244,MEDIUM
2215,10,0.8,0.8500000000000001,6,300.0,221.5,2.714460784313725,HIGH
3329,25,0.75,1.0000000000000002,3,275.0,133.16,0.7336639118457298,MEDIUM
869,16,0.75,0.8500000000000001,4,300.0,54.3125,0.37864923747276685,MEDIUM
2227,26,0.7,0.8500000000000001,5,275.0,85.65384615384616,0.6481137909709337,MEDIUM
1603,8,1.0000000000000002,1.0000000000000002,0,350.0,200.375,0.5724999999999998,LOW
3009,18,1.0000000000000002,0.7,0,275.0,167.16666666666666,0.8683982683982682,MEDIUM
1847,12,0.7,0.75,2,300.0,153.91666666666666,1.1726984126984126,HIGH
1995,14,0.7,0.9500000000000002,5,350.0,142.5,0.9523809523809522,MEDIUM
1269,11,0.9000000000000001,0.8,6,350.0,115.36363636363636,1.007142857142857,MEDIUM
2986,3,0.8,0.9000000000000001,0,350.0,995.3333333333334,3.9497354497354493,HIGH
2806,12,0.7,0.7,1,350.0,233.83333333333334,1.4874105486350386,HIGH
594,23,0.9500000000000002,0.9500000000000002,2,325.0,25.82608695652174,0.09643542053514349,LOW
1698,24,0.7,0.9000000000000001,5,350.0,70.75,0.4052989616899391,MEDIUM
1491,18,0.7,0.8,4,275.0,82.83333333333333,0.6915584415584416,MEDIUM
517,6,0.75,0.9500000000000002,1,350.0,86.16666666666667,0.4146365914786967,MEDIUM
716,6,0.9000000000000001,0.9000000000000001,5,250.0,119.33333333333333,3.5358024691358017,HIGH
1474,27,0.8,0.8500000000000001,5,325.0,54.592592592592595,0.3031674208144796,MEDIUM
3269,18,0.7,0.7,1,325.0,181.61111111111111,1.2074983839689724,HIGH
2527,25,0.9500000000000002,1.0000000000000002,6,325.0,101.08,0.4307692307692306,MEDIUM
623,16,0.75,0.8,4,300.0,38.9375,0.2884259259259259,MEDIUM
2796,8,0.7,0.9000000000000001,1,250.0,349.5,2.536054421768707,HIGH
3118,26,0.9500000000000002,1.0000000000000002,3,300.0,119.92307692307692,0.475667429443173,MEDIUM
1705,20,0.8500000000000001,0.75,5,350.0,85.25,0.5094304388422034,MEDIUM
1881,3,0.8,0.75,3,250.0,627.0,12.54,HIGH
1778,16,0.9000000000000001,0.7,2,250.0,111.125,0.8063492063492064,MEDIUM
3434,25,0.9000000000000001,0.8,4,325.0,137.36,0.6988196988196986,MEDIUM
1011,25,0.9500000000000002,1.0000000000000002,5,275.0,40.44,0.19349282296650708,MEDIUM
1599,5,0.9000000000000001,0.9000000000000001,1,300.0,319.8,1.645061728395061,HIGH
365,25,0.8,0.75,3,250.0,14.6,0.1106060606060606,MEDIUM
2929,8,0.9000000000000001,0.9000000000000001,4,275.0,366.125,3.287317620650953,HIGH
2081,27,0.9000000000000001,0.75,3,275.0,77.07407407407408,0.4671156004489337,MEDIUM
816,11,0.75,0.8,2,325.0,74.18181818181819,0.46495726495726497,MEDIUM
1134,7,0.9000000000000001,0.75,4,275.0,162.0,2.036363636363636,HIGH
350,23,0.9000000000000001,0.9000000000000001,0,325.0,15.217391304347826,0.05780585490730416,LOW
368,8,0.75,0.8,0,350.0,46.0,0.21904761904761905,MEDIUM
2155,30,0.75,0.8,4,300.0,71.83333333333333,0.4604700854700855,MEDIUM
3047,30,0.8500000000000001,0.9500000000000002,1,275.0,101.56666666666666,0.47315042169317806,LOW
1758,5,0.8,1.0000000000000002,3,325.0,351.6,3.38076923076923,HIGH
2505,11,0.8,1.0000000000000002,1,350.0,227.72727272727272,0.894642857142857,MEDIUM
1791,20,0.7,0.8,2,250.0,89.55,0.7107142857142857,MEDIUM
2412,21,0.7,0.8500000000000001,2,325.0,114.85714285714286,0.6564828360493995,MEDIUM
1052,9,1.0000000000000002,0.9000000000000001,5,325.0,116.88888888888889,0.8991452991452988,MEDIUM
1979,23,1.0000000000000002,1.0000000000000002,0,275.0,86.04347826086956,0.312885375494071,LOW
1835,14,0.9000000000000001,1.0000000000000002,5,250.0,131.07142857142858,0.9061728395061724,MEDIUM
1447,29,0.8500000000000001,0.8,6,325.0,49.89655172413793,0.28467440487900836,MEDIUM
648,30,0.9500000000000002,0.9500000000000002,3,250.0,21.6,0.10637119113573403,MEDIUM
3265,11,0.8,0.9500000000000002,1,250.0,296.8181818181818,1.7184210526315786,HIGH
3215,7,0.9500000000000002,1.0000000000000002,3,300.0,459.2857142857143,2.82017543859649,HIGH
1971,13,0.8500000000000001,0.7,0,350.0,151.6153846153846,0.7280450641795179,MEDIUM
2798,5,0.75,0.8,0,275.0,559.6,3.3915151515151516,HIGH
1878,22,0.7,0.9000000000000001,0,325.0,85.36363636363636,0.4169164169164169,MEDIUM
2128,29,0.8500000000000001,1.0000000000000002,4,250.0,73.37931034482759,0.4005647058823528,MEDIUM
366,5,0.9000000000000001,1.0000000000000002,3,275.0,73.2,0.7393939393939392,MEDIUM
1899,14,0.9000000000000001,0.9500000000000002,0,250.0,135.64285714285714,0.6345864661654134,LOW
2666,18,1.0000000000000002,0.7,2,325.0,148.11111111111111,0.7324175824175824,MEDIUM
1863,21,0.9500000000000002,1.0000000000000002,5,300.0,88.71428571428571,0.4085526315789472,MEDIUM
3080,29,0.7,0.9500000000000002,0,275.0,106.20689655172414,0.5807622504537204,MEDIUM
2532,4,0.9500000000000002,1.0000000000000002,3,350.0,633.0,7.61503759398496,HIGH
2694,26,0.8,0.9500000000000002,5,350.0,103.61538461538461,0.4822771213748656,MEDIUM
1859,20,0.9500000000000002,0.7,3,250.0,92.95,0.6577620521892967,MEDIUM
2058,30,0.8,0.75,6,275.0,68.6,0.5196969696969697,MEDIUM
2591,3,0.8,0.8,2,275.0,863.6666666666666,14.721590909090908,HIGH
1049,30,0.9000000000000001,1.0000000000000002,1,250.0,34.96666666666667,0.16076628352490413,LOW
474,9,0.8500000000000001,0.8,6,250.0,52.666666666666664,0.9294117647058822,MEDIUM
3161,3,0.8,0.8500000000000001,6,275.0,1053.6666666666667,16.90374331550802,HIGH
3390,4,0.9500000000000002,0.8500000000000001,1,350.0,847.5,3.998230871295886,HIGH
1947,17,0.7,0.8,1,300.0,114.52941176470588,0.7243303571428571,MEDIUM
1707,5,0.7,0.9000000000000001,4,250.0,341.4,10.838095238095237,HIGH
2943,29,0.8,0.8500000000000001,5,350.0,101.48275862068965,0.5152310924369747,MEDIUM
2429,25,0.9000000000000001,0.7,1,250.0,97.16,0.6425925925925926,MEDIUM
1778,9,1.0000000000000002,0.9000000000000001,5,350.0,197.55555555555554,1.4111111111111105,HIGH
3028,24,1.0000000000000002,0.8,0,325.0,126.16666666666667,0.48525641025641014,MEDIUM
3417,9,1.0000000000000002,0.75,4,350.0,379.6666666666667,2.6034285714285708,HIGH
1387,7,0.9500000000000002,0.75,0,325.0,198.14285714285714,0.8556776556776554,MEDIUM
1909,30,0.9500000000000002,1.0000000000000002,6,275.0,63.63333333333333,0.3044657097288675,MEDIUM
2464,11,0.9500000000000002,0.7,5,325.0,224.0,1.9001349527665317,HIGH
702,10,0.9000000000000001,0.75,3,275.0,70.2,0.5402597402597402,MEDIUM
652,15,0.9500000000000002,0.75,5,250.0,43.46666666666667,0.36603508771929816,MEDIUM
2534,27,0.8,0.75,2,300.0,93.85185185185185,0.5631111111111111,MEDIUM
273,11,0.8,0.7,5,350.0,24.818181818181817,0.23214285714285715,MEDIUM
3065,7,0.7,0.75,5,350.0,437.85714285714283,8.34013605442177,HIGH
1643,13,0.8,0.7,2,275.0,126.38461538461539,0.9698937426210155,MEDIUM
1339,29,0.7,0.7,4,325.0,46.172413793103445,0.336326530612245,MEDIUM
2040,10,0.7,0.9000000000000001,2,250.0,204.0,1.6190476190476188,HIGH
1815,6,0.7,0.9000000000000001,6,275.0,302.5,10.476190476190474,HIGH
1898,3,0.7,1.0000000000000002,5,250.0,632.6666666666666,10.845714285714283,HIGH
862,20,0.75,0.9500000000000002,4,275.0,43.1,0.2749601275917065,MEDIUM
2389,6,0.7,1.0000000000000002,0,250.0,398.1666666666667,2.275238095238095,HIGH
1961,5,1.0000000000000002,1.0000000000000002,2,275.0,392.2,2.376969696969696,HIGH
1638,7,0.8,0.8500000000000001,5,325.0,234.0,3.705882352941176,HIGH
3112,25,0.8500000000000001,0.9000000000000001,5,275.0,124.48,0.7396316102198452,MEDIUM
1600,25,1.0000000000000002,0.9500000000000002,3,300.0,64.0,0.25518341307814985,MEDIUM
2903,28,0.8500000000000001,0.8500000000000001,6,350.0,103.67857142857143,0.5218172830629577,MEDIUM
3392,7,0.9000000000000001,1.0000000000000002,6,275.0,484.57142857142856,13.705050505050501,HIGH
2720,9,0.7,0.75,1,275.0,302.22222222222223,2.354978354978355,HIGH
2284,22,0.9500000000000002,1.0000000000000002,4,350.0,103.81818181818181,0.3816207184628236,MEDIUM
2368,20,0.8,0.8500000000000001,0,300.0,118.4,0.580392156862745,MEDIUM
1912,11,0.9500000000000002,1.0000000000000002,3,325.0,173.8181818181818,0.7740890688259107,MEDIUM
3228,8,1.0000000000000002,1.0000000000000002,2,325.0,403.5,1.6553846153846148,HIGH
3150,7,1.0000000000000002,0.9000000000000001,1,275.0,450.0,2.1212121212121207,HIGH
2460,4,0.7,0.7,1,300.0,615.0,5.578231292517007,HIGH
1213,14,0.7,0.8500000000000001,5,275.0,86.64285714285714,0.823699176640353,MEDIUM
1700,9,0.9500000000000002,0.75,0,325.0,188.88888888888889,0.815714499925026,MEDIUM
947,10,0.8,0.9000000000000001,1,250.0,94.7,0.5845679012345678,MEDIUM
1859,17,1.0000000000000002,0.9500000000000002,2,350.0,109.3529411764706,0.37273182957393475,LOW
2089,3,0.9500000000000002,0.9000000000000001,0,250.0,696.3333333333334,3.257699805068225,HIGH
1375,4,0.7,1.0000000000000002,2,275.0,343.75,3.5714285714285703,HIGH
3430,26,0.8500000000000001,0.7,5,250.0,131.92307692307693,1.0980392156862746,MEDIUM
619,21,0.8,0.8500000000000001,4,300.0,29.476190476190474,0.17848904267589388,MEDIUM
1045,4,1.0000000000000002,0.7,6,300.0,261.25,4.976190476190475,HIGH
476,4,0.7,1.0000000000000002,1,275.0,119.0,0.824242424242424,MEDIUM
1010,20,0.8,0.8,4,350.0,50.5,0.2818080357142857,MEDIUM
3379,12,0.8,0.8500000000000001,6,325.0,281.5833333333333,2.5482654600301653,HIGH
2237,18,0.7,0.8500000000000001,5,300.0,124.27777777777777,0.9640163757810815,MEDIUM
2345,22,0.75,0.7,0,250.0,106.5909090909091,0.8121212121212121,MEDIUM
1162,15,0.7,1.0000000000000002,2,275.0,77.46666666666667,0.4643356643356642,MEDIUM
2160,11,1.0000000000000002,0.8500000000000001,4,325.0,196.36363636363637,1.117000646412411,HIGH
260,6,0.9000000000000001,0.8500000000000001,4,250.0,43.333333333333336,0.6797385620915031,MEDIUM
1703,9,0.9000000000000001,1.0000000000000002,1,350.0,189.22222222222223,0.6757936507936505,LOW
3050,14,0.8,0.9500000000000002,1,300.0,217.85714285714286,1.0290148448043182,MEDIUM
877,16,0.9500000000000002,0.9500000000000002,1,300.0,54.8125,0.2159433671899045,LOW
2316,24,0.75,0.8,2,300.0,96.5,0.5848484848484848,MEDIUM
497,18,0.8500000000000001,0.9500000000000002,4,250.0,27.61111111111111,0.17585139318885443,MEDIUM
1536,21,0.9500000000000002,0.8,1,325.0,73.14285714285714,0.31093117408906873,MEDIUM
630,25,1.0000000000000002,0.7,1,350.0,25.2,0.10714285714285714,MEDIUM
2071,22,0.8500000000000001,1.0000000000000002,0,300.0,94.13636363636364,0.3691622103386808,LOW
1167,16,1.0000000000000002,0.8,0,350.0,72.9375,0.26049107142857136,MEDIUM
1324,12,0.8500000000000001,0.9000000000000001,6,325.0,110.33333333333333,0.8875481816658284,MEDIUM
3123,12,0.75,0.8,0,250.0,260.25,1.735,HIGH
2467,16,0.9000000000000001,0.8500000000000001,3,325.0,154.1875,0.7632749352206364,MEDIUM
2878,15,0.9000000000000001,0.8,3,300.0,191.86666666666667,1.1103395061728392,HIGH
3219,6,1.0000000000000002,0.9500000000000002,2,325.0,536.5,2.6064777327935214,HIGH
876,11,0.9500000000000002,0.75,5,350.0,79.63636363636364,0.5854636591478696,MEDIUM
533,22,0.75,0.8500000000000001,6,250.0,24.227272727272727,0.20901960784313722,MEDIUM
1609,12,0.75,0.75,1,300.0,134.08333333333334,0.8668013468013468,MEDIUM
1426,11,0.9500000000000002,0.9000000000000001,5,350.0,129.63636363636363,0.7942077415761623,MEDIUM
3041,17,0.8,1.0000000000000002,1,275.0,178.88235294117646,0.8639204545454543,MEDIUM
1016,3,0.7,0.7,0,325.0,338.6666666666667,2.1266352694924127,HIGH
2559,19,0.8,1.0000000000000002,3,275.0,134.68421052631578,0.7269886363636362,MEDIUM
929,29,0.8500000000000001,0.75,3,275.0,32.03448275862069,0.20381187440010967,MEDIUM
2784,8,0.9000000000000001,0.75,4,300.0,348.0,3.4370370370370362,HIGH
282,15,0.9500000000000002,0.9000000000000001,6,250.0,18.8,0.14658869395711493,MEDIUM
2209,16,0.75,0.75,1,300.0,138.0625,0.8726913580246914,MEDIUM
1755,12,0.75,0.75,5,300.0,146.25,1.4857142857142858,HIGH
1657,25,0.7,0.8,3,250.0,66.28,0.5379870129870129,MEDIUM
2207,15,0.9000000000000001,0.7,0,325.0,147.13333333333333,0.7185999185999185,MEDIUM
2169,21,0.8,0.7,6,325.0,103.28571428571429,0.7945054945054945,MEDIUM
1582,25,0.9500000000000002,0.8500000000000001,3,325.0,63.28,0.27400463313776,MEDIUM
2574,3,0.9500000000000002,0.75,0,275.0,858.0,4.378947368421051,HIGH
1304,22,0.9500000000000002,1.0000000000000002,0,275.0,59.27272727272727,0.2268812527185732,LOW
3318,7,0.75,0.7,0,275.0,474.0,3.2831168831168833,HIGH
3007,19,1.0000000000000002,0.8500000000000001,0,275.0,158.26315789473685,0.6770616380523499,LOW
2222,30,0.8500000000000001,0.8,3,275.0,74.06666666666666,0.4400871459694988,MEDIUM
1782,15,0.8500000000000001,0.8500000000000001,2,300.0,118.8,0.6324194836305561,LOW
2255,9,0.9500000000000002,0.9000000000000001,5,275.0,250.55555555555554,2.3976608187134496,HIGH
1812,18,0.8500000000000001,0.75,1,250.0,100.66666666666667,0.6687889273356401,MEDIUM
2424,29,0.9000000000000001,0.9000000000000001,2,275.0,83.58620689655173,0.40304277341314365,LOW
498,18,0.7,1.0000000000000002,5,300.0,27.666666666666668,0.18241758241758235,MEDIUM
2418,27,0.7,0.9000000000000001,0,275.0,89.55555555555556,0.5169151835818502,MEDIUM
272,8,1.0000000000000002,1.0000000000000002,5,325.0,34.0,0.2789743589743589,MEDIUM
714,27,0.75,0.9500000000000002,4,300.0,26.444444444444443,0.14523264683447748,MEDIUM
3009,7,1.0000000000000002,0.9000000000000001,1,300.0,429.85714285714283,1.8574074074074067,HIGH
807,15,0.8,0.7,2,325.0,53.8,0.3410819949281488,MEDIUM
2215,4,0.8500000000000001,0.7,1,325.0,553.75,3.818142641672053,HIGH
475,17,0.8500000000000001,1.0000000000000002,3,350.0,27.941176470588236,0.11404561824729888,MEDIUM
2114,18,0.8500000000000001,0.8500000000000001,1,350.0,117.44444444444444,0.4917565642173823,LOW
1754,27,0.9500000000000002,0.9500000000000002,1,350.0,64.96296296296296,0.21357036315485062,LOW
2720,30,0.75,0.9500000000000002,1,325.0,90.66666666666667,0.4050444413420819,MEDIUM
1969,24,0.8500000000000001,0.75,1,300.0,82.04166666666667,0.44762716680875236,MEDIUM
3426,5,0.9500000000000002,0.9000000000000001,0,275.0,685.2,2.9141945773524713,HIGH
2156,6,0.9000000000000001,0.75,6,275.0,359.3333333333333,11.614814814814814,HIGH
1886,27,1.0000000000000002,0.9500000000000002,5,325.0,69.85185185185185,0.2776591829223407,MEDIUM
1870,29,0.8500000000000001,0.75,2,350.0,64.48275862068965,0.31040564373897694,MEDIUM
2489,20,0.9000000000000001,1.0000000000000002,3,300.0,124.45,0.5422657952069714,MEDIUM
1165,8,0.8,0.7,1,325.0,145.625,0.9144427001569858,MEDIUM
1204,4,0.8,0.8500000000000001,4,275.0,301.0,6.4385026737967905,HIGH
2865,18,0.7,1.0000000000000002,0,300.0,159.16666666666666,0.7579365079365077,MEDIUM
707,3,0.9500000000000002,0.75,6,275.0,235.66666666666666,3.6082934609250388,HIGH
1167,7,0.9500000000000002,0.8500000000000001,6,300.0,166.71428571428572,4.8173374613003075,HIGH
1227,16,0.8,0.8500000000000001,3,325.0,76.6875,0.427079707622694,MEDIUM
1515,27,0.75,0.9000000000000001,5,300.0,56.111111111111114,0.34006734006734,MEDIUM
3241,6,0.7,0.9500000000000002,4,350.0,540.1666666666666,6.962406015037593,HIGH
2487,22,0.9000000000000001,0.8500000000000001,0,275.0,113.04545454545455,0.5373521309350185,LOW
1530,25,0.75,0.8,5,325.0,61.2,0.3923076923076923,MEDIUM
3125,17,0.8,0.9000000000000001,6,300.0,183.8235294117647,1.3152356902356899,HIGH
1778,13,0.8,0.8500000000000001,1,300.0,136.76923076923077,0.7263071895424835,MEDIUM
2298,7,0.9500000000000002,0.8,6,325.0,328.2857142857143,9.303643724696354,HIGH
2043,15,0.75,0.75,2,350.0,136.2,0.7982417582417582,MEDIUM
1228,29,0.7,0.9000000000000001,1,250.0,42.3448275862069,0.27845804988662126,MEDIUM
693,15,0.9500000000000002,0.75,4,300.0,46.2,0.2947368421052631,MEDIUM
1799,8,0.7,0.9000000000000001,0,350.0,224.875,1.0198412698412698,MEDIUM
2981,27,0.7,0.75,1,250.0,110.4074074074074,0.8735531135531136,MEDIUM
1643,13,0.75,0.9500000000000002,0,350.0,126.38461538461539,0.5068054752265277,MEDIUM
723,25,0.7,0.8500000000000001,2,275.0,28.92,0.1921147905802637,MEDIUM
2473,30,0.9000000000000001,0.8,1,250.0,82.43333333333334,0.47375478927203063,MEDIUM
2003,8,0.7,0.9500000000000002,6,300.0,250.375,5.020050125313283,HIGH
2635,9,0.8500000000000001,0.9500000000000002,2,275.0,292.77777777777777,1.6951469583048526,HIGH
3053,19,0.75,0.9000000000000001,6,325.0,160.68421052631578,1.0705237782160857,MEDIUM
1097,13,1.0000000000000002,0.9500000000000002,4,250.0,84.38461538461539,0.5132163742690057,MEDIUM
310,19,0.9500000000000002,0.8,2,275.0,16.31578947368421,0.08725021108922035,MEDIUM
2934,8,0.8,0.9500000000000002,1,350.0,366.75,1.5757250268528462,HIGH
477,15,0.8500000000000001,0.8500000000000001,6,325.0,31.8,0.225712004258717,MEDIUM
2265,28,0.8500000000000001,0.9000000000000001,5,325.0,80.89285714285714,0.3960915469866875,MEDIUM
3121,21,0.75,0.8,2,250.0,148.61904761904762,1.0950877192982456,MEDIUM
1817,19,0.9000000000000001,1.0000000000000002,4,275.0,95.63157894736842,0.48942760942760927,MEDIUM
3124,14,0.8500000000000001,0.8500000000000001,5,300.0,223.14285714285714,1.6014353453799814,HIGH
2674,3,0.8500000000000001,0.75,4,350.0,891.3333333333334,11.984313725490193,HIGH
1301,9,1.0000000000000002,0.9000000000000001,4,325.0,144.55555555555554,0.8895726495726491,MEDIUM
2124,8,0.75,0.8500000000000001,2,325.0,265.5,1.708597285067873,HIGH
731,30,0.8500000000000001,0.9000000000000001,6,275.0,24.366666666666667,0.14478114478114473,MEDIUM
3459,28,0.8,0.7,6,250.0,123.53571428571429,1.123051948051948,HIGH
3317,20,1.0000000000000002,0.9500000000000002,6,325.0,165.85,0.7673799884326197,MEDIUM
918,13,0.8500000000000001,0.8500000000000001,6,350.0,70.61538461538461,0.5186074429771906,MEDIUM
353,8,0.7,0.8,0,300.0,44.125,0.26264880952380953,MEDIUM
1288,9,0.8500000000000001,0.7,0,300.0,143.11111111111111,0.8017429193899782,MEDIUM
1791,7,1.0000000000000002,0.8500000000000001,2,350.0,255.85714285714286,1.204033613445378,HIGH
1773,30,0.75,0.9500000000000002,6,250.0,59.1,0.41473684210526307,MEDIUM
1089,23,0.9500000000000002,0.9500000000000002,3,325.0,47.34782608695652,0.18563818453015124,MEDIUM
3343,28,0.75,0.9000000000000001,0,275.0,119.39285714285714,0.6431938431938431,MEDIUM
3468,23,0.7,0.8500000000000001,0,250.0,150.7826086956522,1.0136645962732918,MEDIUM
674,11,0.8500000000000001,0.8,2,275.0,61.27272727272727,0.40047534165181214,MEDIUM
512,5,0.8,1.0000000000000002,4,250.0,102.4,2.559999999999999,HIGH
1317,29,0.9500000000000002,1.0000000000000002,0,350.0,45.41379310344828,0.13658283640134816,LOW
2471,27,0.9000000000000001,0.75,6,275.0,91.51851851851852,0.6338945005611671,MEDIUM
1419,3,0.9500000000000002,0.7,5,325.0,473.0,6.565644881434355,HIGH
1681,20,0.9000000000000001,0.75,0,325.0,84.05,0.383133903133903,MEDIUM
2018,19,0.75,0.8500000000000001,6,350.0,106.21052631578948,0.6957121310062485,MEDIUM
3146,4,0.9500000000000002,0.9000000000000001,6,250.0,786.5,14.718128654970755,HIGH
2689,23,0.9500000000000002,0.7,2,350.0,116.91304347826087,0.5501508874226381,MEDIUM
1024,25,0.9000000000000001,0.8500000000000001,4,300.0,40.96,0.2124701732544869,MEDIUM
3452,10,0.8500000000000001,0.9000000000000001,3,275.0,345.2,2.344113402936932,HIGH
2418,11,0.75,0.7,5,350.0,219.8181818181818,2.1931972789115646,HIGH
411,3,0.8500000000000001,0.8500000000000001,6,350.0,137.0,1.6253089471082545,HIGH
1334,28,1.0000000000000002,0.9000000000000001,1,325.0,47.642857142857146,0.16891421335865772,LOW
3190,21,0.9000000000000001,0.9500000000000002,3,275.0,151.9047619047619,0.7537361923326834,MEDIUM
1518,23,0.9000000000000001,1.0000000000000002,3,325.0,66.0,0.2594871794871794,MEDIUM
1978,30,0.8,0.75,2,250.0,65.93333333333334,0.4709523809523809,MEDIUM
1693,23,0.8,0.8500000000000001,4,325.0,73.6086956521739,0.40319123600857343,MEDIUM
971,19,0.9500000000000002,0.9500000000000002,5,325.0,51.10526315789474,0.2364615993424857,MEDIUM
1687,14,0.9500000000000002,0.7,1,275.0,120.5,0.7096061832903937,MEDIUM
813,6,0.8,1.0000000000000002,6,250.0,135.5,4.064999999999999,HIGH
2605,5,0.75,0.8500000000000001,2,300.0,521.0,4.5403050108932455,HIGH
2348,24,1.0000000000000002,0.9500000000000002,5,300.0,97.83333333333333,0.4336103416435825,MEDIUM
2539,10,0.9000000000000001,0.8,6,250.0,253.9,3.526388888888888,HIGH
2644,13,0.8,0.8500000000000001,3,325.0,203.3846153846154,1.1963800904977373,HIGH
1845,7,1.0000000000000002,0.7,0,350.0,263.57142857142856,1.075801749271137,MEDIUM
588,28,0.8500000000000001,0.9000000000000001,6,325.0,21.0,0.1075003427944604,MEDIUM
2919,4,0.8,1.0000000000000002,4,325.0,729.75,11.226923076923075,HIGH
1903,9,0.9500000000000002,0.8,2,300.0,211.44444444444446,1.1923558897243103,HIGH
1256,20,0.8500000000000001,0.7,4,275.0,62.8,0.479755538579068,MEDIUM
1194,18,0.75,0.8,4,250.0,66.33333333333333,0.5685714285714286,MEDIUM
2595,25,0.8500000000000001,0.8,0,250.0,103.8,0.6105882352941175,MEDIUM
623,6,0.75,0.8500000000000001,6,325.0,103.83333333333333,3.006938159879336,HIGH
2284,26,0.9500000000000002,0.9500000000000002,0,300.0,87.84615384615384,0.3244548618509836,LOW
3387,12,0.75,0.7,1,325.0,282.25,1.8045954045954047,HIGH
2469,5,0.8,0.75,1,275.0,493.8,3.7409090909090907,HIGH
3189,12,1.0000000000000002,0.8500000000000001,3,350.0,265.75,1.191036414565826,HIGH
1299,7,0.8,0.7,5,275.0,185.57142857142858,4.217532467532467,HIGH
3130,29,0.8,0.7,0,325.0,107.93103448275862,0.5930276619931792,MEDIUM
1818,26,0.8,0.8500000000000001,5,325.0,69.92307692307692,0.3917259211376858,MEDIUM
1368,14,0.75,0.9500000000000002,2,325.0,97.71428571428571,0.49230769230769217,MEDIUM
1139,9,0.8,0.7,3,275.0,126.55555555555556,1.2326839826839828,HIGH
2777,17,0.75,1.0000000000000002,4,350.0,163.35294117647058,0.8137728937728936,MEDIUM
2305,11,0.8,0.8,1,350.0,209.54545454545453,1.0290178571428572,MEDIUM
3011,23,0.8500000000000001,0.9000000000000001,1,350.0,130.91304347826087,0.5111620405738051,LOW
735,17,0.8500000000000001,0.75,0,275.0,43.23529411764706,0.2466184334696445,MEDIUM
2390,23,0.8500000000000001,0.9000000000000001,4,325.0,103.91304347826087,0.5059405678600724,MEDIUM
1073,28,0.9500000000000002,0.8,6,300.0,38.32142857142857,0.2139154704944178,MEDIUM
1565,6,0.7,0.75,6,250.0,260.8333333333333,11.923809523809524,HIGH
2243,20,0.75,1.0000000000000002,0,325.0,112.15,0.460102564102564,MEDIUM
2251,4,0.7,0.75,0,325.0,562.75,3.298168498168499,HIGH
3244,4,0.9500000000000002,0.75,3,275.0,811.0,16.556299840510363,HIGH
2244,30,0.8500000000000001,0.8500000000000001,0,350.0,74.8,0.295798319327731,LOW
772,3,0.9000000000000001,0.9500000000000002,1,350.0,257.3333333333333,1.2898913951545525,HIGH
2864,18,0.9000000000000001,0.9500000000000002,4,275.0,159.11111111111111,0.8700539226855015,MEDIUM
2139,18,0.75,1.0000000000000002,3,250.0,118.83333333333333,0.7605333333333332,MEDIUM
844,11,0.9500000000000002,0.8,2,350.0,76.72727272727273,0.352548036758563,MEDIUM
770,11,0.7,0.7,4,300.0,70.0,0.7482993197278912,MEDIUM
2486,30,0.9500000000000002,0.75,6,325.0,82.86666666666666,0.4473234367971209,MEDIUM
583,25,1.0000000000000002,0.8500000000000001,6,325.0,23.32,0.1110740652536318,MEDIUM
2926,30,0.7,0.7,0,250.0,97.53333333333333,0.7961904761904762,MEDIUM
1004,23,0.7,0.9000000000000001,1,250.0,43.65217391304348,0.2897546897546897,MEDIUM
3067,17,0.9000000000000001,0.75,1,275.0,180.41176470588235,1.0326599326599326,MEDIUM
2589,19,0.7,0.75,6,300.0,136.26315789473685,1.2644688644688644,HIGH
2430,3,0.8,0.75,2,250.0,810.0,16.2,HIGH
2714,16,0.8500000000000001,0.9000000000000001,1,350.0,169.625,0.6757547463429814,LOW
3177,15,1.0000000000000002,0.8,3,275.0,211.8,1.2034090909090907,HIGH
2924,30,0.9000000000000001,0.9000000000000001,0,325.0,97.46666666666667,0.37024374802152565,LOW
2283,28,0.8500000000000001,0.9000000000000001,5,300.0,81.53571428571429,0.4325092355782892,MEDIUM
1135,30,0.9000000000000001,0.9500000000000002,4,350.0,37.833333333333336,0.14587751429856688,MEDIUM
2665,28,1.0000000000000002,0.7,4,300.0,95.17857142857143,0.5287698412698412,MEDIUM
2942,6,0.9500000000000002,1.0000000000000002,2,250.0,490.3333333333333,3.0968421052631565,HIGH
3370,10,0.9500000000000002,0.8,1,300.0,337.0,1.6423001949317735,HIGH
957,7,0.7,1.0000000000000002,4,325.0,136.71428571428572,1.402197802197802,HIGH
3167,19,0.8,0.75,2,250.0,166.68421052631578,1.2419607843137255,HIGH
3192,26,0.9000000000000001,0.9500000000000002,2,275.0,122.76923076923077,0.5656565656565655,LOW
1903,8,1.0000000000000002,0.8500000000000001,6,325.0,237.875,3.4443438914027142,HIGH
2053,14,0.9000000000000001,0.9500000000000002,6,250.0,146.64285714285714,1.200584795321637,HIGH
3126,4,0.75,0.8,5,350.0,781.5,14.885714285714286,HIGH
2651,18,0.8,0.75,5,325.0,147.27777777777777,1.045759368836292,MEDIUM
1776,3,1.0000000000000002,0.9000000000000001,6,300.0,592.0,6.577777777777775,HIGH
1199,19,0.8,0.8500000000000001,4,300.0,63.10526315789474,0.39183006535947706,MEDIUM
1141,13,0.7,0.9000000000000001,5,275.0,87.76923076923077,0.8232323232323231,MEDIUM
2319,3,0.7,0.7,1,250.0,773.0,9.46530612244898,HIGH
1599,11,0.9000000000000001,1.0000000000000002,6,300.0,145.36363636363637,1.184444444444444,HIGH
3227,28,1.0000000000000002,0.75,1,325.0,115.25,0.4903323836657169,MEDIUM
1660,10,0.8,0.9000000000000001,4,350.0,166.0,1.097883597883598,MEDIUM
1459,17,0.75,0.8500000000000001,4,325.0,85.82352941176471,0.5416869706462466,MEDIUM
3251,17,1.0000000000000002,0.9000000000000001,6,275.0,191.23529411764707,1.1941230486685028,HIGH
758,16,0.9500000000000002,0.8500000000000001,6,275.0,47.375,0.34134534196453686,MEDIUM
732,18,0.9000000000000001,1.0000000000000002,3,300.0,40.666666666666664,0.18074074074074065,MEDIUM
1583,3,0.75,1.0000000000000002,2,325.0,527.6666666666666,6.494358974358973,HIGH
2925,12,0.9500000000000002,0.9000000000000001,6,300.0,243.75,1.9005847953216366,HIGH
2459,13,0.7,0.9500000000000002,5,275.0,189.15384615384616,1.680792891319207,HIGH
1954,6,0.75,0.9500000000000002,2,300.0,325.6666666666667,2.285380116959064,HIGH
2521,24,0.8,0.9500000000000002,5,350.0,105.04166666666667,0.49881282152750284,MEDIUM
1313,14,0.8500000000000001,0.9000000000000001,6,275.0,93.78571428571429,0.7801544860368388,MEDIUM
3105,9,0.9500000000000002,0.9000000000000001,5,325.0,345.0,2.793522267206477,HIGH
982,21,0.9500000000000002,0.9000000000000001,2,350.0,46.76190476190476,0.17271248296179037,LOW
1502,24,1.0000000000000002,0.7,6,250.0,62.583333333333336,0.47682539682539676,MEDIUM
3401,5,1.0000000000000002,1.0000000000000002,4,275.0,680.2,12.367272727272722,HIGH
2819,17,0.8500000000000001,0.9500000000000002,6,325.0,165.8235294117647,0.9765095585529017,MEDIUM
1667,13,0.8500000000000001,0.8,0,300.0,128.23076923076923,0.6285822021116138,MEDIUM
1089,26,0.7,0.8500000000000001,5,350.0,41.88461538461539,0.249013891270794,MEDIUM
670,14,0.9500000000000002,0.8500000000000001,6,275.0,47.857142857142854,0.37714607374050085,MEDIUM
1780,16,0.8,0.9000000000000001,5,325.0,111.25,0.6915306915306915,MEDIUM
2647,10,0.9500000000000002,0.75,2,250.0,264.7,1.8575438596491223,HIGH
1468,11,0.75,0.8,2,350.0,133.45454545454547,0.7767195767195767,MEDIUM
1877,28,0.7,0.9000000000000001,6,275.0,67.03571428571429,0.49245703791158324,MEDIUM
1384,12,0.9500000000000002,0.9000000000000001,3,325.0,115.33333333333333,0.5534063077922724,MEDIUM
430,28,1.0000000000000002,0.7,4,275.0,15.357142857142858,0.09307359307359307,MEDIUM
3369,3,0.75,0.8,6,250.0,1123.0,22.46,HIGH
603,19,0.75,0.75,3,250.0,31.736842105263158,0.268,MEDIUM
2341,9,0.8,0.8500000000000001,3,250.0,260.1111111111111,2.295098039215686,HIGH
1116,13,0.8,0.8,1,250.0,85.84615384615384,0.58125,MEDIUM
1596,8,0.8,0.8,0,275.0,199.5,1.1335227272727273,HIGH
455,8,0.9000000000000001,0.8,0,350.0,56.875,0.2256944444444444,MEDIUM
3040,25,1.0000000000000002,0.75,5,350.0,121.6,0.5790476190476189,MEDIUM
877,10,1.0000000000000002,0.8500000000000001,2,275.0,87.7,0.4689839572192512,LOW
1330,21,0.75,0.8,4,350.0,63.333333333333336,0.37254901960784315,MEDIUM
569,3,1.0000000000000002,1.0000000000000002,0,300.0,189.66666666666666,0.6322222222222219,LOW
1063,7,0.75,0.9000000000000001,4,325.0,151.85714285714286,1.6151946818613483,HIGH
1989,14,0.7,0.75,1,300.0,142.07142857142858,0.9714285714285714,MEDIUM
2799,16,0.75,0.8,3,350.0,174.9375,1.0252747252747254,MEDIUM
3272,5,1.0000000000000002,0.9500000000000002,3,275.0,654.4,6.2622009569377965,HIGH
2798,14,1.0000000000000002,0.7,3,350.0,199.85714285714286,1.0382189239332096,MEDIUM
3309,19,1.0000000000000002,0.9000000000000001,4,250.0,174.1578947368421,0.980444444444444,MEDIUM
1165,13,1.0000000000000002,0.8500000000000001,3,350.0,89.61538461538461,0.3915966386554621,MEDIUM
1378,30,0.8,0.9000000000000001,1,250.0,45.93333333333333,0.26398467432950184,MEDIUM
2891,11,0.75,0.8,1,350.0,262.8181818181818,1.3766666666666667,HIGH
385,23,0.9500000000000002,0.9500000000000002,5,350.0,16.73913043478261,0.06771314250538625,MEDIUM
2422,26,1.0000000000000002,0.8,1,350.0,93.15384615384616,0.3459999999999999,MEDIUM
1819,17,0.75,0.8500000000000001,5,325.0,107.0,0.7316239316239316,MEDIUM
1820,15,0.7,0.75,1,275.0,121.33333333333333,0.9004329004329005,MEDIUM
3111,6,0.8,0.75,5,300.0,518.5,17.283333333333335,HIGH
921,9,0.75,0.8500000000000001,6,250.0,102.33333333333333,1.9262745098039211,HIGH
2566,19,0.9000000000000001,0.7,4,250.0,135.05263157894737,1.086137566137566,MEDIUM
1331,22,0.9000000000000001,0.8,3,325.0,60.5,0.29937022042285194,MEDIUM
1382,27,0.9000000000000001,0.8500000000000001,5,300.0,51.18518518518518,0.2737175678352148,MEDIUM
1364,11,1.0000000000000002,1.0000000000000002,2,325.0,124.0,0.46632478632478613,LOW
1074,14,0.75,0.9000000000000001,5,275.0,76.71428571428571,0.6428731762065094,MEDIUM
3105,9,0.8,1.0000000000000002,0,325.0,345.0,1.3269230769230766,HIGH
2256,4,1.0000000000000002,0.8,4,275.0,564.0,10.254545454545452,HIGH
1355,3,0.8,0.9500000000000002,4,275.0,451.6666666666667,6.483253588516746,HIGH
3480,23,0.8,1.0000000000000002,3,275.0,151.30434782608697,0.7909090909090907,MEDIUM
2275,5,1.0000000000000002,0.7,2,325.0,455.0,3.333333333333333,HIGH
477,9,0.9500000000000002,0.7,2,250.0,53.0,0.40988184747583234,MEDIUM
547,16,1.0000000000000002,0.9000000000000001,6,250.0,34.1875,0.24311111111111103,MEDIUM
2798,7,0.7,0.9500000000000002,4,250.0,399.7142857142857,5.61002506265664,HIGH
1808,27,0.8,0.7,4,300.0,66.96296296296296,0.46790890269151136,MEDIUM
514,16,1.0000000000000002,0.9000000000000001,4,275.0,32.125,0.173063973063973,MEDIUM
1538,23,0.7,0.9000000000000001,6,300.0,66.8695652173913,0.47868036103330214,MEDIUM
3116,17,0.9000000000000001,0.8,5,325.0,183.2941176470588,1.1096866096866096,HIGH
3460,20,0.9500000000000002,0.75,5,350.0,173.0,0.9249791144527985,MEDIUM
1507,30,0.9500000000000002,1.0000000000000002,4,325.0,50.233333333333334,0.18772967922765485,MEDIUM
3426,8,0.7,0.9500000000000002,0,250.0,428.25,2.5759398496240595,HIGH
3345,8,0.9000000000000001,0.7,1,350.0,418.125,2.16715257531584,HIGH
3147,20,0.7,0.7,3,300.0,157.35,1.2593037214885954,HIGH
2253,8,0.75,0.7,2,325.0,281.625,2.200732600732601,HIGH
3259,8,1.0000000000000002,0.7,4,350.0,407.375,3.3255102040816324,HIGH
3285,15,0.8,0.75,6,250.0,219.0,2.433333333333333,HIGH
1633,12,0.8,0.9500000000000002,2,275.0,136.08333333333334,0.7813397129186602,MEDIUM
1222,7,0.75,0.9500000000000002,4,275.0,174.57142857142858,2.0788942052099944,HIGH
563,4,0.75,0.7,6,325.0,140.75,3.2996336996336995,HIGH
3459,10,1.0000000000000002,0.75,6,275.0,345.9,4.1927272727272715,HIGH
1297,17,0.9500000000000002,0.9500000000000002,6,250.0,76.29411764705883,0.5225887685721479,MEDIUM
557,11,0.8,0.9500000000000002,1,350.0,50.63636363636363,0.20939849624060147,MEDIUM
1105,25,0.7,1.0000000000000002,3,275.0,44.2,0.26092089728453355,MEDIUM
2135,9,0.9500000000000002,0.8,0,250.0,237.22222222222223,1.2485380116959062,HIGH
3059,17,0.75,0.8500000000000001,1,300.0,179.94117647058823,0.999673202614379,MEDIUM
2644,17,0.8500000000000001,0.9000000000000001,2,350.0,155.52941176470588,0.6583255524431992,LOW
1692,5,0.8500000000000001,1.0000000000000002,5,250.0,338.4,7.9623529411764675,HIGH
1047,29,0.8,0.8,2,250.0,36.10344827586207,0.2423611111111111,MEDIUM
3050,19,0.7,1.0000000000000002,0,250.0,160.52631578947367,0.9172932330827065,MEDIUM
2330,19,0.9000000000000001,0.7,5,325.0,122.63157894736842,0.8128379556950984,MEDIUM
3442,20,0.9000000000000001,1.0000000000000002,2,350.0,172.1,0.6070546737213401,LOW
656,11,0.9000000000000001,0.75,5,275.0,59.63636363636363,0.5890011223344556,MEDIUM
564,5,0.8,1.0000000000000002,2,275.0,112.8,0.8545454545454543,MEDIUM
1923,29,0.8,1.0000000000000002,2,275.0,66.3103448275862,0.32373737373737366,MEDIUM
508,6,1.0000000000000002,0.8,6,275.0,84.66666666666667,2.3090909090909086,HIGH
2588,14,0.9500000000000002,0.7,3,325.0,184.85714285714286,1.0885956149114042,MEDIUM
3101,7,0.7,0.9500000000000002,4,275.0,443.0,5.652312599681021,HIGH
2127,23,0.9500000000000002,0.75,6,250.0,92.47826086956522,0.7024148606811144,MEDIUM
821,29,0.75,0.75,2,325.0,28.310344827586206,0.16633111744222856,MEDIUM
866,7,1.0000000000000002,0.8,3,300.0,123.71428571428571,0.9020833333333331,MEDIUM
1294,30,0.9500000000000002,0.7,0,350.0,43.13333333333333,0.1853204439670605,MEDIUM
2096,13,0.75,0.8500000000000001,5,325.0,161.23076923076923,1.2645550527903466,HIGH
1559,12,0.8500000000000001,0.9500000000000002,3,250.0,129.91666666666666,0.8580667354661161,MEDIUM
3408,17,0.7,0.7,3,300.0,200.47058823529412,1.6559766763848396,HIGH
2703,13,0.7,0.75,0,275.0,207.92307692307693,1.4401598401598403,HIGH
730,5,0.7,0.9000000000000001,2,350.0,146.0,1.1035525321239608,HIGH
3085,21,0.9500000000000002,0.7,5,250.0,146.9047619047619,1.1597744360902253,HIGH
2647,17,0.8,0.8500000000000001,2,275.0,155.7058823529412,0.9436720142602494,MEDIUM
678,6,0.8500000000000001,1.0000000000000002,3,325.0,113.0,0.8180995475113119,MEDIUM
1750,18,1.0000000000000002,0.7,0,325.0,97.22222222222223,0.42735042735042733,MEDIUM
1677,13,0.8500000000000001,1.0000000000000002,1,350.0,129.0,0.4697478991596637,LOW
459,18,0.9500000000000002,0.9000000000000001,6,350.0,25.5,0.12781954887218042,MEDIUM
659,20,1.0000000000000002,1.0000000000000002,3,325.0,32.95,0.11927601809954748,MEDIUM
3351,3,0.8500000000000001,0.9000000000000001,3,300.0,1117.0,14.60130718954248,HIGH
2085,17,1.0000000000000002,0.9500000000000002,3,275.0,122.6470588235294,0.5700615174299382,MEDIUM
1428,7,0.75,0.75,1,350.0,204.0,1.208888888888889,HIGH
2918,8,0.8,0.7,5,275.0,364.75,6.316017316017316,HIGH
1010,10,0.8500000000000001,0.75,3,275.0,101.0,0.823020117137764,MEDIUM
2820,12,0.8500000000000001,1.0000000000000002,1,300.0,235.0,1.0053475935828875,MEDIUM
2513,12,0.75,0.7,3,325.0,209.41666666666666,1.6364672364672366,HIGH
429,16,0.8,0.75,1,300.0,26.8125,0.15888888888888889,MEDIUM
2931,9,0.9500000000000002,0.75,0,325.0,325.6666666666667,1.406387764282501,HIGH
2908,29,0.75,1.0000000000000002,3,325.0,100.27586206896552,0.4588560157790926,MEDIUM
564,27,0.9000000000000001,1.0000000000000002,2,300.0,20.88888888888889,0.08355555555555552,LOW
3004,14,1.0000000000000002,0.8500000000000001,3,250.0,214.57142857142858,1.2851336898395718,HIGH
2566,27,0.7,0.8,5,250.0,95.03703703703704,0.8331168831168831,MEDIUM
1290,27,0.8,1.0000000000000002,0,325.0,47.77777777777778,0.18376068376068372,MEDIUM
756,16,0.9500000000000002,0.9500000000000002,4,325.0,47.25,0.21478798210100142,MEDIUM
2646,15,0.75,0.9500000000000002,0,325.0,176.4,0.7617813765182184,MEDIUM
496,10,0.9500000000000002,0.8,6,250.0,49.6,0.6526315789473682,MEDIUM
2900,27,0.8500000000000001,0.8500000000000001,1,250.0,107.4074074074074,0.6175139739153578,LOW
2979,30,0.9000000000000001,1.0000000000000002,6,350.0,99.3,0.3940476190476189,MEDIUM
2898,11,0.9500000000000002,0.75,3,250.0,263.45454545454544,2.033684210526315,HIGH
3312,26,0.8500000000000001,1.0000000000000002,5,250.0,127.38461538461539,0.7421848739495795,MEDIUM
1100,5,0.8500000000000001,0.8,1,350.0,220.0,1.1554621848739492,HIGH
3000,18,0.8500000000000001,0.8,5,250.0,166.66666666666666,1.3574660633484161,HIGH
906,17,0.9000000000000001,1.0000000000000002,2,250.0,53.294117647058826,0.2684444444444443,LOW
582,18,0.8,0.7,1,250.0,32.333333333333336,0.2445378151260504,MEDIUM
1945,16,0.8,0.8500000000000001,0,350.0,121.5625,0.510766806722689,MEDIUM
3124,24,0.8500000000000001,0.7,5,350.0,130.16666666666666,0.7895368673785303,MEDIUM
2080,21,0.75,0.8500000000000001,5,325.0,99.04761904761905,0.6274509803921567,MEDIUM
1864,23,0.8500000000000001,0.9000000000000001,4,250.0,81.04347826086956,0.5129686962504298,MEDIUM
2884,3,0.75,0.9500000000000002,3,350.0,961.3333333333334,11.564912280701751,HIGH
1519,9,0.7,0.7,5,250.0,168.77777777777777,3.1000000000000005,HIGH
2504,5,0.9000000000000001,0.9000000000000001,0,250.0,500.8,2.473086419753086,HIGH
1081,12,0.8500000000000001,0.7,5,350.0,90.08333333333333,0.7415537643628879,MEDIUM
3008,23,1.0000000000000002,1.0000000000000002,5,325.0,130.7826086956522,0.514188034188034,MEDIUM
2989,5,1.0000000000000002,0.7,1,275.0,597.8,3.8818181818181814,HIGH
3315,26,0.75,0.9000000000000001,3,350.0,127.5,0.6100759144237404,MEDIUM
2263,13,1.0000000000000002,1.0000000000000002,0,300.0,174.07692307692307,0.58025641025641,LOW
1594,13,0.9500000000000002,1.0000000000000002,0,275.0,122.61538461538461,0.4693411851306586,LOW
1873,3,0.9500000000000002,0.75,2,350.0,624.3333333333334,7.510776942355888,HIGH
513,16,0.8500000000000001,0.9500000000000002,2,250.0,32.0625,0.18151260504201677,LOW
1029,8,1.0000000000000002,0.9500000000000002,4,275.0,128.625,0.9846889952153106,MEDIUM
1601,30,0.7,0.75,2,250.0,53.36666666666667,0.4356462585034014,MEDIUM
702,7,0.9000000000000001,0.7,4,300.0,100.28571428571429,1.238095238095238,HIGH
3453,25,1.0000000000000002,0.8,1,350.0,138.12,0.5138392857142856,MEDIUM
427,23,1.0000000000000002,0.8,4,300.0,18.565217391304348,0.09364035087719295,MEDIUM
1832,21,0.9000000000000001,1.0000000000000002,6,250.0,87.23809523809524,0.5428148148148146,MEDIUM
3428,24,0.9500000000000002,0.8,2,300.0,142.83333333333334,0.68341307814992,MEDIUM
700,22,0.9000000000000001,0.7,4,300.0,31.818181818181817,0.20576131687242794,MEDIUM
379,5,0.8,0.9000000000000001,4,350.0,75.8,1.5039682539682537,HIGH
906,18,0.75,0.7,6,250.0,50.333333333333336,0.5752380952380952,MEDIUM
2847,8,0.9500000000000002,0.7,3,250.0,355.875,3.424962406015037,HIGH
1046,25,0.9500000000000002,1.0000000000000002,4,300.0,41.84,0.17477025898078524,MEDIUM
1409,16,0.9000000000000001,0.75,1,275.0,88.0625,0.5060381593714927,MEDIUM
663,4,0.8,0.9500000000000002,6,275.0,165.75,3.1722488038277508,HIGH
1997,4,0.8,0.8500000000000001,5,250.0,499.25,11.747058823529409,HIGH
1431,29,0.7,0.75,6,350.0,49.3448275862069,0.3385980479148182,MEDIUM
3421,22,0.8,0.9500000000000002,1,325.0,155.5,0.6595334490071331,MEDIUM
2064,21,0.8,1.0000000000000002,3,300.0,98.28571428571429,0.4777777777777777,MEDIUM
2116,22,0.9000000000000001,0.8,6,250.0,96.18181818181819,0.734722222222222,MEDIUM
1574,4,0.9000000000000001,0.75,5,325.0,393.5,7.174928774928773,HIGH
2470,22,0.9500000000000002,0.7,2,250.0,112.27272727272727,0.7428571428571428,MEDIUM
3432,8,0.8500000000000001,0.8500000000000001,5,250.0,429.0,6.333564013840829,HIGH
2490,28,0.75,0.9500000000000002,0,325.0,88.92857142857143,0.3840370156159629,MEDIUM
2663,19,0.9500000000000002,0.7,5,275.0,140.1578947368421,1.0401327995312957,MEDIUM
1493,13,1.0000000000000002,0.9000000000000001,0,325.0,114.84615384615384,0.392636423405654,LOW
1994,19,0.7,0.75,1,350.0,104.94736842105263,0.6028722600151172,MEDIUM
1627,30,0.9000000000000001,0.9500000000000002,4,325.0,54.233333333333334,0.22519810374061378,MEDIUM
2735,18,0.7,0.9500000000000002,1,300.0,151.94444444444446,0.8064278342916112,MEDIUM
3265,27,0.7,0.7,5,350.0,120.92592592592592,0.8653591306652533,MEDIUM
2617,6,0.8500000000000001,0.9000000000000001,5,350.0,436.1666666666667,9.774042950513534,HIGH
1625,27,0.9500000000000002,0.8,1,275.0,60.18518518518518,0.29904306220095683,MEDIUM
310,6,0.9000000000000001,0.7,1,250.0,51.666666666666664,0.39365079365079364,MEDIUM
1726,20,1.0000000000000002,0.9000000000000001,3,325.0,86.3,0.3471091000502764,MEDIUM
2406,6,0.75,0.9000000000000001,1,250.0,401.0,2.851555555555555,HIGH
3363,6,1.0000000000000002,0.8500000000000001,1,350.0,560.5,2.2608403361344536,HIGH
1381,27,0.8500000000000001,0.7,6,350.0,51.148148148148145,0.31578345623963866,MEDIUM
1438,21,0.8500000000000001,0.7,1,350.0,68.47619047619048,0.3452581032412965,MEDIUM
404,27,1.0000000000000002,0.9500000000000002,0,325.0,14.962962962962964,0.04846303793672213,LOW
2488,12,1.0000000000000002,0.9500000000000002,3,250.0,207.33333333333334,1.163976608187134,HIGH
3123,19,0.75,0.9500000000000002,0,300.0,164.3684210526316,0.7689750692520775,MEDIUM
2638,3,0.8,0.7,4,325.0,879.3333333333334,14.494505494505495,HIGH
471,25,1.0000000000000002,0.9500000000000002,0,350.0,18.84,0.05666165413533832,LOW
1748,30,0.75,0.8500000000000001,0,300.0,58.266666666666666,0.30466230936819166,MEDIUM
983,5,0.8,1.0000000000000002,5,275.0,196.6,4.468181818181817,HIGH
449,4,0.7,0.9500000000000002,0,325.0,112.25,0.5193753614806247,MEDIUM
2732,20,0.8,0.9000000000000001,5,300.0,136.6,0.8432098765432098,MEDIUM
2932,5,0.9000000000000001,0.9000000000000001,2,325.0,586.4,3.712567268122822,HIGH
1469,16,0.75,0.9000000000000001,6,300.0,91.8125,0.725432098765432,MEDIUM
980,4,0.8,0.9000000000000001,3,300.0,245.0,4.537037037037036,HIGH
706,23,0.9000000000000001,0.7,0,325.0,30.695652173913043,0.1499177151351064,MEDIUM
1703,17,0.9500000000000002,0.7,4,350.0,100.17647058823529,0.5628356605800214,MEDIUM
1823,14,0.9500000000000002,1.0000000000000002,5,350.0,130.21428571428572,0.6091896407685878,MEDIUM
2678,18,1.0000000000000002,0.9000000000000001,5,350.0,148.77777777777777,0.6539682539682538,MEDIUM
2077,9,0.8500000000000001,0.9000000000000001,6,325.0,230.77777777777777,2.7846489022959604,HIGH
1696,8,0.8500000000000001,0.75,4,275.0,212.0,2.418538324420677,HIGH
1558,17,0.8,1.0000000000000002,0,300.0,91.6470588235294,0.3818627450980391,MEDIUM
2412,4,1.0000000000000002,1.0000000000000002,2,275.0,603.0,4.385454545454544,HIGH
482,21,0.75,0.8,4,350.0,22.952380952380953,0.1350140056022409,MEDIUM
2440,6,0.8500000000000001,1.0000000000000002,3,350.0,406.6666666666667,2.7338935574229684,HIGH
2602,16,0.8500000000000001,1.0000000000000002,1,350.0,162.625,0.583081232492997,LOW
825,12,0.9000000000000001,0.7,3,325.0,68.75,0.44770044770044765,MEDIUM
1531,30,0.9000000000000001,0.9000000000000001,2,325.0,51.03333333333333,0.20770587437254096,LOW
1631,4,0.7,0.9500000000000002,1,275.0,407.75,2.972886762360446,HIGH
2591,20,1.0000000000000002,0.7,0,300.0,129.55,0.6169047619047618,MEDIUM
2277,30,0.9000000000000001,1.0000000000000002,5,325.0,75.9,0.31138461538461526,MEDIUM
3116,12,1.0000000000000002,0.8500000000000001,6,325.0,259.6666666666667,1.879939668174962,HIGH
677,21,0.75,0.8500000000000001,2,250.0,32.23809523809524,0.22357069143446848,MEDIUM
1691,23,0.75,0.9000000000000001,4,300.0,73.52173913043478,0.4395061728395061,MEDIUM
2799,28,0.8500000000000001,1.0000000000000002,5,250.0,99.96428571428571,0.5726854219948847,MEDIUM
1415,12,1.0000000000000002,0.9500000000000002,2,250.0,117.91666666666667,0.5957894736842103,LOW
2566,10,0.75,0.8,5,325.0,256.6,2.631794871794872,HIGH
837,15,1.0000000000000002,0.8500000000000001,5,250.0,55.8,0.3938823529411764,MEDIUM
2119,24,0.9000000000000001,0.7,3,250.0,88.29166666666667,0.6406651549508692,MEDIUM
1633,14,0.8,0.7,5,325.0,116.64285714285714,0.9969474969474971,MEDIUM
2513,20,0.8500000000000001,0.8,0,325.0,125.65,0.5685520361990949,MEDIUM
1761,15,0.9000000000000001,0.9000000000000001,2,250.0,117.4,0.6689458689458687,LOW
3473,11,1.0000000000000002,0.9500000000000002,6,300.0,315.72727272727275,2.4371929824561396,HIGH
956,6,1.0000000000000002,0.8500000000000001,4,275.0,159.33333333333334,2.044919786096256,HIGH
2720,10,0.7,0.75,0,300.0,272.0,1.726984126984127,HIGH
3251,17,0.9500000000000002,0.9000000000000001,6,275.0,191.23529411764707,1.2569716301773715,HIGH
2114,8,0.9000000000000001,0.9500000000000002,6,325.0,264.25,3.8038686459739077,HIGH
1645,14,0.8,0.8500000000000001,2,250.0,117.5,0.8063725490196078,MEDIUM
3121,19,0.7,0.8,6,250.0,164.26315789473685,1.7148351648351647,HIGH
2816,9,0.9000000000000001,0.7,1,325.0,312.8888888888889,1.7191697191697188,HIGH
2122,25,1.0000000000000002,0.7,3,325.0,84.88,0.4239760239760239,MEDIUM
1329,19,1.0000000000000002,0.9500000000000002,1,300.0,69.94736842105263,0.25906432748538,LOW
3421,21,1.0000000000000002,0.7,5,300.0,162.9047619047619,1.0181547619047617,MEDIUM
2224,6,0.9000000000000001,0.8500000000000001,6,300.0,370.6666666666667,9.690631808278864,HIGH
1306,7,0.75,0.9500000000000002,3,275.0,186.57142857142858,1.6663476874003187,HIGH
2158,14,0.7,0.7,5,325.0,154.14285714285714,1.505668934240363,HIGH
1354,12,1.0000000000000002,0.8,2,250.0,112.83333333333333,0.6769999999999998,MEDIUM
358,10,0.9000000000000001,0.8500000000000001,5,325.0,35.8,0.28798391151332314,MEDIUM
3242,14,0.7,0.8,0,275.0,231.57142857142858,1.5037105751391466,HIGH
2589,17,0.9500000000000002,0.9500000000000002,0,275.0,152.2941176470588,0.6136252536773961,LOW
1746,11,0.9500000000000002,0.9500000000000002,3,325.0,158.72727272727272,0.7440869379927548,MEDIUM
3243,15,0.8,0.9500000000000002,2,250.0,216.2,1.3129554655870443,HIGH
1311,9,1.0000000000000002,0.8500000000000001,0,325.0,145.66666666666666,0.5273001508295625,LOW
3214,13,0.7,0.9000000000000001,3,250.0,247.23076923076923,2.04063492063492,HIGH
520,20,1.0000000000000002,0.7,6,325.0,26.0,0.16326530612244897,MEDIUM
1597,17,0.7,0.7,1,350.0,93.94117647058823,0.5819970845481051,MEDIUM
3220,8,0.8,0.8500000000000001,4,325.0,402.5,3.642533936651583,HIGH
2155,14,1.0000000000000002,0.8,0,250.0,153.92857142857142,0.7696428571428569,MEDIUM
3086,21,1.0000000000000002,1.0000000000000002,5,325.0,146.95238095238096,0.5934615384615383,MEDIUM
3067,23,0.8500000000000001,0.8,0,250.0,133.34782608695653,0.7843989769820972,MEDIUM
796,28,0.8,0.75,1,250.0,28.428571428571427,0.1965432098765432,MEDIUM
1182,4,0.9000000000000001,0.75,0,275.0,295.5,1.5919191919191917,HIGH
3278,22,0.7,0.8500000000000001,5,350.0,149.0,0.9259233105006708,MEDIUM
2540,18,0.75,0.8500000000000001,1,350.0,141.11111111111111,0.6696325589059152,MEDIUM
3273,11,0.7,0.9000000000000001,0,275.0,297.54545454545456,1.7174340810704445,HIGH
1846,20,0.9000000000000001,0.8,4,325.0,92.3,0.4930555555555554,MEDIUM
491,17,0.8500000000000001,1.0000000000000002,5,275.0,28.88235294117647,0.17504456327985732,MEDIUM
729,30,0.8,0.8500000000000001,2,350.0,24.3,0.10939375750300118,MEDIUM
2772,28,0.9000000000000001,0.9000000000000001,6,300.0,99.0,0.5185185185185184,MEDIUM
874,8,0.75,0.8500000000000001,4,350.0,109.25,0.9792717086834732,MEDIUM
459,11,0.9500000000000002,0.8500000000000001,2,275.0,41.72727272727273,0.22966507177033485,LOW
1770,13,0.9500000000000002,0.9500000000000002,6,350.0,136.15384615384616,0.8004974843122842,MEDIUM
1458,24,0.8,0.8,4,275.0,60.75,0.4142045454545455,MEDIUM
1473,6,0.7,0.8500000000000001,5,350.0,245.5,7.073229291716687,HIGH
3212,11,0.9000000000000001,0.9000000000000001,1,275.0,292.0,1.4419753086419749,HIGH
2080,30,0.75,1.0000000000000002,5,325.0,69.33333333333333,0.34133333333333327,MEDIUM
617,9,0.7,1.0000000000000002,0,350.0,68.55555555555556,0.27981859410430837,MEDIUM
832,20,1.0000000000000002,0.8,1,350.0,41.6,0.156390977443609,MEDIUM
805,9,0.8500000000000001,0.8500000000000001,2,350.0,89.44444444444444,0.4547701433514581,LOW
3215,16,0.9500000000000002,0.8500000000000001,3,300.0,200.9375,1.020877986822259,MEDIUM
3011,23,0.9000000000000001,0.8,4,275.0,130.91304347826087,0.8003721424774056,MEDIUM
2890,19,0.9500000000000002,1.0000000000000002,4,250.0,152.10526315789474,0.8112280701754382,MEDIUM
3224,12,0.75,0.8,2,325.0,268.6666666666667,1.6533333333333333,HIGH
2796,8,1.0000000000000002,0.75,6,350.0,349.5,5.325714285714285,HIGH
2639,17,1.0000000000000002,0.8500000000000001,0,275.0,155.23529411764707,0.6641082101289711,LOW
3332,26,0.75,1.0000000000000002,4,275.0,128.15384615384616,0.7343250688705233,MEDIUM
1036,15,0.75,0.8500000000000001,5,275.0,69.06666666666666,0.5909447415329767,MEDIUM
3458,11,1.0000000000000002,0.9500000000000002,6,300.0,314.3636363636364,2.426666666666666,HIGH
1888,19,0.8500000000000001,0.8500000000000001,3,325.0,99.36842105263158,0.5025286132552567,MEDIUM
1599,27,0.8500000000000001,0.75,0,250.0,59.22222222222222,0.37159041394335507,MEDIUM
2011,15,0.9000000000000001,1.0000000000000002,5,300.0,134.06666666666666,0.7448148148148145,MEDIUM
3240,6,0.8500000000000001,0.9500000000000002,4,275.0,540.0,7.295243456234166,HIGH
1060,10,0.9000000000000001,0.9500000000000002,5,300.0,106.0,0.826510721247563,MEDIUM
1870,9,0.9000000000000001,0.9000000000000001,4,275.0,207.77777777777777,1.6790123456790118,HIGH
1137,28,0.9000000000000001,0.8,3,250.0,40.607142857142854,0.2526666666666666,MEDIUM
3048,29,1.0000000000000002,0.9500000000000002,4,300.0,105.10344827586206,0.4277894736842104,MEDIUM
1088,6,1.0000000000000002,0.8,0,350.0,181.33333333333334,0.6476190476190475,MEDIUM
1336,17,0.75,0.8500000000000001,3,350.0,78.58823529411765,0.4276910764305722,MEDIUM
957,29,0.8,1.0000000000000002,3,350.0,33.0,0.13145604395604393,MEDIUM
1821,26,0.9000000000000001,1.0000000000000002,3,325.0,70.03846153846153,0.270680044593088,MEDIUM
430,7,0.9000000000000001,0.8500000000000001,3,250.0,61.42857142857143,0.5620915032679736,MEDIUM
2143,4,0.7,0.8,5,250.0,535.75,15.307142857142857,HIGH
2505,26,0.9500000000000002,0.8500000000000001,4,250.0,96.34615384615384,0.5640303968477342,MEDIUM
2540,20,0.8500000000000001,0.8,0,325.0,127.0,0.5746606334841627,MEDIUM
1689,20,0.9000000000000001,1.0000000000000002,6,350.0,84.45,0.3829931972789114,MEDIUM
486,27,0.7,1.0000000000000002,4,350.0,18.0,0.0862466725820763,MEDIUM
2266,20,0.75,1.0000000000000002,6,250.0,113.3,0.8632380952380951,MEDIUM
1891,7,0.7,0.9000000000000001,2,350.0,270.14285714285717,1.7151927437641723,HIGH
2697,26,0.9500000000000002,0.9500000000000002,4,325.0,103.73076923076923,0.41795323789783606,MEDIUM
2270,19,0.7,1.0000000000000002,0,275.0,119.47368421052632,0.6206425153793573,MEDIUM
1023,26,0.75,0.9000000000000001,0,250.0,39.34615384615385,0.23316239316239312,MEDIUM
1901,28,0.7,0.9000000000000001,6,250.0,67.89285714285714,0.5486291486291485,MEDIUM
572,11,0.8500000000000001,0.8500000000000001,4,275.0,52.0,0.4112703905091447,MEDIUM
2880,8,0.8500000000000001,0.75,5,250.0,360.0,6.023529411764705,HIGH
1244,13,0.9500000000000002,0.8500000000000001,4,350.0,95.6923076923077,0.48906580175930014,MEDIUM
1652,3,0.7,0.8500000000000001,1,350.0,550.6666666666666,3.966386554621849,HIGH
1820,25,0.8500000000000001,0.9000000000000001,5,350.0,72.8,0.3398692810457515,MEDIUM
2329,15,0.9000000000000001,1.0000000000000002,0,275.0,155.26666666666668,0.6273400673400672,LOW
299,29,0.9000000000000001,0.9000000000000001,2,350.0,10.310344827586206,0.039061989679273615,LOW
865,16,0.8,0.9500000000000002,1,350.0,54.0625,0.21679197994987462,MEDIUM
1485,23,0.7,0.7,6,350.0,64.56521739130434,0.5093465957811697,MEDIUM
2682,19,0.9500000000000002,0.8,2,250.0,141.1578947368421,0.8303405572755415,MEDIUM
1638,25,0.8500000000000001,0.8500000000000001,4,275.0,65.52,0.39257628184963816,MEDIUM
1733,24,0.8500000000000001,0.9000000000000001,4,325.0,72.20833333333333,0.3485168426344896,MEDIUM
1437,20,0.9000000000000001,0.8500000000000001,0,250.0,71.85,0.3756862745098038,LOW
2916,29,0.7,0.75,0,300.0,100.55172413793103,0.638423645320197,MEDIUM
2072,25,0.7,1.0000000000000002,6,250.0,82.88,0.623157894736842,MEDIUM
952,17,0.7,0.8500000000000001,4,300.0,56.0,0.4102564102564102,MEDIUM
1572,6,0.75,0.9000000000000001,6,325.0,262.0,7.165811965811965,HIGH
1217,14,1.0000000000000002,1.0000000000000002,3,275.0,86.92857142857143,0.4023140495867767,MEDIUM
2665,3,0.9000000000000001,0.9000000000000001,2,275.0,888.3333333333334,11.964085297418627,HIGH
2544,20,0.9000000000000001,0.8500000000000001,4,300.0,127.2,0.6928104575163396,MEDIUM
3324,17,0.9000000000000001,0.7,6,350.0,195.52941176470588,1.370439084724799,HIGH
2769,29,0.9000000000000001,0.75,1,300.0,95.48275862068965,0.4883597883597882,MEDIUM
3269,28,0.9500000000000002,0.9500000000000002,5,325.0,116.75,0.48456998860467465,MEDIUM
3086,12,0.9000000000000001,0.8500000000000001,6,250.0,257.1666666666667,2.6893246187363826,HIGH
1495,23,0.7,0.8500000000000001,5,250.0,65.0,0.5583566760037347,MEDIUM
3209,18,0.8,0.7,6,350.0,178.27777777777777,1.36437074829932,HIGH
1199,9,0.9500000000000002,1.0000000000000002,4,325.0,133.22222222222223,0.7766801619433196,MEDIUM
1427,21,0.8,0.75,3,350.0,67.95238095238095,0.37751322751322747,MEDIUM
876,30,0.9000000000000001,0.8500000000000001,0,275.0,29.2,0.13879976232917404,LOW
2883,9,0.8500000000000001,0.75,2,275.0,320.3333333333333,2.3492742551566077,HIGH
3228,19,0.7,0.9000000000000001,0,275.0,169.89473684210526,0.9806334016860331,MEDIUM
1599,10,0.7,0.8500000000000001,2,350.0,159.9,0.9597839135654261,MEDIUM
1363,27,0.9500000000000002,0.8,4,325.0,50.48148148148148,0.23992254884703393,MEDIUM
2787,28,0.8,0.75,4,275.0,99.53571428571429,0.7037878787878787,MEDIUM
724,11,0.8500000000000001,0.9500000000000002,3,325.0,65.81818181818181,0.34484401047868524,MEDIUM
3473,7,0.9500000000000002,0.75,4,350.0,496.14285714285717,4.6422723475355046,HIGH
1085,20,0.8500000000000001,0.8500000000000001,6,250.0,54.25,0.42906574394463654,MEDIUM
1658,23,0.8500000000000001,0.8500000000000001,6,300.0,72.08695652173913,0.44996268403555184,MEDIUM
1478,24,0.9000000000000001,0.75,5,275.0,61.583333333333336,0.41906787169945053,MEDIUM
3091,17,0.7,0.9500000000000002,4,350.0,181.8235294117647,1.0215649012641492,MEDIUM
1845,22,0.75,0.9000000000000001,0,300.0,83.86363636363636,0.4141414141414141,MEDIUM
2133,13,0.8500000000000001,0.7,0,325.0,164.07692307692307,0.8484908756401968,MEDIUM
649,13,0.9000000000000001,0.9500000000000002,4,275.0,49.92307692307692,0.3066926575698505,MEDIUM
856,25,0.8500000000000001,0.9000000000000001,2,350.0,34.24,0.13900052774733077,LOW
1647,8,1.0000000000000002,0.8500000000000001,5,300.0,205.875,2.1529411764705877,HIGH
1499,9,0.9500000000000002,0.9500000000000002,4,325.0,166.55555555555554,1.022118048156829,MEDIUM
739,6,0.9000000000000001,0.9500000000000002,4,250.0,123.16666666666667,1.7286549707602334,HIGH
2120,6,0.7,0.7,4,350.0,353.3333333333333,6.180758017492712,HIGH
3272,27,0.8500000000000001,0.9000000000000001,4,325.0,121.18518518518519,0.5721905261547204,MEDIUM
1572,29,0.9500000000000002,0.75,4,300.0,54.206896551724135,0.29417543859649115,MEDIUM
770,10,1.0000000000000002,0.8500000000000001,4,325.0,77.0,0.46455505279034687,MEDIUM
663,23,0.8500000000000001,0.7,1,275.0,28.82608695652174,0.18417945690672963,MEDIUM
1992,15,0.7,1.0000000000000002,3,275.0,132.8,0.8623376623376621,MEDIUM
1801,14,0.75,0.9000000000000001,6,325.0,128.64285714285714,1.026210826210826,MEDIUM
310,3,0.7,0.9500000000000002,5,325.0,103.33333333333333,1.434355118565645,HIGH
3246,12,0.75,0.9500000000000002,1,250.0,270.5,1.656650717703349,HIGH
887,12,0.8500000000000001,1.0000000000000002,4,300.0,73.91666666666667,0.4348039215686273,MEDIUM
3002,28,0.9500000000000002,0.7,6,250.0,107.21428571428571,0.8207792207792207,MEDIUM
2324,13,0.7,0.9000000000000001,0,275.0,178.76923076923077,1.0318570318570317,MEDIUM
3127,24,0.7,0.75,0,350.0,130.29166666666666,0.7090702947845805,MEDIUM
1217,20,0.8500000000000001,0.9000000000000001,6,275.0,60.85,0.4132077073253543,MEDIUM
2508,30,0.9000000000000001,1.0000000000000002,2,350.0,83.6,0.28435374149659853,LOW
1173,17,0.9000000000000001,0.7,1,250.0,69.0,0.4654761904761905,MEDIUM
1080,6,0.9500000000000002,0.8,5,250.0,180.0,5.684210526315788,HIGH
3297,20,0.8,0.9000000000000001,2,250.0,164.85,1.0175925925925924,MEDIUM
2457,25,0.8500000000000001,0.8,6,325.0,98.28,0.5851393188854488,MEDIUM
2948,20,0.75,0.9000000000000001,6,325.0,147.4,0.9598697598697598,MEDIUM
2199,24,0.9000000000000001,0.8500000000000001,5,350.0,91.625,0.4322571133716644,MEDIUM
1389,15,0.9000000000000001,1.0000000000000002,3,350.0,92.6,0.3674603174603173,MEDIUM
1860,10,0.8,0.9000000000000001,2,250.0,186.0,1.2916666666666665,HIGH
498,22,1.0000000000000002,0.7,6,325.0,22.636363636363637,0.1368131868131868,MEDIUM
2441,26,1.0000000000000002,0.7,0,350.0,93.88461538461539,0.3832025117739403,MEDIUM
2728,4,0.7,0.7,4,250.0,682.0,22.269387755102045,HIGH
2538,16,1.0000000000000002,0.75,6,275.0,158.625,1.2305454545454542,HIGH
2568,6,0.9500000000000002,0.9000000000000001,5,250.0,428.0,12.014035087719293,HIGH
1920,28,0.9500000000000002,0.7,3,275.0,68.57142857142857,0.4199589883800409,MEDIUM
1144,9,0.8,0.8,2,250.0,127.11111111111111,1.0214285714285714,MEDIUM
2667,8,0.9500000000000002,0.7,5,250.0,333.375,5.34736842105263,HIGH
294,9,0.7,0.8,5,275.0,32.666666666666664,0.4772727272727273,MEDIUM
602,29,0.9000000000000001,0.75,1,275.0,20.75862068965517,0.1158249158249158,MEDIUM
1642,16,0.9000000000000001,0.8,5,350.0,102.625,0.5923520923520923,MEDIUM
2466,9,1.0000000000000002,0.9500000000000002,2,275.0,274.0,1.3484620642515373,HIGH
766,9,0.75,0.8,0,250.0,85.11111111111111,0.5674074074074075,MEDIUM
3111,25,1.0000000000000002,0.9500000000000002,3,300.0,124.44,0.49617224880382754,MEDIUM
1891,10,0.7,1.0000000000000002,5,325.0,189.1,1.6624175824175822,HIGH
2499,20,0.7,0.75,3,300.0,124.95,0.9333333333333333,MEDIUM
1924,9,1.0000000000000002,0.8,2,250.0,213.77777777777777,1.3742857142857137,HIGH
1898,14,0.8,0.8500000000000001,1,350.0,135.57142857142858,0.6134453781512604,MEDIUM
1937,13,0.8500000000000001,0.9500000000000002,4,325.0,149.0,0.8200894392844854,MEDIUM
2983,11,0.9500000000000002,0.9500000000000002,0,350.0,271.1818181818182,0.8585099111414898,MEDIUM
2788,12,0.7,0.7,5,350.0,232.33333333333334,2.3223656809662643,HIGH
2735,13,0.9500000000000002,0.9500000000000002,2,325.0,210.3846153846154,0.8476841717838944,MEDIUM
2762,3,0.9500000000000002,0.7,6,350.0,920.6666666666666,11.866809881847475,HIGH
3434,20,0.75,0.9500000000000002,3,250.0,171.7,1.1340350877192982,HIGH
2962,27,1.0000000000000002,0.7,6,300.0,109.70370370370371,0.6716553287981858,MEDIUM
3071,24,0.9500000000000002,0.8500000000000001,4,300.0,127.95833333333333,0.6338493292053662,MEDIUM
3098,4,0.7,1.0000000000000002,6,350.0,774.5,12.644897959183671,HIGH
1559,18,0.9500000000000002,0.9500000000000002,2,275.0,86.61111111111111,0.3925963233442456,LOW
1691,16,0.75,0.9000000000000001,1,275.0,105.6875,0.6073176206509538,MEDIUM
3352,9,0.8,0.9000000000000001,3,300.0,372.44444444444446,2.5864197530864192,HIGH
2756,7,0.9500000000000002,0.8,4,350.0,393.7142857142857,3.453634085213032,HIGH
720,8,1.0000000000000002,0.9500000000000002,5,325.0,90.0,0.7773279352226717,MEDIUM
2074,10,0.8,1.0000000000000002,1,275.0,207.4,1.0474747474747472,MEDIUM
2191,30,0.75,1.0000000000000002,5,350.0,73.03333333333333,0.3338666666666666,MEDIUM
745,5,0.8500000000000001,1.0000000000000002,6,300.0,149.0,2.9215686274509793,HIGH
2407,24,0.9500000000000002,0.9500000000000002,1,300.0,100.29166666666667,0.38652695812758425,LOW
1785,4,0.7,0.7,4,300.0,446.25,12.142857142857142,HIGH
2840,28,0.75,0.9000000000000001,1,350.0,101.42857142857143,0.4452282970801489,MEDIUM
3413,27,0.8500000000000001,0.8,5,300.0,126.4074074074074,0.7604723707664882,MEDIUM
1479,11,0.8500000000000001,0.75,2,300.0,134.45454545454547,0.8592592592592592,MEDIUM
2023,22,1.0000000000000002,1.0000000000000002,4,350.0,91.95454545454545,0.321111111111111,MEDIUM
3415,24,0.8500000000000001,0.9500000000000002,3,350.0,142.29166666666666,0.5753880499568246,MEDIUM
952,17,0.7,0.75,4,275.0,56.0,0.5072261072261072,MEDIUM
904,17,1.0000000000000002,0.8500000000000001,6,325.0,53.1764705882353,0.29749074454956803,MEDIUM
3091,29,0.9000000000000001,1.0000000000000002,4,275.0,106.58620689655173,0.49955555555555536,MEDIUM
1392,21,1.0000000000000002,0.9500000000000002,5,325.0,66.28571428571429,0.2817813765182185,MEDIUM
2778,19,0.7,0.75,6,350.0,146.21052631578948,1.1629513343799058,HIGH
2872,22,0.8500000000000001,0.8500000000000001,0,300.0,130.54545454545453,0.6022858341197439,LOW
2256,15,0.8,0.9000000000000001,0,250.0,150.4,0.8355555555555555,MEDIUM
3322,5,1.0000000000000002,0.7,1,325.0,664.4,3.65054945054945,HIGH
1317,10,0.9500000000000002,0.9500000000000002,2,250.0,131.7,0.7296398891966757,LOW
1371,11,0.8500000000000001,0.9000000000000001,6,250.0,124.63636363636364,1.4337254901960779,HIGH
1786,29,0.9500000000000002,0.8500000000000001,0,275.0,61.58620689655172,0.27733726719527924,LOW
1680,27,0.9500000000000002,0.8500000000000001,0,350.0,62.22222222222222,0.22015823873409007,LOW
1671,11,0.7,0.8,1,300.0,151.9090909090909,0.9946428571428572,MEDIUM
2388,8,0.9000000000000001,0.7,1,250.0,298.5,2.1659863945578235,HIGH
1320,25,0.75,0.9000000000000001,0,350.0,52.8,0.22349206349206346,MEDIUM
1236,19,0.9000000000000001,0.7,0,250.0,65.05263157894737,0.4130325814536341,MEDIUM
976,23,0.9500000000000002,0.9500000000000002,5,300.0,42.43478260869565,0.20026674874320294,MEDIUM
1807,3,0.7,0.8500000000000001,2,300.0,602.3333333333334,10.123249299719886,HIGH
1558,15,0.8,0.9000000000000001,3,275.0,103.86666666666666,0.6557239057239057,MEDIUM
3091,30,0.8500000000000001,0.9000000000000001,6,350.0,103.03333333333333,0.48101462807345136,MEDIUM
909,12,0.8500000000000001,1.0000000000000002,4,300.0,75.75,0.4455882352941175,MEDIUM
2516,4,0.9000000000000001,0.7,3,275.0,629.0,14.522366522366521,HIGH
3487,22,0.75,0.8,0,350.0,158.5,0.7547619047619047,MEDIUM
3354,3,0.9500000000000002,0.8,4,325.0,1118.0,13.57894736842105,HIGH
2476,5,1.0000000000000002,0.9500000000000002,0,250.0,495.2,2.0850526315789466,HIGH
1677,27,0.8500000000000001,0.7,2,300.0,62.111111111111114,0.37579831932773106,MEDIUM
1969,8,0.7,0.75,2,250.0,246.125,2.5003174603174605,HIGH
592,4,0.9500000000000002,0.9500000000000002,3,250.0,148.0,2.6238227146814395,HIGH
989,17,0.9000000000000001,0.75,2,325.0,58.1764705882353,0.30055080721747385,MEDIUM
1834,19,0.7,0.75,2,250.0,96.52631578947368,0.8219607843137254,MEDIUM
2931,14,0.8500000000000001,0.9000000000000001,3,300.0,209.35714285714286,1.161021984551396,HIGH
1516,22,1.0000000000000002,1.0000000000000002,5,275.0,68.9090909090909,0.32427807486631,MEDIUM
278,13,0.7,0.9000000000000001,4,275.0,21.384615384615383,0.1782908449575116,MEDIUM
2785,15,0.9000000000000001,1.0000000000000002,0,275.0,185.66666666666666,0.7501683501683498,LOW
2927,10,0.75,0.8500000000000001,0,325.0,292.7,1.412730015082956,HIGH
1170,4,0.8,1.0000000000000002,5,300.0,292.5,4.874999999999999,HIGH
3241,11,0.7,0.8500000000000001,4,325.0,294.6363636363636,2.394311570782159,HIGH
1040,13,0.9000000000000001,0.8500000000000001,0,300.0,80.0,0.34858387799564255,LOW
630,12,0.7,0.9500000000000002,0,250.0,52.5,0.31578947368421045,MEDIUM
3449,29,0.8,0.8,1,325.0,118.93103448275862,0.5922046703296704,MEDIUM
2108,20,0.9000000000000001,0.7,1,325.0,105.4,0.5418674892359102,MEDIUM
733,24,0.8500000000000001,0.8500000000000001,2,350.0,30.541666666666668,0.13175751584056078,LOW
367,6,0.8,0.8500000000000001,2,325.0,61.166666666666664,0.41515837104072395,MEDIUM
1727,23,1.0000000000000002,0.7,2,275.0,75.08695652173913,0.42721088435374144,MEDIUM
1565,12,0.9500000000000002,0.75,6,250.0,130.41666666666666,1.4643274853801165,HIGH
3122,18,0.9000000000000001,0.7,1,325.0,173.44444444444446,0.8969331322272498,MEDIUM
1398,5,0.8,1.0000000000000002,1,350.0,279.6,1.2482142857142855,HIGH
2794,25,0.7,1.0000000000000002,0,250.0,111.76,0.6386285714285713,MEDIUM
1079,11,0.8,0.7,4,350.0,98.0909090909091,0.7864431486880467,MEDIUM
2043,4,0.9500000000000002,0.7,5,275.0,510.75,11.171565276828433,HIGH
545,19,0.8,1.0000000000000002,5,300.0,28.68421052631579,0.16220238095238093,MEDIUM
2464,20,0.8500000000000001,1.0000000000000002,6,275.0,123.2,0.752941176470588,MEDIUM
2197,25,0.9500000000000002,0.8,6,350.0,87.88,0.43470518401266317,MEDIUM
1603,17,0.9000000000000001,0.9000000000000001,5,325.0,94.29411764705883,0.5074390629946184,MEDIUM
2598,3,1.0000000000000002,0.8,0,300.0,866.0,3.6083333333333325,HIGH
3491,3,0.7,0.9000000000000001,6,275.0,1163.6666666666667,20.15007215007215,HIGH
2380,30,0.8500000000000001,0.75,6,275.0,79.33333333333333,0.5656565656565656,MEDIUM
2425,7,0.75,0.75,4,325.0,346.42857142857144,4.421652421652422,HIGH
3117,30,0.8500000000000001,0.8500000000000001,1,350.0,103.9,0.42504303952818434,LOW
2881,7,0.9000000000000001,0.75,6,275.0,411.57142857142856,15.520538720538719,HIGH
1476,15,0.8,0.8500000000000001,4,275.0,98.4,0.717549829849295,MEDIUM
3405,17,1.0000000000000002,0.8,4,325.0,200.2941176470588,1.0073964497041417,MEDIUM
1618,21,0.7,1.0000000000000002,1,250.0,77.04761904761905,0.46228571428571424,MEDIUM
768,9,0.8,1.0000000000000002,0,350.0,85.33333333333333,0.3047619047619047,MEDIUM
3202,13,1.0000000000000002,0.75,2,350.0,246.30769230769232,1.1089177489177486,HIGH
562,25,0.9000000000000001,0.7,5,275.0,22.48,0.1621933621933622,MEDIUM
731,13,0.7,1.0000000000000002,3,300.0,56.23076923076923,0.34809523809523796,MEDIUM
3344,26,0.9000000000000001,0.7,1,350.0,128.6153846153846,0.6066213151927436,MEDIUM
250,24,1.0000000000000002,0.8,2,300.0,10.416666666666666,0.047348484848484834,MEDIUM
3147,8,0.8,0.7,3,250.0,393.375,4.4957142857142856,HIGH
1551,3,0.8500000000000001,0.7,6,250.0,517.0,10.426890756302521,HIGH
1664,17,0.8500000000000001,0.9500000000000002,2,325.0,97.88235294117646,0.42270381836945287,LOW
2288,5,0.75,1.0000000000000002,0,325.0,457.6,1.877333333333333,HIGH
1674,5,0.8500000000000001,0.9500000000000002,6,250.0,334.8,8.292260061919503,HIGH
1899,11,1.0000000000000002,1.0000000000000002,1,325.0,172.63636363636363,0.5843076923076921,LOW
510,6,0.75,0.9500000000000002,1,275.0,85.0,0.5205741626794258,MEDIUM
693,17,0.8500000000000001,0.75,2,275.0,40.76470588235294,0.26352941176470585,MEDIUM
2192,18,0.7,0.8500000000000001,2,325.0,121.77777777777777,0.7084680025856497,MEDIUM
676,6,0.9000000000000001,0.7,3,300.0,112.66666666666667,1.1922398589065255,HIGH
2006,7,0.75,0.7,0,250.0,286.57142857142856,2.1834013605442175,HIGH
984,6,0.8,0.8500000000000001,3,250.0,164.0,1.929411764705882,HIGH
2690,9,0.8,0.75,0,325.0,298.8888888888889,1.532763532763533,HIGH
2275,29,0.8,0.8500000000000001,0,325.0,78.44827586206897,0.35496957403651114,MEDIUM
1824,27,0.75,0.7,4,275.0,67.55555555555556,0.5492941840767928,MEDIUM
2049,30,0.8,0.8500000000000001,5,325.0,68.3,0.3708597285067873,MEDIUM
2532,28,1.0000000000000002,0.75,6,300.0,90.42857142857143,0.5115151515151514,MEDIUM
1750,20,0.8500000000000001,0.8,2,325.0,87.5,0.4399195575666163,MEDIUM
3304,30,0.9000000000000001,0.9000000000000001,1,275.0,110.13333333333334,0.5114749022794999,LOW
2181,18,0.7,0.7,5,250.0,121.16666666666667,1.3695447409733126,HIGH
3160,5,0.8,0.75,3,250.0,632.0,10.533333333333333,HIGH
2427,17,0.9500000000000002,0.9000000000000001,0,325.0,142.76470588235293,0.5137731205842658,LOW
3351,27,1.0000000000000002,0.8,2,300.0,124.11111111111111,0.5584999999999999,MEDIUM
2996,25,0.9500000000000002,0.8500000000000001,3,350.0,119.84,0.48184632704756536,MEDIUM
1664,14,0.8,0.8500000000000001,5,325.0,118.85714285714286,0.8366013071895424,MEDIUM
2849,7,0.9500000000000002,0.9500000000000002,5,325.0,407.0,4.8565949286170875,HIGH
3422,24,0.9000000000000001,0.9500000000000002,0,250.0,142.58333333333334,0.6670565302144248,LOW
2975,5,0.75,0.8500000000000001,4,250.0,595.0,18.666666666666664,HIGH
1411,15,1.0000000000000002,0.8500000000000001,1,250.0,94.06666666666666,0.4742857142857142,LOW
1613,3,0.9500000000000002,0.8,6,300.0,537.6666666666666,7.0745614035087705,HIGH
640,18,0.9000000000000001,0.9500000000000002,3,325.0,35.55555555555556,0.15354625880941664,MEDIUM
1756,10,0.9000000000000001,1.0000000000000002,4,350.0,175.6,0.9291005291005289,MEDIUM
2049,5,0.7,0.75,4,325.0,409.8,12.00879120879121,HIGH
1170,7,0.7,1.0000000000000002,6,325.0,167.14285714285714,5.142857142857142,HIGH
1505,4,1.0000000000000002,0.9000000000000001,4,325.0,376.25,5.145299145299143,HIGH
2161,17,0.7,1.0000000000000002,3,275.0,127.11764705882354,0.801855287569573,MEDIUM
1674,24,1.0000000000000002,0.9500000000000002,2,250.0,69.75,0.3203827751196171,LOW
3296,28,1.0000000000000002,0.75,1,350.0,117.71428571428571,0.4650440917107583,MEDIUM
2170,5,0.8500000000000001,0.8,3,275.0,434.0,5.802139037433154,HIGH
2597,20,0.8,0.75,6,350.0,129.85,0.8833333333333333,MEDIUM
3156,7,0.9500000000000002,0.8500000000000001,5,250.0,450.85714285714283,7.816718266253868,HIGH
2458,19,0.8500000000000001,0.8,6,300.0,129.3684210526316,0.9268476621417796,MEDIUM
3381,19,0.9500000000000002,0.8,1,300.0,177.94736842105263,0.823830409356725,MEDIUM
3105,27,0.9500000000000002,0.7,2,350.0,115.0,0.5336197636949516,MEDIUM
1867,10,1.0000000000000002,0.8500000000000001,2,275.0,186.7,0.9983957219251334,MEDIUM
965,10,0.7,0.75,1,325.0,96.5,0.6284086284086285,MEDIUM
2013,17,0.9500000000000002,1.0000000000000002,0,275.0,118.41176470588235,0.4532507739938078,LOW
864,29,0.9000000000000001,1.0000000000000002,4,325.0,29.79310344827586,0.11815384615384611,MEDIUM
1819,22,0.9000000000000001,0.8,2,325.0,82.68181818181819,0.38867521367521357,MEDIUM
2950,8,0.7,0.8500000000000001,0,275.0,368.75,2.2536287242169593,HIGH
930,20,0.7,0.8,1,250.0,46.5,0.34962406015037595,MEDIUM
2072,13,0.75,0.8500000000000001,2,250.0,159.3846153846154,1.1818894830659534,HIGH
711,18,0.8,0.9000000000000001,1,350.0,39.5,0.16596638655462181,MEDIUM
2563,3,1.0000000000000002,0.9000000000000001,1,250.0,854.3333333333334,5.695555555555553,HIGH
883,19,0.8,0.9500000000000002,5,275.0,46.473684210526315,0.30177717019822276,MEDIUM
1493,18,1.0000000000000002,0.7,5,275.0,82.94444444444444,0.5966033966033965,MEDIUM
2721,9,1.0000000000000002,0.8,1,275.0,302.3333333333333,1.546022727272727,HIGH
2385,18,0.8,0.75,6,325.0,132.5,1.0192307692307692,MEDIUM
2712,5,0.8,0.9000000000000001,6,250.0,542.4,15.066666666666665,HIGH
3089,6,1.0000000000000002,0.9500000000000002,3,250.0,514.8333333333334,4.335438596491227,HIGH
3468,27,0.8,0.8,0,325.0,128.44444444444446,0.6175213675213675,MEDIUM
1928,4,0.9000000000000001,0.8,0,275.0,482.0,2.434343434343434,HIGH
700,22,0.9500000000000002,0.9000000000000001,3,250.0,31.818181818181817,0.1723607263773468,MEDIUM
296,7,0.7,0.8,3,350.0,42.285714285714285,0.37755102040816324,MEDIUM
2564,26,0.8,0.8,1,350.0,98.61538461538461,0.45785714285714285,MEDIUM
873,18,0.75,0.8,6,350.0,48.5,0.3464285714285714,MEDIUM
3178,29,0.9500000000000002,0.9500000000000002,4,250.0,109.58620689655173,0.5634127423822712,MEDIUM
2274,9,0.7,0.9500000000000002,3,325.0,252.66666666666666,1.7536148062463852,HIGH
2205,22,0.8500000000000001,0.8500000000000001,4,250.0,100.22727272727273,0.6782006920415222,MEDIUM
891,22,0.8,0.9000000000000001,5,250.0,40.5,0.29117647058823526,MEDIUM
2276,3,0.9000000000000001,0.8,4,350.0,758.6666666666666,9.03174603174603,HIGH
1238,28,0.75,0.9500000000000002,1,250.0,44.214285714285715,0.25741390513320334,MEDIUM
808,30,0.8500000000000001,0.9500000000000002,0,300.0,26.933333333333334,0.11117991056071548,LOW
1203,5,0.8500000000000001,0.7,2,250.0,240.6,2.6957983193277313,HIGH
1916,9,0.75,0.7,6,275.0,212.88888888888889,4.423665223665223,HIGH
1046,19,0.8,0.75,5,250.0,55.05263157894737,0.49809523809523804,MEDIUM
2210,21,0.8500000000000001,0.7,1,275.0,105.23809523809524,0.6753246753246753,MEDIUM
1986,5,0.7,0.9500000000000002,3,300.0,397.2,4.977443609022556,HIGH
2808,17,0.9000000000000001,0.75,1,250.0,165.1764705882353,1.0399999999999998,MEDIUM
2090,3,0.9500000000000002,1.0000000000000002,1,350.0,696.6666666666666,3.142857142857142,HIGH
1040,20,0.8,0.8500000000000001,3,350.0,52.0,0.2570439940682155,MEDIUM
1350,6,1.0000000000000002,0.8500000000000001,4,300.0,225.0,2.647058823529411,HIGH
3311,12,1.0000000000000002,0.75,3,350.0,275.9166666666667,1.4014814814814813,HIGH
3015,28,0.7,1.0000000000000002,5,325.0,107.67857142857143,0.5762064022933587,MEDIUM
1425,20,0.75,0.7,2,275.0,71.25,0.5483405483405484,MEDIUM
3270,4,0.7,1.0000000000000002,5,325.0,817.5,14.373626373626372,HIGH
1981,21,0.8,0.75,4,350.0,94.33333333333333,0.5549019607843138,MEDIUM
914,11,0.8,0.7,0,275.0,83.0909090909091,0.539551357733176,MEDIUM
1900,11,0.8500000000000001,0.8,5,275.0,172.72727272727272,1.693404634581105,HIGH
3349,20,0.9000000000000001,0.8500000000000001,1,250.0,167.45,0.9216374269005846,MEDIUM
950,26,0.8,0.8,4,300.0,36.53846153846154,0.224905303030303,MEDIUM
1630,18,0.8500000000000001,0.9500000000000002,3,350.0,90.55555555555556,0.38449063836060726,MEDIUM
3472,21,1.0000000000000002,0.9500000000000002,2,275.0,165.33333333333334,0.6994711659531601,LOW
2062,9,1.0000000000000002,0.8500000000000001,1,300.0,229.11111111111111,1.01078431372549,MEDIUM
3378,26,0.9000000000000001,0.8,2,350.0,129.92307692307693,0.5585317460317459,MEDIUM
350,29,0.8500000000000001,0.7,6,350.0,12.068965517241379,0.07307270734380708,MEDIUM
3477,18,0.9500000000000002,0.9500000000000002,1,350.0,193.16666666666666,0.6475011057054398,LOW
1093,11,0.8,0.8,6,275.0,99.36363636363636,1.2420454545454545,HIGH
302,25,0.8,0.9500000000000002,3,350.0,12.08,0.0516062884483937,MEDIUM
2433,9,0.9500000000000002,0.8,3,350.0,270.3333333333333,1.5244360902255636,HIGH
544,21,1.0000000000000002,0.9500000000000002,2,325.0,25.904761904761905,0.09273385893884506,LOW
2833,19,0.8,0.8500000000000001,4,300.0,149.10526315789474,0.9258169934640522,MEDIUM
2920,18,0.7,0.8,3,275.0,162.22222222222223,1.264069264069264,HIGH
1974,29,0.8,0.8,4,350.0,68.06896551724138,0.3525,MEDIUM
2546,25,0.9000000000000001,1.0000000000000002,1,325.0,101.84,0.3626780626780625,LOW
800,30,0.7,0.8500000000000001,3,350.0,26.666666666666668,0.14227913387577254,MEDIUM
525,21,1.0000000000000002,0.75,6,275.0,25.0,0.16969696969696965,MEDIUM
936,30,0.75,0.9500000000000002,6,300.0,31.2,0.18245614035087718,MEDIUM
1427,25,0.9000000000000001,0.8500000000000001,0,275.0,57.08,0.27132501485442656,LOW
3369,21,0.75,0.9000000000000001,5,350.0,160.42857142857142,0.8912698412698412,MEDIUM
2772,30,1.0000000000000002,0.75,0,250.0,92.4,0.4927999999999999,MEDIUM
1642,22,1.0000000000000002,0.75,1,350.0,74.63636363636364,0.2978684807256235,MEDIUM
2790,11,0.75,0.9000000000000001,1,275.0,253.63636363636363,1.5030303030303027,HIGH
2356,5,0.7,0.8500000000000001,6,325.0,471.2,12.183581124757595,HIGH
1330,27,0.9000000000000001,0.9500000000000002,3,325.0,49.25925925925926,0.19943019943019935,MEDIUM
1547,18,0.75,0.8,5,300.0,85.94444444444444,0.6611111111111111,MEDIUM
1893,13,0.8,1.0000000000000002,6,325.0,145.6153846153846,1.04010989010989,MEDIUM
1723,11,0.7,0.7,4,250.0,156.63636363636363,2.00932944606414,HIGH
1269,19,0.8,0.7,4,300.0,66.78947368421052,0.5035714285714286,MEDIUM
2927,6,0.7,0.7,6,300.0,487.8333333333333,19.91156462585034,HIGH
3191,28,0.9500000000000002,0.8500000000000001,2,275.0,113.96428571428571,0.5526857043884905,LOW
732,14,0.9500000000000002,1.0000000000000002,6,350.0,52.285714285714285,0.2751879699248119,MEDIUM
2795,8,0.75,0.8,1,300.0,349.375,2.2182539682539684,HIGH
3392,18,0.9500000000000002,0.75,0,300.0,188.44444444444446,0.8816114359974008,MEDIUM
1006,20,0.75,0.75,4,325.0,50.3,0.3439316239316239,MEDIUM
826,6,0.8,0.9000000000000001,3,300.0,137.66666666666666,1.274691358024691,HIGH
1859,13,0.9500000000000002,0.75,2,250.0,143.0,0.9487719298245612,MEDIUM
2736,30,0.7,0.75,3,300.0,91.2,0.6433862433862434,MEDIUM
961,28,0.8,0.9500000000000002,4,300.0,34.32142857142857,0.1756213450292397,MEDIUM
2133,8,0.9000000000000001,0.8500000000000001,3,350.0,266.625,1.5932773109243694,HIGH
757,9,0.75,0.7,1,325.0,84.11111111111111,0.5545787545787546,MEDIUM
3001,5,0.7,0.9500000000000002,3,275.0,600.2,8.205058099794941,HIGH
1540,13,1.0000000000000002,0.8,4,275.0,118.46153846153847,0.7777777777777776,MEDIUM
3007,13,0.7,0.8500000000000001,5,325.0,231.30769230769232,1.9437621202327084,HIGH
1040,25,1.0000000000000002,0.9500000000000002,5,350.0,41.6,0.15639097744360897,MEDIUM
1411,3,0.8500000000000001,0.8500000000000001,2,250.0,470.3333333333333,7.81176470588235,HIGH
1484,17,0.8,0.9000000000000001,5,350.0,87.29411764705883,0.4907407407407407,MEDIUM
2236,28,0.7,0.8,5,300.0,79.85714285714286,0.5786749482401656,MEDIUM
659,16,0.8500000000000001,0.8500000000000001,1,300.0,41.1875,0.2026912725874663,LOW
812,9,0.7,0.9500000000000002,5,350.0,90.22222222222223,0.8721804511278194,MEDIUM
3290,15,0.75,0.8500000000000001,3,325.0,219.33333333333334,1.323278029160382,HIGH
819,27,1.0000000000000002,1.0000000000000002,2,300.0,30.333333333333332,0.10919999999999995,LOW
3375,11,0.9000000000000001,0.8,1,275.0,306.8181818181818,1.7045454545454544,HIGH
2024,30,0.8,0.9500000000000002,3,300.0,67.46666666666667,0.3287849252761533,MEDIUM
2461,9,0.9500000000000002,0.9500000000000002,0,275.0,273.44444444444446,1.1017655782198714,HIGH
3341,17,0.8,0.9500000000000002,3,275.0,196.52941176470588,1.1418318523581679,HIGH
2252,3,0.75,0.8,0,350.0,750.6666666666666,3.5746031746031743,HIGH
1871,9,1.0000000000000002,0.9000000000000001,4,300.0,207.88888888888889,1.3859259259259253,HIGH
3020,27,0.9500000000000002,0.9500000000000002,0,325.0,111.85185185185185,0.3813402151352288,LOW
1994,26,0.8,0.9500000000000002,2,275.0,76.6923076923077,0.39752791068580534,MEDIUM
2205,29,0.9000000000000001,0.8500000000000001,5,325.0,76.03448275862068,0.3695324283559576,MEDIUM
1262,27,0.75,0.75,2,300.0,46.74074074074074,0.2991407407407407,MEDIUM
1850,11,0.8500000000000001,0.9000000000000001,6,275.0,168.1818181818182,1.7587641117052877,HIGH
2079,9,0.7,0.75,1,350.0,231.0,1.4142857142857146,HIGH
269,17,0.7,0.8500000000000001,3,325.0,15.823529411764707,0.09936282205189768,MEDIUM
1875,16,0.75,0.9500000000000002,5,275.0,117.1875,0.8699434536755111,MEDIUM
2129,9,0.75,0.9000000000000001,3,250.0,236.55555555555554,2.1027160493827157,HIGH
817,10,1.0000000000000002,0.9000000000000001,2,325.0,81.7,0.349145299145299,LOW
974,15,0.75,0.9500000000000002,0,250.0,64.93333333333334,0.3645380116959064,MEDIUM
2934,12,0.8,0.7,1,325.0,244.5,1.4655344655344658,HIGH
3059,9,1.0000000000000002,0.7,6,325.0,339.8888888888889,4.482051282051281,HIGH
2831,27,0.7,0.8500000000000001,0,250.0,104.85185185185185,0.7048863990040459,MEDIUM
3145,15,1.0000000000000002,0.9000000000000001,1,250.0,209.66666666666666,0.998412698412698,MEDIUM
1094,14,0.75,0.8,6,275.0,78.14285714285714,0.8287878787878787,MEDIUM
2419,19,0.9000000000000001,0.9000000000000001,1,300.0,127.3157894736842,0.5530406950160035,LOW
628,22,0.9500000000000002,0.9000000000000001,2,250.0,28.545454545454547,0.14690058479532156,LOW
1739,6,1.0000000000000002,1.0000000000000002,4,325.0,289.8333333333333,2.6753846153846146,HIGH
3070,19,0.8500000000000001,0.7,3,250.0,161.57894736842104,1.2899159663865547,HIGH
771,7,0.9500000000000002,0.8500000000000001,2,250.0,110.14285714285714,0.7638390092879255,LOW
3374,26,0.75,0.8500000000000001,1,250.0,129.76923076923077,0.8468078431372548,MEDIUM
526,11,0.8,0.8,1,275.0,47.81818181818182,0.2988636363636364,MEDIUM
2298,16,0.8,0.8500000000000001,0,300.0,143.625,0.7040441176470588,MEDIUM
570,25,0.7,0.9500000000000002,4,350.0,22.8,0.11661807580174925,MEDIUM
261,21,1.0000000000000002,0.7,5,350.0,12.428571428571429,0.06658163265306122,MEDIUM
2990,18,0.8500000000000001,0.7,5,325.0,166.11111111111111,1.1893988364576598,HIGH
2158,25,0.8500000000000001,0.8500000000000001,6,275.0,86.32,0.5716461647985959,MEDIUM
1411,13,0.7,0.7,1,275.0,108.53846153846153,0.8726035868893012,MEDIUM
1381,30,0.8500000000000001,0.7,5,350.0,46.03333333333333,0.2652581032412965,MEDIUM
2148,12,0.8500000000000001,0.9000000000000001,0,300.0,179.0,0.7799564270152504,LOW
833,11,0.8,0.8,2,325.0,75.72727272727273,0.4449786324786325,MEDIUM
744,4,0.75,0.7,0,275.0,186.0,1.2883116883116883,HIGH
1499,4,0.75,0.7,2,250.0,374.75,5.71047619047619,HIGH
1776,11,1.0000000000000002,0.7,5,250.0,161.45454545454547,1.691428571428571,HIGH
2929,9,0.7,1.0000000000000002,0,325.0,325.44444444444446,1.4305250305250303,HIGH
2927,13,0.8500000000000001,0.75,6,275.0,225.15384615384616,2.3851285968933027,HIGH
1297,25,0.8,0.9000000000000001,5,350.0,51.88,0.2573412698412698,MEDIUM
465,5,1.0000000000000002,0.9500000000000002,4,325.0,93.0,1.5060728744939265,HIGH
1831,19,0.9500000000000002,0.9000000000000001,3,300.0,96.36842105263158,0.44615009746588674,MEDIUM
1934,10,1.0000000000000002,0.7,2,250.0,193.4,1.3814285714285712,HIGH
476,28,0.9000000000000001,0.8500000000000001,3,250.0,17.0,0.09955555555555552,MEDIUM
514,7,0.8500000000000001,0.8500000000000001,1,250.0,73.42857142857143,0.4742791234140714,LOW
2818,4,0.8500000000000001,0.9000000000000001,1,300.0,704.5,4.0929557007988375,HIGH
936,16,0.9500000000000002,0.8,6,350.0,58.5,0.3518796992481202,MEDIUM
325,15,0.9500000000000002,0.75,1,325.0,21.666666666666668,0.10025062656641602,MEDIUM
860,9,0.8500000000000001,0.75,0,300.0,95.55555555555556,0.4996368917937545,MEDIUM
2596,19,0.75,1.0000000000000002,0,250.0,136.6315789473684,0.7287017543859647,MEDIUM
3291,6,0.75,0.7,4,325.0,548.5,9.643956043956043,HIGH
544,14,0.9500000000000002,0.9000000000000001,2,300.0,38.857142857142854,0.1767381416504223,LOW
2910,17,0.9500000000000002,0.9500000000000002,3,300.0,171.1764705882353,0.7677087455480804,MEDIUM
2471,4,0.7,0.8500000000000001,2,300.0,617.75,6.921568627450979,HIGH
1881,15,0.8500000000000001,0.75,6,250.0,125.4,1.3113725490196075,HIGH
2078,6,0.8500000000000001,1.0000000000000002,4,250.0,346.3333333333333,4.889411764705881,HIGH
3444,10,0.8,0.75,2,325.0,344.4,2.207692307692308,HIGH
1663,29,0.75,1.0000000000000002,2,350.0,57.3448275862069,0.23463844797178127,MEDIUM
2176,18,0.8,0.9500000000000002,2,325.0,120.88888888888889,0.5506072874493926,MEDIUM
2710,10,0.9000000000000001,0.8,3,300.0,271.0,1.7923280423280419,HIGH
3069,21,0.7,0.8500000000000001,3,275.0,146.14285714285714,1.042016806722689,MEDIUM
3076,26,0.8500000000000001,0.9500000000000002,6,250.0,118.3076923076923,0.7618575851393188,MEDIUM
1849,28,0.75,1.0000000000000002,6,275.0,66.03571428571429,0.4074931129476583,MEDIUM
3186,29,0.7,1.0000000000000002,2,300.0,109.86206896551724,0.5619047619047618,MEDIUM
449,21,0.8,0.9000000000000001,1,300.0,21.38095238095238,0.10393518518518517,MEDIUM
768,23,0.9500000000000002,0.7,6,250.0,33.391304347826086,0.2717381689517912,MEDIUM
2424,24,0.8500000000000001,0.9500000000000002,5,325.0,101.0,0.486130783018513,MEDIUM
396,26,0.7,0.8500000000000001,1,250.0,15.23076923076923,0.10648739495798318,MEDIUM
1906,26,0.9500000000000002,0.9500000000000002,6,325.0,73.3076923076923,0.3249094395908799,MEDIUM
478,3,0.9500000000000002,0.8500000000000001,4,275.0,159.33333333333334,2.1525471432592167,HIGH
2699,9,0.9000000000000001,0.75,2,325.0,299.8888888888889,1.757590557590557,HIGH
2603,7,1.0000000000000002,0.8,5,300.0,371.85714285714283,5.422916666666666,HIGH
2499,20,0.7,0.8500000000000001,1,325.0,124.95,0.680161943319838,MEDIUM
2205,5,1.0000000000000002,1.0000000000000002,1,325.0,441.0,1.6961538461538455,HIGH
652,26,1.0000000000000002,0.9000000000000001,2,275.0,25.076923076923077,0.10976430976430973,LOW
560,11,0.8500000000000001,0.9500000000000002,1,275.0,50.90909090909091,0.25218125527723045,LOW
2473,27,0.8,0.9000000000000001,6,325.0,91.5925925925926,0.5032560032560032,MEDIUM
1062,22,1.0000000000000002,0.9000000000000001,6,300.0,48.27272727272727,0.24583333333333324,MEDIUM
2751,10,0.9000000000000001,0.9500000000000002,3,275.0,275.1,1.6714513556618815,HIGH
990,29,0.8,0.8,5,275.0,34.13793103448276,0.234375,MEDIUM
2241,13,0.75,0.7,5,350.0,172.3846153846154,1.5244897959183674,HIGH
1645,10,0.9500000000000002,0.9000000000000001,3,250.0,164.5,1.099415204678362,MEDIUM
1504,3,0.75,0.9500000000000002,5,325.0,501.3333333333333,6.495006747638325,HIGH
2945,8,0.9500000000000002,0.7,4,325.0,368.125,3.406593406593406,HIGH
832,23,0.8,0.8500000000000001,5,275.0,36.17391304347826,0.2471776589423648,MEDIUM
1629,20,0.75,0.7,5,300.0,81.45,0.6895238095238095,MEDIUM
1440,24,0.8,0.9000000000000001,1,275.0,60.0,0.3162055335968379,MEDIUM
1385,16,1.0000000000000002,0.9500000000000002,6,325.0,86.5625,0.4485829959514168,MEDIUM
2716,23,1.0000000000000002,0.8500000000000001,1,350.0,118.08695652173913,0.41497326203208545,LOW
801,21,0.8,0.8500000000000001,3,250.0,38.142857142857146,0.2617647058823529,MEDIUM
1002,16,0.75,0.7,4,275.0,62.625,0.5783549783549784,MEDIUM
2294,11,0.9500000000000002,0.9000000000000001,4,325.0,208.54545454545453,1.179358653042863,HIGH
3218,22,0.75,0.8,6,250.0,146.27272727272728,1.3408333333333333,HIGH
3136,11,0.75,0.9500000000000002,6,300.0,285.09090909090907,2.9342690058479532,HIGH
2460,23,0.9000000000000001,0.7,1,300.0,106.95652173913044,0.5916305916305915,MEDIUM
3331,10,0.8500000000000001,0.7,2,250.0,333.1,2.799159663865546,HIGH
2677,7,1.0000000000000002,0.8,4,325.0,382.42857142857144,3.4320512820512814,HIGH
2897,13,0.9000000000000001,0.7,5,275.0,222.84615384615384,2.09018759018759,HIGH
2260,10,0.8500000000000001,1.0000000000000002,4,275.0,226.0,1.6114081996434932,HIGH
3028,9,0.9000000000000001,0.8500000000000001,6,300.0,336.44444444444446,4.397966594045024,HIGH
1006,21,0.8500000000000001,0.8,2,250.0,47.904761904761905,0.3114551083591331,MEDIUM
1143,8,1.0000000000000002,0.8500000000000001,3,275.0,142.875,0.9779679144385023,MEDIUM
3385,17,0.75,0.9000000000000001,2,275.0,199.11764705882354,1.2157126823793487,HIGH
1770,27,1.0000000000000002,0.75,3,300.0,65.55555555555556,0.32777777777777767,MEDIUM
543,7,0.75,0.9500000000000002,1,325.0,77.57142857142857,0.39082321187584335,MEDIUM
1707,30,0.7,0.9000000000000001,6,300.0,56.9,0.3763227513227513,MEDIUM
746,9,0.7,0.9500000000000002,4,250.0,82.88888888888889,0.8974436090225562,MEDIUM
1345,12,0.8,0.7,4,350.0,112.08333333333333,0.857780612244898,MEDIUM
287,16,1.0000000000000002,0.75,5,250.0,17.9375,0.1391515151515151,MEDIUM
980,10,0.9000000000000001,0.75,3,325.0,98.0,0.6381766381766381,MEDIUM
2852,5,0.7,0.75,2,250.0,570.4,7.2431746031746025,HIGH
967,12,0.9000000000000001,0.9000000000000001,2,275.0,80.58333333333333,0.43411896745230066,LOW
1417,15,0.7,1.0000000000000002,0,275.0,94.46666666666667,0.4907359307359306,MEDIUM
1310,28,0.9000000000000001,1.0000000000000002,2,325.0,46.785714285714285,0.17225509533201835,LOW
1044,24,1.0000000000000002,0.9500000000000002,5,300.0,43.5,0.19279778393351793,MEDIUM
3351,30,0.9000000000000001,0.75,6,250.0,111.7,0.8274074074074073,MEDIUM
1513,6,0.9000000000000001,0.8500000000000001,1,250.0,252.16666666666666,1.582222222222222,HIGH
2033,6,1.0000000000000002,0.8,1,250.0,338.8333333333333,2.0329999999999995,HIGH
2842,9,0.9000000000000001,0.8,5,300.0,315.77777777777777,3.289351851851851,HIGH
311,26,0.9500000000000002,0.9500000000000002,1,250.0,11.961538461538462,0.05513573407202214,LOW
2161,10,1.0000000000000002,0.75,0,325.0,216.1,0.8865641025641023,MEDIUM
2813,28,0.8500000000000001,1.0000000000000002,3,350.0,100.46428571428571,0.37821848739495784,MEDIUM
3304,20,0.8500000000000001,0.8500000000000001,1,275.0,165.2,0.8752172977268585,MEDIUM
2839,11,0.9500000000000002,0.9000000000000001,6,350.0,258.09090909090907,1.8974101921470334,HIGH
2244,15,0.7,0.7,6,250.0,149.6,2.035374149659864,HIGH
1506,13,0.9000000000000001,0.75,4,300.0,115.84615384615384,0.8263374485596706,MEDIUM
2365,26,1.0000000000000002,1.0000000000000002,4,300.0,90.96153846153847,0.35833333333333317,MEDIUM
1955,7,0.8500000000000001,0.9500000000000002,5,325.0,279.2857142857143,3.724696356275302,HIGH
1632,6,0.7,0.8,0,275.0,272.0,1.7662337662337662,HIGH
2112,10,0.8500000000000001,0.8500000000000001,2,350.0,211.2,1.043994068215521,MEDIUM
2436,15,0.9000000000000001,0.9000000000000001,1,325.0,162.4,0.6609686609686607,LOW
2954,23,0.9500000000000002,0.9000000000000001,4,325.0,128.43478260869566,0.559509434855695,MEDIUM
2276,3,0.9500000000000002,0.7,3,350.0,758.6666666666666,9.778732545649838,HIGH
3068,17,0.9000000000000001,0.7,4,350.0,180.47058823529412,1.0702947845804986,MEDIUM
1180,29,0.9500000000000002,1.0000000000000002,2,275.0,40.689655172413794,0.16728690412900932,LOW
1272,11,0.8,1.0000000000000002,0,275.0,115.63636363636364,0.5256198347107437,MEDIUM
652,24,0.8500000000000001,1.0000000000000002,6,325.0,27.166666666666668,0.131121166415284,MEDIUM
1145,4,0.7,0.75,6,300.0,286.25,7.26984126984127,HIGH
1251,4,0.7,0.7,2,250.0,312.75,5.106122448979592,HIGH
3143,30,1.0000000000000002,0.8500000000000001,1,275.0,104.76666666666667,0.4636548036142355,LOW
585,9,0.7,0.7,5,325.0,65.0,0.9183673469387756,MEDIUM
2846,21,0.9500000000000002,0.8,6,300.0,135.52380952380952,0.8321637426900582,MEDIUM
3239,27,0.9000000000000001,0.8,2,325.0,119.96296296296296,0.5536752136752136,MEDIUM
2949,19,0.8500000000000001,1.0000000000000002,0,325.0,155.21052631578948,0.5618480590616811,LOW
798,15,0.7,0.75,6,275.0,53.2,0.6141414141414142,MEDIUM
848,16,0.9000000000000001,0.8500000000000001,5,275.0,53.0,0.3664452006697995,MEDIUM
2005,16,0.75,0.7,2,250.0,125.3125,1.091156462585034,MEDIUM
2741,25,0.8,0.8,1,325.0,109.64,0.5490785256410257,MEDIUM
1969,9,0.9500000000000002,0.8,1,350.0,218.77777777777777,0.9252819548872179,MEDIUM
862,20,0.9500000000000002,0.8500000000000001,5,275.0,43.1,0.25878600243925315,MEDIUM
2179,4,1.0000000000000002,1.0000000000000002,1,250.0,544.75,2.905333333333332,HIGH
1653,10,0.7,0.75,5,300.0,165.3,2.099047619047619,HIGH
3086,30,0.8500000000000001,0.8,2,325.0,102.86666666666666,0.49870717517776325,MEDIUM
2857,28,1.0000000000000002,1.0000000000000002,3,300.0,102.03571428571429,0.3809333333333332,MEDIUM
3234,9,0.75,0.9000000000000001,1,300.0,359.3333333333333,1.996296296296296,HIGH
3340,6,0.9000000000000001,0.75,1,350.0,556.6666666666666,2.8275132275132266,HIGH
1967,28,0.9500000000000002,0.9000000000000001,6,325.0,70.25,0.3217601112337953,MEDIUM
3285,9,1.0000000000000002,1.0000000000000002,6,300.0,365.0,3.6499999999999986,HIGH
3421,22,0.8500000000000001,1.0000000000000002,4,275.0,155.5,0.8130718954248363,MEDIUM
2409,16,1.0000000000000002,0.8,5,325.0,150.5625,0.8423076923076921,MEDIUM
1900,17,0.9000000000000001,0.7,4,300.0,111.76470588235294,0.7733007733007732,MEDIUM
3211,15,0.9000000000000001,0.75,1,275.0,214.06666666666666,1.2355940355940354,HIGH
2299,17,0.7,0.8,4,250.0,135.23529411764707,1.2631868131868131,HIGH
2596,25,0.8,0.8500000000000001,5,275.0,103.84,0.6941176470588235,MEDIUM
3204,10,0.8500000000000001,0.8500000000000001,2,250.0,320.4,2.217301038062283,HIGH
3364,18,1.0000000000000002,0.8500000000000001,4,350.0,186.88888888888889,0.8076830732292916,MEDIUM
3472,24,0.9000000000000001,0.75,0,250.0,144.66666666666666,0.8572839506172838,MEDIUM
888,8,0.8500000000000001,0.8,5,275.0,111.0,1.582887700534759,HIGH
2492,13,0.7,0.9500000000000002,1,325.0,191.69230769230768,0.9608636977058029,MEDIUM
1411,4,0.8,0.8,6,275.0,352.75,8.017045454545455,HIGH
1436,29,0.9000000000000001,0.9500000000000002,2,300.0,49.51724137931034,0.20734964984477644,LOW
3366,30,0.9000000000000001,0.75,6,325.0,112.2,0.6393162393162392,MEDIUM
510,13,0.75,0.75,6,275.0,39.23076923076923,0.470995670995671,MEDIUM
1384,15,0.8,1.0000000000000002,6,325.0,92.26666666666667,0.5914529914529914,MEDIUM
3030,16,0.7,0.8500000000000001,4,325.0,189.375,1.3057530704589528,HIGH
1556,23,0.9500000000000002,0.9000000000000001,2,325.0,67.65217391304348,0.26664952980742446,LOW
2166,30,0.7,0.7,4,325.0,72.2,0.5231252264219298,MEDIUM
3500,6,0.8500000000000001,0.75,6,275.0,583.3333333333334,19.96434937611408,HIGH
3479,6,0.9500000000000002,0.8,4,275.0,579.8333333333334,8.322966507177032,HIGH
1906,12,1.0000000000000002,0.9500000000000002,1,250.0,158.83333333333334,0.7295693779904304,LOW
1437,29,0.75,0.75,5,350.0,49.55172413793103,0.30412698412698413,MEDIUM
583,3,0.9500000000000002,0.7,3,300.0,194.33333333333334,2.922305764411027,HIGH
296,5,0.7,0.8500000000000001,1,275.0,59.2,0.45225362872421687,MEDIUM
2688,12,0.9500000000000002,0.75,4,275.0,224.0,1.714832535885167,HIGH
792,10,0.7,0.9000000000000001,3,300.0,79.2,0.5986394557823128,MEDIUM
1827,15,1.0000000000000002,0.9500000000000002,4,325.0,121.8,0.5379462642620535,MEDIUM
2727,3,0.8500000000000001,0.9000000000000001,2,350.0,909.0,10.184873949579828,HIGH
896,8,0.8500000000000001,0.9000000000000001,0,300.0,112.0,0.4880174291938997,LOW
2731,14,0.8,0.75,6,300.0,195.07142857142858,1.8965277777777778,HIGH
2187,8,0.8500000000000001,0.8,2,275.0,273.375,1.9491978609625666,HIGH
2644,7,0.75,0.9000000000000001,0,275.0,377.7142857142857,2.0348244348244346,HIGH
1476,10,0.8,1.0000000000000002,5,350.0,147.6,1.054285714285714,MEDIUM
375,28,0.75,1.0000000000000002,4,325.0,13.392857142857142,0.06410256410256408,MEDIUM
1124,29,0.75,0.75,2,300.0,38.758620689655174,0.2466941015089163,MEDIUM
382,13,0.9500000000000002,1.0000000000000002,0,275.0,29.384615384615383,0.11247699668752295,LOW
579,26,0.9500000000000002,0.7,6,300.0,22.26923076923077,0.1451127819548872,MEDIUM
2081,9,0.75,0.8,2,250.0,231.22222222222223,1.9819047619047618,HIGH
796,12,0.7,1.0000000000000002,6,275.0,66.33333333333333,0.6891774891774889,MEDIUM
3273,17,0.9500000000000002,0.7,6,300.0,192.52941176470588,1.491455912508544,HIGH
433,29,0.7,0.8,5,325.0,14.931034482758621,0.09913003663003664,MEDIUM
588,24,0.9000000000000001,0.9000000000000001,3,350.0,24.5,0.0987654320987654,MEDIUM
2481,19,0.7,0.7,2,275.0,130.57894736842104,1.0830514023791336,MEDIUM
886,29,0.8500000000000001,1.0000000000000002,0,300.0,30.551724137931036,0.11981068289384716,LOW
1529,30,0.9000000000000001,0.8,3,275.0,50.96666666666667,0.2860082304526748,MEDIUM
296,25,0.75,0.8,4,325.0,11.84,0.07228327228327228,MEDIUM
1479,8,0.8500000000000001,1.0000000000000002,5,350.0,184.875,1.6571428571428566,HIGH
896,17,0.75,0.9000000000000001,1,300.0,52.705882352941174,0.2765432098765432,MEDIUM
329,18,0.8500000000000001,1.0000000000000002,4,325.0,18.27777777777778,0.08506787330316738,MEDIUM
1077,25,1.0000000000000002,0.75,5,350.0,43.08,0.2051428571428571,MEDIUM
2426,19,0.9500000000000002,0.8500000000000001,3,275.0,127.6842105263158,0.6828032648466082,MEDIUM
1790,19,0.75,1.0000000000000002,5,300.0,94.21052631578948,0.5682539682539681,MEDIUM
1541,13,0.9000000000000001,0.75,2,300.0,118.53846153846153,0.6918069584736249,MEDIUM
1277,10,0.8,0.9500000000000002,3,325.0,127.7,0.7385772122614226,MEDIUM
1035,5,0.8500000000000001,1.0000000000000002,3,325.0,207.0,1.8733031674208138,HIGH
2084,20,0.8500000000000001,0.8500000000000001,4,325.0,104.2,0.5546978972584506,MEDIUM
1998,25,0.75,0.9500000000000002,2,250.0,79.92,0.4876887871853546,MEDIUM
2807,18,0.9000000000000001,0.7,6,300.0,155.94444444444446,1.237654320987654,HIGH
2246,27,0.9000000000000001,0.8,0,300.0,83.18518518518519,0.38511659807956095,MEDIUM
3000,12,0.8,0.75,2,325.0,250.0,1.5384615384615385,HIGH
1459,22,0.75,0.75,2,300.0,66.31818181818181,0.4322962962962963,MEDIUM
2918,8,0.7,0.75,6,275.0,364.75,10.105627705627706,HIGH
3398,3,0.8,0.8500000000000001,3,350.0,1132.6666666666667,14.277310924369747,HIGH
3014,19,1.0000000000000002,0.8,6,300.0,158.6315789473684,0.9660256410256408,MEDIUM
1739,18,0.9000000000000001,0.9500000000000002,0,350.0,96.61111111111111,0.3228441474055508,LOW
1234,23,0.8500000000000001,0.8,3,300.0,53.65217391304348,0.30245098039215684,MEDIUM
2038,13,0.8,0.8500000000000001,5,325.0,156.76923076923077,1.1527149321266967,HIGH
1937,10,1.0000000000000002,1.0000000000000002,4,300.0,193.7,1.0761111111111106,MEDIUM
1011,19,0.9500000000000002,0.8500000000000001,1,300.0,53.21052631578947,0.23185414516683858,LOW
1416,8,0.8500000000000001,0.7,1,325.0,177.0,1.0460799704497181,MEDIUM
1236,18,0.8500000000000001,0.9500000000000002,4,350.0,68.66666666666667,0.31237758261199206,MEDIUM
2354,14,1.0000000000000002,0.7,4,300.0,168.14285714285714,1.120952380952381,HIGH
1169,15,0.9000000000000001,0.75,4,300.0,77.93333333333334,0.524803591470258,MEDIUM
2181,21,0.9000000000000001,0.9000000000000001,4,275.0,103.85714285714286,0.575955634779164,MEDIUM
361,19,0.9000000000000001,0.9500000000000002,0,275.0,19.0,0.08080808080808079,LOW
2325,19,1.0000000000000002,0.8500000000000001,5,250.0,122.36842105263158,0.7815126050420167,MEDIUM
789,5,0.8,0.8,6,325.0,157.8,3.793269230769231,HIGH
3314,6,0.7,0.9500000000000002,4,300.0,552.3333333333334,8.305764411027567,HIGH
1924,26,1.0000000000000002,0.7,5,275.0,74.0,0.47594310451453303,MEDIUM
3170,5,1.0000000000000002,0.9000000000000001,5,300.0,634.0,11.740740740740735,HIGH
613,15,0.8,1.0000000000000002,4,325.0,40.86666666666667,0.21433566433566428,MEDIUM
2279,19,0.8500000000000001,0.75,5,325.0,119.94736842105263,0.7856927386339149,MEDIUM
2847,30,0.75,0.9000000000000001,4,250.0,94.9,0.6488888888888887,MEDIUM
1928,22,1.0000000000000002,0.75,5,275.0,87.63636363636364,0.5498752228163991,MEDIUM
1931,17,0.9500000000000002,0.8500000000000001,5,300.0,113.58823529411765,0.6642586859305123,MEDIUM
2851,21,1.0000000000000002,0.75,4,350.0,135.76190476190476,0.6388795518207282,MEDIUM
2322,11,0.8500000000000001,0.9500000000000002,6,250.0,211.0909090909091,2.300433436532507,HIGH
268,8,0.9000000000000001,0.7,2,250.0,33.5,0.28359788359788357,MEDIUM
1957,28,0.75,0.9500000000000002,2,300.0,69.89285714285714,0.3521367521367521,MEDIUM
1588,26,0.9500000000000002,0.9000000000000001,1,300.0,61.07692307692308,0.24764132553606227,LOW
443,12,0.9500000000000002,0.8,2,250.0,36.916666666666664,0.233157894736842,MEDIUM
1304,27,1.0000000000000002,0.9000000000000001,3,325.0,48.2962962962963,0.1857549857549857,MEDIUM
1666,24,0.7,0.9500000000000002,4,350.0,69.41666666666667,0.3578947368421052,MEDIUM
2147,7,0.8500000000000001,1.0000000000000002,1,300.0,306.7142857142857,1.4032679738562086,HIGH
3134,7,1.0000000000000002,1.0000000000000002,6,325.0,447.7142857142857,9.64307692307692,HIGH
2872,24,0.8,0.8500000000000001,4,275.0,119.66666666666667,0.7679144385026736,MEDIUM
2332,26,0.9000000000000001,0.9500000000000002,2,300.0,89.6923076923077,0.37881741390513307,LOW
2476,12,0.9500000000000002,0.9500000000000002,4,250.0,206.33333333333334,1.37174515235457,HIGH
2760,9,1.0000000000000002,1.0000000000000002,4,275.0,306.6666666666667,2.0072727272727264,HIGH
355,25,0.9500000000000002,0.8500000000000001,1,275.0,14.2,0.0666103762078994,LOW
2256,14,0.9500000000000002,1.0000000000000002,2,275.0,161.14285714285714,0.7196172248803825,LOW
382,28,1.0000000000000002,0.8,0,300.0,13.642857142857142,0.05684523809523808,MEDIUM
1531,28,0.8,0.7,6,275.0,54.67857142857143,0.45188902007083825,MEDIUM
992,28,0.8,0.8,2,350.0,35.42857142857143,0.17032967032967034,MEDIUM
261,22,0.8500000000000001,0.8500000000000001,5,275.0,11.863636363636363,0.07727180208352606,MEDIUM
1337,11,0.7,0.75,2,250.0,121.54545454545455,1.1318518518518517,HIGH
1912,26,0.75,0.9500000000000002,6,250.0,73.53846153846153,0.5367017543859648,MEDIUM
2620,12,0.8500000000000001,0.9000000000000001,5,350.0,218.33333333333334,1.3978924903294645,HIGH
3385,13,0.75,0.7,5,325.0,260.38461538461536,2.47985347985348,HIGH
2347,12,0.9500000000000002,0.9000000000000001,2,350.0,195.58333333333334,0.7842940685045945,LOW
3241,26,0.75,1.0000000000000002,3,325.0,124.65384615384616,0.5781047937569675,MEDIUM
2010,15,0.7,0.7,3,325.0,134.0,1.0518053375196235,MEDIUM
1006,25,0.8,1.0000000000000002,1,325.0,40.24,0.16121794871794867,MEDIUM
350,29,0.9000000000000001,0.8,2,275.0,12.068965517241379,0.06546950991395435,MEDIUM
2013,14,0.7,0.7,4,275.0,143.78571428571428,1.4938775510204083,HIGH
1189,12,0.9500000000000002,0.7,5,325.0,99.08333333333333,0.7859208460712219,MEDIUM
3183,6,0.75,0.8,6,275.0,530.5,19.29090909090909,HIGH
1888,24,1.0000000000000002,0.9000000000000001,5,250.0,78.66666666666667,0.4416374269005846,MEDIUM
1433,19,0.8,0.9000000000000001,1,350.0,75.42105263157895,0.3159171075837742,MEDIUM
1423,15,1.0000000000000002,0.7,4,350.0,94.86666666666666,0.5280148423005566,MEDIUM
458,21,0.9000000000000001,0.8,5,300.0,21.80952380952381,0.1325231481481481,MEDIUM
2641,14,0.8,0.8500000000000001,6,300.0,188.64285714285714,1.6182598039215683,HIGH
2938,13,1.0000000000000002,1.0000000000000002,3,300.0,226.0,0.979333333333333,MEDIUM
3486,10,0.7,0.7,6,275.0,348.6,6.467532467532467,HIGH
3157,18,0.9000000000000001,0.8,5,325.0,175.38888888888889,1.0378040762656144,MEDIUM
3155,10,0.7,0.7,2,325.0,315.5,2.4764521193092626,HIGH
541,29,0.9500000000000002,0.7,2,325.0,18.655172413793103,0.09271040849988217,MEDIUM
3323,19,0.9500000000000002,1.0000000000000002,0,275.0,174.89473684210526,0.6694535381515988,LOW
3178,23,0.7,0.8500000000000001,2,300.0,138.17391304347825,0.8478057889822594,MEDIUM
316,27,0.8500000000000001,0.9500000000000002,3,275.0,11.703703703703704,0.059292616568158346,MEDIUM
308,24,0.9000000000000001,1.0000000000000002,3,325.0,12.833333333333334,0.05014245014245012,MEDIUM
2712,10,0.9500000000000002,0.9000000000000001,5,325.0,271.2,1.9519568151147089,HIGH
1466,15,1.0000000000000002,0.8,0,300.0,97.73333333333333,0.40722222222222215,MEDIUM
1497,25,0.9500000000000002,0.8500000000000001,6,300.0,59.88,0.32524034544565733,MEDIUM
288,11,0.75,0.75,3,250.0,26.181818181818183,0.256,MEDIUM
822,28,0.9000000000000001,0.8,4,275.0,29.357142857142858,0.17297979797979796,MEDIUM
1070,15,0.8,0.7,4,350.0,71.33333333333333,0.4962894248608534,MEDIUM
2627,16,0.8,0.75,0,275.0,164.1875,0.9950757575757576,MEDIUM
2643,19,0.75,0.8500000000000001,4,300.0,139.10526315789474,0.9213071895424835,MEDIUM
797,25,0.8500000000000001,0.8500000000000001,4,275.0,31.88,0.19101544361059924,MEDIUM
2305,5,1.0000000000000002,0.9500000000000002,3,350.0,461.0,3.4661654135338336,HIGH
1167,4,0.7,0.9500000000000002,0,300.0,291.75,1.4624060150375937,HIGH
3091,10,0.8500000000000001,0.7,2,275.0,309.1,2.361344537815126,HIGH
3376,30,0.9500000000000002,1.0000000000000002,2,325.0,112.53333333333333,0.3905147484094851,LOW
2471,9,0.8,0.9500000000000002,1,300.0,274.55555555555554,1.3547149122807014,HIGH
747,11,0.9500000000000002,0.9000000000000001,4,275.0,67.9090909090909,0.45386192754613786,MEDIUM
2535,10,0.8,0.8500000000000001,2,250.0,253.5,1.8639705882352937,HIGH
2816,10,0.9500000000000002,0.8500000000000001,3,275.0,281.6,1.8115877930119408,HIGH
488,10,1.0000000000000002,0.75,4,300.0,48.8,0.36148148148148135,MEDIUM
3302,6,0.9000000000000001,0.7,6,275.0,550.3333333333334,19.05916305916306,HIGH
769,16,0.8,0.75,5,350.0,48.0625,0.33290043290043286,MEDIUM
3162,12,1.0000000000000002,1.0000000000000002,0,300.0,263.5,0.878333333333333,MEDIUM
2121,20,0.8500000000000001,0.75,0,350.0,106.05,0.4752941176470587,MEDIUM
1493,18,0.7,1.0000000000000002,3,300.0,82.94444444444444,0.4739682539682538,MEDIUM
472,12,0.7,1.0000000000000002,1,300.0,39.333333333333336,0.20432900432900425,MEDIUM
1175,18,0.7,0.75,5,325.0,65.27777777777777,0.5297266835728375,MEDIUM
2036,26,0.8500000000000001,1.0000000000000002,5,275.0,78.3076923076923,0.41476954418130874,MEDIUM
3405,27,0.9500000000000002,0.9000000000000001,1,325.0,126.11111111111111,0.4712965846569083,LOW
442,21,0.8,0.9000000000000001,6,250.0,21.047619047619047,0.16370370370370366,MEDIUM
1617,13,0.9000000000000001,0.8,3,275.0,124.38461538461539,0.8166666666666665,MEDIUM
738,23,0.9000000000000001,0.9500000000000002,6,350.0,32.08695652173913,0.14506855373728433,MEDIUM
1507,25,0.9000000000000001,0.8,1,300.0,60.28,0.2907021604938271,MEDIUM
2664,12,0.9000000000000001,0.75,4,325.0,222.0,1.5179487179487177,HIGH
785,14,0.8,0.9000000000000001,4,250.0,56.07142857142857,0.43611111111111106,MEDIUM
357,18,0.9500000000000002,0.8500000000000001,3,325.0,19.833333333333332,0.09068825910931172,MEDIUM
825,14,0.8500000000000001,1.0000000000000002,6,350.0,58.92857142857143,0.34663865546218475,MEDIUM
2622,28,0.8500000000000001,0.9500000000000002,2,300.0,93.64285714285714,0.41628959276018085,LOW
948,15,1.0000000000000002,0.9000000000000001,1,275.0,63.2,0.2735930735930735,LOW
2770,29,0.9000000000000001,0.8,6,325.0,95.51724137931035,0.514678558156819,MEDIUM
1863,5,1.0000000000000002,0.9000000000000001,3,250.0,372.6,4.139999999999999,HIGH
3468,21,0.8,0.9500000000000002,4,350.0,165.14285714285714,0.7669172932330826,MEDIUM
1403,23,0.7,0.75,0,250.0,61.0,0.46476190476190476,MEDIUM
1056,24,0.9500000000000002,0.75,4,300.0,44.0,0.24701754385964905,MEDIUM
3236,7,0.75,0.9500000000000002,3,275.0,462.2857142857143,4.1288676236044655,HIGH
3113,28,0.9500000000000002,0.7,1,275.0,111.17857142857143,0.630465051517683,MEDIUM
1260,15,0.75,1.0000000000000002,5,325.0,84.0,0.5169230769230768,MEDIUM
803,10,0.9500000000000002,0.9500000000000002,6,250.0,80.3,0.8897506925207753,MEDIUM
2596,8,0.9000000000000001,0.9000000000000001,4,350.0,324.5,2.289241622574955,HIGH
1769,10,0.7,0.7,4,250.0,176.9,2.4068027210884355,HIGH
1706,25,1.0000000000000002,1.0000000000000002,1,250.0,68.24,0.28433333333333316,LOW
3457,28,1.0000000000000002,0.8500000000000001,1,300.0,123.46428571428571,0.5021060275962235,LOW
1021,11,1.0000000000000002,0.7,4,300.0,92.81818181818181,0.6945578231292516,MEDIUM
3099,4,0.8,0.8,3,325.0,774.75,14.899038461538462,HIGH
2976,22,0.9500000000000002,0.8500000000000001,6,250.0,135.27272727272728,0.9213622291021669,MEDIUM
766,15,0.75,0.8500000000000001,5,350.0,51.06666666666667,0.34330532212885145,MEDIUM
693,8,0.75,0.75,0,250.0,86.625,0.616,MEDIUM
565,17,0.8500000000000001,0.75,6,300.0,33.23529411764706,0.2685680332739156,MEDIUM
2470,7,0.7,0.9000000000000001,5,275.0,352.85714285714283,7.128427128427127,HIGH
2690,24,0.9500000000000002,0.8,5,275.0,112.08333333333333,0.6774112314278516,MEDIUM
1954,9,0.75,0.9500000000000002,6,250.0,217.11111111111111,3.6566081871345024,HIGH
3327,15,1.0000000000000002,1.0000000000000002,1,350.0,221.8,0.6789795918367345,LOW
2824,20,0.9500000000000002,0.9500000000000002,5,325.0,141.2,0.6418637687335746,MEDIUM
1773,30,0.8,0.8500000000000001,6,325.0,59.1,0.3342760180995475,MEDIUM
1959,21,0.8,0.9500000000000002,2,300.0,93.28571428571429,0.45221606648199436,MEDIUM
3155,22,0.9000000000000001,0.8,1,350.0,143.4090909090909,0.5961829176114889,MEDIUM
1178,25,1.0000000000000002,1.0000000000000002,1,350.0,47.12,0.1402380952380952,LOW
2290,28,0.7,0.7,4,300.0,81.78571428571429,0.649092970521542,MEDIUM
901,21,0.8,0.7,1,350.0,42.904761904761905,0.22984693877551018,MEDIUM
2340,30,0.9500000000000002,0.8500000000000001,6,275.0,78.0,0.43906557838446364,MEDIUM
1600,14,0.9500000000000002,0.75,6,300.0,114.28571428571429,0.9356725146198828,MEDIUM
2891,10,1.0000000000000002,0.9000000000000001,6,275.0,289.1,2.9202020202020194,HIGH
2859,26,0.75,0.8,5,300.0,109.96153846153847,0.7563492063492063,MEDIUM
2756,15,0.9000000000000001,0.7,2,275.0,183.73333333333332,1.2236652236652237,HIGH
1056,12,1.0000000000000002,0.9500000000000002,4,275.0,88.0,0.5052631578947366,MEDIUM
952,4,0.9500000000000002,0.75,1,250.0,238.0,1.7815204678362566,HIGH
3146,3,0.8,0.7,2,300.0,1048.6666666666667,18.726190476190474,HIGH
2800,8,0.9500000000000002,0.7,2,250.0,350.0,2.807017543859649,HIGH
2646,24,1.0000000000000002,0.7,3,250.0,110.25,0.7199999999999999,MEDIUM
452,5,0.9500000000000002,0.8500000000000001,6,275.0,90.4,2.0354629890233595,HIGH
1750,14,0.9500000000000002,1.0000000000000002,1,300.0,125.0,0.47233468286099844,LOW
3209,16,0.75,0.8500000000000001,1,300.0,200.5625,1.1186056644880173,HIGH
786,15,0.8,0.8500000000000001,4,275.0,52.4,0.3821098687408847,MEDIUM
2685,29,0.8500000000000001,1.0000000000000002,1,300.0,92.58620689655173,0.3760504201680671,LOW
537,24,0.9500000000000002,0.75,2,350.0,22.375,0.09788106630211892,MEDIUM
2446,23,0.8500000000000001,0.8,6,300.0,106.34782608695652,0.7053056516724335,MEDIUM
1804,22,0.8,0.8,5,350.0,82.0,0.47373949579831937,MEDIUM
968,23,0.75,0.9500000000000002,6,350.0,42.08695652173913,0.22833554474421341,MEDIUM
1916,12,0.75,0.8,5,250.0,159.66666666666666,1.8247619047619048,HIGH
2960,23,0.8500000000000001,0.9000000000000001,4,325.0,128.69565217391303,0.626604217935487,MEDIUM
477,10,1.0000000000000002,1.0000000000000002,2,350.0,47.7,0.1703571428571428,LOW
1685,30,1.0000000000000002,0.8,4,300.0,56.166666666666664,0.2700320512820512,MEDIUM
1437,6,0.7,0.7,3,300.0,239.5,3.258503401360544,HIGH
2380,17,0.8500000000000001,1.0000000000000002,4,275.0,140.0,0.7832167832167829,MEDIUM
366,21,0.75,0.75,5,300.0,17.428571428571427,0.13555555555555557,MEDIUM
3469,8,0.9000000000000001,1.0000000000000002,2,275.0,433.625,2.336026936026935,HIGH
1452,28,0.8500000000000001,0.8,2,250.0,51.857142857142854,0.3285067873303167,MEDIUM
1258,26,0.75,0.8500000000000001,1,350.0,48.38461538461539,0.2255238095238095,MEDIUM
2694,22,0.75,0.8,1,350.0,122.45454545454545,0.6108843537414965,MEDIUM
1267,23,1.0000000000000002,0.75,5,350.0,55.08695652173913,0.2681481481481481,MEDIUM
1482,10,1.0000000000000002,0.7,5,275.0,148.2,1.5397402597402594,HIGH
617,21,0.8,0.8500000000000001,0,250.0,29.38095238095238,0.17282913165266103,MEDIUM
2052,23,0.9500000000000002,1.0000000000000002,4,300.0,89.21739130434783,0.3789473684210525,MEDIUM
906,19,0.9500000000000002,0.7,2,275.0,47.68421052631579,0.2914237465321056,MEDIUM
449,18,0.9500000000000002,0.9000000000000001,1,350.0,24.944444444444443,0.0882598653496486,LOW
2095,14,0.8,0.75,4,300.0,149.64285714285714,1.163888888888889,HIGH
2359,26,1.0000000000000002,1.0000000000000002,1,300.0,90.73076923076923,0.3145333333333332,LOW
1590,27,0.9000000000000001,0.7,4,325.0,58.888888888888886,0.337633381111642,MEDIUM
3362,3,0.9500000000000002,0.9000000000000001,1,300.0,1120.6666666666667,6.553606237816761,HIGH
2499,15,0.8500000000000001,1.0000000000000002,3,275.0,166.6,0.8909090909090905,MEDIUM
837,9,0.9500000000000002,0.9500000000000002,5,250.0,93.0,0.927423822714681,MEDIUM
515,7,0.7,0.9500000000000002,5,325.0,73.57142857142857,1.1914401388085598,HIGH
2321,3,0.7,0.75,2,325.0,773.6666666666666,13.602930402930404,HIGH
681,21,0.8500000000000001,0.9500000000000002,4,275.0,32.42857142857143,0.18039436433171632,MEDIUM
1869,4,0.8,1.0000000000000002,0,350.0,467.25,1.6687499999999997,HIGH
1251,7,1.0000000000000002,0.7,0,250.0,178.71428571428572,1.0212244897959182,MEDIUM
2309,3,0.9000000000000001,0.9500000000000002,0,275.0,769.6666666666666,3.2734361155413776,HIGH
1752,14,1.0000000000000002,0.7,5,350.0,125.14285714285714,0.7945578231292516,MEDIUM
2151,9,0.7,1.0000000000000002,3,350.0,239.0,1.4632653061224488,HIGH
1389,28,0.8,0.8500000000000001,6,325.0,49.607142857142854,0.2856849033319621,MEDIUM
2126,7,0.8,0.9000000000000001,3,350.0,303.7142857142857,2.1091269841269837,HIGH
2495,9,0.9000000000000001,0.75,0,275.0,277.22222222222223,1.4934530490086044,HIGH
2418,30,0.9000000000000001,1.0000000000000002,4,325.0,80.6,0.3179487179487178,MEDIUM
457,11,1.0000000000000002,0.7,6,250.0,41.54545454545455,0.5222857142857142,MEDIUM
2483,3,0.8,0.9000000000000001,4,350.0,827.6666666666666,9.853174603174603,HIGH
1213,25,0.8,0.8500000000000001,2,325.0,48.52,0.23863859925240996,MEDIUM
1142,25,0.7,1.0000000000000002,3,350.0,45.68,0.21187384044526897,MEDIUM
2755,21,0.7,0.75,0,300.0,131.1904761904762,0.8329554043839759,MEDIUM
1966,24,0.8500000000000001,0.8,3,275.0,81.91666666666667,0.500636618283677,MEDIUM
734,5,0.8500000000000001,0.8,3,250.0,146.8,2.158823529411764,HIGH
1851,19,0.8500000000000001,0.8,4,275.0,97.42105263157895,0.6598930481283422,MEDIUM
3414,13,0.8500000000000001,0.9500000000000002,5,300.0,262.61538461538464,1.7616099071207425,HIGH
1120,28,0.75,0.75,5,275.0,40.0,0.3148001756697409,MEDIUM
2011,8,1.0000000000000002,1.0000000000000002,2,275.0,251.375,1.2187878787878783,HIGH
2433,22,1.0000000000000002,0.8500000000000001,6,350.0,110.5909090909091,0.5111344537815125,MEDIUM
1063,29,0.7,0.7,3,325.0,36.6551724137931,0.25673227871030074,MEDIUM
3436,8,0.8500000000000001,0.8500000000000001,6,350.0,429.5,6.7938704893722175,HIGH
2201,30,0.8500000000000001,0.7,5,300.0,73.36666666666666,0.4932212885154062,MEDIUM
500,14,0.9000000000000001,0.8,3,325.0,35.714285714285715,0.19425019425019419,MEDIUM
1935,23,0.75,0.8500000000000001,4,325.0,84.1304347826087,0.4915456060966896,MEDIUM
667,26,0.9500000000000002,0.9500000000000002,4,325.0,25.653846153846153,0.10336477926505623,MEDIUM
888,7,0.9000000000000001,0.7,1,250.0,126.85714285714286,0.9396825396825397,MEDIUM
2394,23,0.9000000000000001,0.7,3,300.0,104.08695652173913,0.6333333333333333,MEDIUM
1949,10,0.7,1.0000000000000002,1,250.0,194.9,1.2374603174603171,HIGH
2472,17,1.0000000000000002,0.7,2,350.0,145.41176470588235,0.6726530612244898,MEDIUM
491,20,0.75,0.7,2,325.0,24.55,0.15986975986975988,MEDIUM
2322,24,0.9500000000000002,1.0000000000000002,0,325.0,96.75,0.31336032388663954,LOW
1835,19,0.9000000000000001,1.0000000000000002,4,300.0,96.57894736842105,0.4530864197530862,MEDIUM
3144,13,0.75,0.8,4,250.0,241.84615384615384,2.328888888888889,HIGH
1479,9,0.75,0.8,5,250.0,164.33333333333334,2.465,HIGH
2780,14,0.9500000000000002,0.7,4,275.0,198.57142857142858,1.5201640464798356,HIGH
3465,4,0.8,0.8,2,350.0,866.25,7.734375,HIGH
318,21,0.8500000000000001,1.0000000000000002,5,250.0,15.142857142857142,0.09352941176470585,MEDIUM
544,6,0.7,0.9000000000000001,0,300.0,90.66666666666667,0.47971781305114636,MEDIUM
474,23,0.8,0.9500000000000002,4,275.0,20.608695652173914,0.11936539914379247,MEDIUM
2307,12,0.8,0.7,5,250.0,192.25,2.354081632653061,HIGH
915,11,0.8,0.9000000000000001,3,250.0,83.18181818181819,0.6354166666666665,MEDIUM
3192,5,1.0000000000000002,0.8,1,300.0,638.4,3.3249999999999993,HIGH
1858,26,0.9500000000000002,0.9500000000000002,2,325.0,71.46153846153847,0.2639392002272888,LOW
3319,18,1.0000000000000002,0.7,3,325.0,184.38888888888889,0.9726007326007325,MEDIUM
2685,15,0.9500000000000002,0.8,3,325.0,179.0,0.9058704453441293,MEDIUM
3470,19,0.8500000000000001,0.9500000000000002,4,250.0,182.6315789473684,1.1459236326109388,HIGH
1774,4,0.75,0.9000000000000001,1,350.0,443.5,2.5029982363315697,HIGH
2914,23,0.75,1.0000000000000002,6,300.0,126.69565217391305,0.761830065359477,MEDIUM
835,8,0.8,0.9500000000000002,5,325.0,104.375,1.1268556005398107,HIGH
1488,13,0.9000000000000001,0.7,2,325.0,114.46153846153847,0.6606726606726606,MEDIUM
672,28,0.75,0.7,3,325.0,24.0,0.15753846153846154,MEDIUM
1231,17,0.8500000000000001,0.8,3,350.0,72.41176470588235,0.36944777911164456,MEDIUM
1200,13,1.0000000000000002,0.9500000000000002,5,350.0,92.3076923076923,0.45112781954887204,MEDIUM
2274,18,0.9000000000000001,0.8,4,300.0,126.33333333333333,0.7519841269841268,MEDIUM
1400,15,1.0000000000000002,0.8500000000000001,0,250.0,93.33333333333333,0.4392156862745097,LOW
1565,26,0.8,0.7,4,275.0,60.19230769230769,0.46192443919716647,MEDIUM
282,6,0.75,0.8,0,250.0,47.0,0.31333333333333335,MEDIUM
3307,10,0.9000000000000001,0.9500000000000002,6,325.0,330.7,2.9752586594691848,HIGH
2210,10,0.7,0.8500000000000001,3,300.0,221.0,1.768707482993197,HIGH
2507,27,0.8,0.8500000000000001,2,300.0,92.85185185185185,0.49156862745098034,MEDIUM
2933,22,0.7,0.75,3,300.0,133.3181818181818,0.9801169590643275,MEDIUM
609,14,0.8,0.9500000000000002,1,325.0,43.5,0.1896605418872625,MEDIUM
454,27,1.0000000000000002,1.0000000000000002,6,325.0,16.814814814814813,0.0665201465201465,MEDIUM
2523,29,0.8,0.9000000000000001,3,350.0,87.0,0.38507326007326,MEDIUM
926,18,0.9000000000000001,1.0000000000000002,5,325.0,51.44444444444444,0.2435239973701511,MEDIUM
3071,28,0.9500000000000002,0.8500000000000001,3,325.0,109.67857142857143,0.46807335079780893,MEDIUM
1515,29,0.9000000000000001,0.8,6,250.0,52.241379310344826,0.36594202898550715,MEDIUM
1417,24,0.9500000000000002,0.8,2,300.0,59.041666666666664,0.2824960127591706,MEDIUM
3392,17,0.75,0.7,5,325.0,199.52941176470588,1.6566544566544568,HIGH
1161,21,0.8500000000000001,1.0000000000000002,2,300.0,55.285714285714285,0.23962848297213615,LOW
2648,19,1.0000000000000002,0.75,4,275.0,139.3684210526316,0.8559191919191916,MEDIUM
1424,5,0.7,0.8500000000000001,5,250.0,284.8,9.573109243697477,HIGH
321,8,0.75,0.8500000000000001,6,325.0,40.125,0.7746606334841628,MEDIUM
469,14,0.7,0.75,6,275.0,33.5,0.40606060606060607,MEDIUM
3318,8,0.7,0.9000000000000001,6,300.0,414.75,8.777777777777777,HIGH
3283,8,0.9000000000000001,0.75,2,350.0,410.375,2.3160493827160487,HIGH
587,7,1.0000000000000002,0.75,1,325.0,83.85714285714286,0.40136752136752124,MEDIUM
1891,19,1.0000000000000002,0.75,4,250.0,99.52631578947368,0.6723555555555554,MEDIUM
1776,11,0.9500000000000002,0.8,4,350.0,161.45454545454547,0.9538131041890439,MEDIUM
1589,26,0.9000000000000001,0.75,2,300.0,61.11538461538461,0.32695473251028795,MEDIUM
924,3,1.0000000000000002,0.7,1,275.0,308.0,2.3999999999999995,HIGH
2771,3,0.9000000000000001,1.0000000000000002,2,300.0,923.6666666666666,10.262962962962959,HIGH
3493,11,0.8500000000000001,0.75,5,250.0,317.54545454545456,3.652810457516339,HIGH
1453,15,0.7,0.75,5,250.0,96.86666666666666,1.107047619047619,HIGH
3397,26,0.7,0.8,0,350.0,130.65384615384616,0.6666012558869702,MEDIUM
2219,17,0.8500000000000001,0.8,0,275.0,130.52941176470588,0.6980182447310475,MEDIUM
3381,25,0.7,0.75,1,250.0,135.24,1.0733333333333333,MEDIUM
746,30,0.75,0.8,0,300.0,24.866666666666667,0.13814814814814816,MEDIUM
604,9,1.0000000000000002,0.8,3,275.0,67.11111111111111,0.45757575757575747,MEDIUM
1179,19,0.9000000000000001,0.9500000000000002,0,300.0,62.05263157894737,0.24192059095106178,LOW
2105,25,0.9500000000000002,0.7,2,350.0,84.2,0.39321907252603555,MEDIUM
2395,16,0.9500000000000002,1.0000000000000002,4,350.0,149.6875,0.6002506265664158,MEDIUM
298,19,0.8500000000000001,0.9000000000000001,1,350.0,15.68421052631579,0.061832140263512796,LOW
2116,30,0.9500000000000002,0.9500000000000002,0,325.0,70.53333333333333,0.2404716244051423,LOW
815,19,1.0000000000000002,0.75,6,275.0,42.89473684210526,0.30396270396270386,MEDIUM
3029,28,0.8,0.75,0,350.0,108.17857142857143,0.5151360544217687,MEDIUM
1620,9,0.8500000000000001,0.7,6,250.0,180.0,3.630252100840336,HIGH
548,20,0.75,0.7,6,300.0,27.4,0.24852607709750568,MEDIUM
1000,26,1.0000000000000002,0.7,1,325.0,38.46153846153846,0.1758241758241758,MEDIUM
860,18,0.7,0.9500000000000002,3,275.0,47.77777777777778,0.3135110503531556,MEDIUM
589,28,0.7,0.9500000000000002,5,350.0,21.035714285714285,0.11002661934338952,MEDIUM
2524,17,0.75,0.7,6,250.0,148.47058823529412,1.7482251082251083,HIGH
2527,24,0.75,1.0000000000000002,6,275.0,105.29166666666667,0.6806734006734004,MEDIUM
2117,18,0.9500000000000002,0.8,4,250.0,117.61111111111111,0.7958646616541352,MEDIUM
1485,23,0.75,0.7,5,300.0,64.56521739130434,0.5238095238095238,MEDIUM
2068,10,1.0000000000000002,0.8500000000000001,0,275.0,206.8,0.8847058823529409,MEDIUM
2672,10,0.9000000000000001,0.75,2,275.0,267.2,1.799326599326599,HIGH
1140,6,1.0000000000000002,1.0000000000000002,3,350.0,190.0,1.0857142857142854,MEDIUM
1476,10,0.8,0.9000000000000001,0,250.0,147.6,0.8199999999999998,MEDIUM
2485,26,0.7,1.0000000000000002,3,300.0,95.57692307692308,0.5144927536231882,MEDIUM
1609,26,1.0000000000000002,0.75,6,300.0,61.88461538461539,0.35755555555555546,MEDIUM
2502,23,0.9500000000000002,0.9000000000000001,3,325.0,108.78260869565217,0.45020242914979736,MEDIUM
3187,6,0.7,1.0000000000000002,5,325.0,531.1666666666666,14.008791208791207,HIGH
1403,4,0.9500000000000002,1.0000000000000002,2,250.0,350.75,2.9536842105263146,HIGH
1626,4,0.7,0.8,1,275.0,406.5,3.5194805194805197,HIGH
1071,29,1.0000000000000002,1.0000000000000002,6,350.0,36.93103448275862,0.13304347826086954,MEDIUM
3047,4,0.7,0.9000000000000001,1,300.0,761.75,5.373897707231039,HIGH
1143,19,1.0000000000000002,1.0000000000000002,4,275.0,60.1578947368421,0.277090909090909,MEDIUM
2618,14,0.9000000000000001,0.7,3,350.0,187.0,1.0793650793650793,MEDIUM
1966,11,0.8500000000000001,0.9000000000000001,5,250.0,178.72727272727272,1.7132897603485835,HIGH
592,13,1.0000000000000002,1.0000000000000002,0,325.0,45.53846153846154,0.14011834319526623,LOW
3452,20,0.9000000000000001,0.8,2,250.0,172.6,1.065432098765432,MEDIUM
1942,6,1.0000000000000002,0.8500000000000001,6,275.0,323.6666666666667,8.308021390374329,HIGH
3060,9,0.9500000000000002,0.75,2,275.0,340.0,2.231032125768967,HIGH
3133,17,1.0000000000000002,0.9500000000000002,3,300.0,184.2941176470588,0.7852130325814533,MEDIUM
2099,5,1.0000000000000002,0.8,4,300.0,419.8,8.745833333333332,HIGH
2631,15,0.7,0.8,6,250.0,175.4,2.088095238095238,HIGH
977,15,0.8500000000000001,0.9000000000000001,2,250.0,65.13333333333334,0.3929612870789341,LOW
3275,22,0.9500000000000002,0.9500000000000002,4,300.0,148.86363636363637,0.6720016415307272,MEDIUM
2374,10,0.7,1.0000000000000002,2,275.0,237.4,1.5415584415584411,HIGH
2525,13,0.75,0.75,3,350.0,194.23076923076923,1.2825396825396826,HIGH
1784,23,0.8500000000000001,0.8,5,250.0,77.56521739130434,0.5830065359477123,MEDIUM
3348,25,0.8500000000000001,0.9000000000000001,4,350.0,133.92,0.5954381752701078,MEDIUM
397,4,1.0000000000000002,0.9500000000000002,3,300.0,99.25,1.3929824561403503,HIGH
3321,6,0.75,1.0000000000000002,0,275.0,553.5,2.6836363636363627,HIGH
2011,18,0.7,0.75,5,300.0,111.72222222222223,0.9821733821733821,MEDIUM
2016,19,0.9500000000000002,0.7,2,275.0,106.10526315789474,0.6484660849985927,MEDIUM
3358,26,0.75,0.8500000000000001,5,250.0,129.15384615384616,1.0033239962651725,MEDIUM
2280,24,0.7,0.75,2,325.0,95.0,0.6073926073926075,MEDIUM
716,12,0.8500000000000001,0.9000000000000001,0,300.0,59.666666666666664,0.2599854756717501,LOW
363,17,0.75,0.9500000000000002,1,300.0,21.352941176470587,0.10614035087719297,MEDIUM
1217,20,0.7,1.0000000000000002,2,275.0,60.85,0.35122655122655116,MEDIUM
3113,16,0.8500000000000001,0.8,1,275.0,194.5625,1.1098039215686273,HIGH
2046,25,0.75,0.75,4,275.0,81.84,0.6298412698412699,MEDIUM
2701,5,0.7,0.9500000000000002,0,275.0,540.2,2.9539302802460696,HIGH
2499,10,0.8500000000000001,0.8500000000000001,2,325.0,249.9,1.3303167420814475,HIGH
1532,4,0.8500000000000001,0.75,1,300.0,383.0,2.6701525054466226,HIGH
527,4,0.8,0.75,0,325.0,131.75,0.6756410256410257,MEDIUM
1834,29,0.75,0.8,4,350.0,63.241379310344826,0.34933333333333333,MEDIUM
2203,13,0.75,0.75,5,275.0,169.46153846153845,1.7802020202020201,HIGH
2147,7,0.7,1.0000000000000002,1,350.0,306.7142857142857,1.4605442176870747,HIGH
791,13,0.75,0.7,5,250.0,60.84615384615385,0.7533333333333333,MEDIUM
766,25,0.75,0.8,0,350.0,30.64,0.1459047619047619,MEDIUM
1251,24,0.9000000000000001,0.9000000000000001,0,275.0,52.125,0.23400673400673394,LOW
2358,5,1.0000000000000002,0.9000000000000001,1,275.0,471.6,2.381818181818181,HIGH
1081,29,0.8,0.9000000000000001,3,350.0,37.275862068965516,0.16498778998778998,MEDIUM
3462,6,0.9500000000000002,0.9500000000000002,1,300.0,577.0,2.5573407202216054,HIGH
1051,10,0.9000000000000001,0.8500000000000001,0,325.0,105.1,0.4227249874308696,LOW
1424,23,0.9500000000000002,0.9500000000000002,4,275.0,61.91304347826087,0.301978820130154,MEDIUM
1069,10,1.0000000000000002,0.8,5,325.0,106.9,0.8223076923076922,MEDIUM
1938,10,0.8,0.8500000000000001,6,300.0,193.8,2.3749999999999996,HIGH
803,10,0.9000000000000001,0.9500000000000002,1,250.0,80.3,0.4174139051332033,LOW
3163,16,0.8500000000000001,1.0000000000000002,3,300.0,197.6875,0.9541478129713421,MEDIUM
929,28,0.9000000000000001,0.9500000000000002,3,300.0,33.17857142857143,0.1448732943469785,MEDIUM
1024,25,0.8,0.8,1,300.0,40.96,0.2222222222222222,MEDIUM
2669,21,0.9000000000000001,0.8,4,325.0,127.0952380952381,0.6709401709401708,MEDIUM
3206,30,0.7,0.8,2,250.0,106.86666666666666,0.8178571428571428,MEDIUM
314,15,0.7,0.8,2,325.0,20.933333333333334,0.1327134404057481,MEDIUM
1651,16,0.8500000000000001,0.9000000000000001,2,350.0,103.1875,0.4404428438041882,LOW
3067,10,0.8,0.8500000000000001,5,275.0,306.7,3.2802139037433147,HIGH
296,4,0.8,0.8500000000000001,6,300.0,74.0,1.4509803921568625,HIGH
1536,3,0.8500000000000001,0.7,3,275.0,512.0,9.387318563789153,HIGH
593,29,1.0000000000000002,0.8,5,300.0,20.448275862068964,0.10295138888888886,MEDIUM
1891,8,0.9500000000000002,0.75,4,300.0,236.375,2.211695906432748,HIGH
2217,12,1.0000000000000002,0.7,5,275.0,184.75,1.6452690166975878,HIGH
2388,16,0.8500000000000001,0.7,1,275.0,149.25,0.9729564553093965,MEDIUM
1992,15,0.8500000000000001,0.75,3,250.0,132.8,1.0415686274509801,MEDIUM
1010,18,0.75,0.9500000000000002,2,325.0,56.111111111111114,0.272604588394062,MEDIUM
3321,12,0.75,0.7,3,250.0,276.75,2.8114285714285714,HIGH
3393,14,0.8500000000000001,1.0000000000000002,1,350.0,242.35714285714286,0.8773109243697476,MEDIUM
865,9,0.9500000000000002,0.75,0,300.0,96.11111111111111,0.4496426250812215,MEDIUM
1264,27,0.7,0.7,4,275.0,46.81481481481482,0.40784060659837057,MEDIUM
1786,4,0.7,0.8500000000000001,1,325.0,446.5,3.078646843352726,HIGH
2825,17,0.9500000000000002,0.9000000000000001,0,325.0,166.1764705882353,0.5980259850228888,LOW
3485,5,0.75,0.9500000000000002,5,350.0,697.0,13.974937343358393,HIGH
2541,10,0.9000000000000001,0.8,5,350.0,254.1,2.016666666666666,HIGH
1079,3,0.8,0.8500000000000001,5,325.0,359.6666666666667,4.88235294117647,HIGH
3168,5,1.0000000000000002,0.75,4,350.0,633.6,12.068571428571426,HIGH
515,21,0.9000000000000001,0.75,3,275.0,24.523809523809526,0.15413393191170965,MEDIUM
2615,14,1.0000000000000002,0.8,6,275.0,186.78571428571428,1.4857954545454541,HIGH
3145,21,1.0000000000000002,0.8500000000000001,0,350.0,149.76190476190476,0.5034013605442176,LOW
1595,21,0.8500000000000001,0.8500000000000001,5,300.0,75.95238095238095,0.4599192618223759,MEDIUM
526,16,0.8500000000000001,0.9000000000000001,2,350.0,32.875,0.14032279578498058,LOW
1294,17,0.9000000000000001,1.0000000000000002,4,325.0,76.11764705882354,0.34030243261012477,MEDIUM
2535,4,0.8500000000000001,0.9500000000000002,3,325.0,633.75,9.6594427244582,HIGH
550,30,1.0000000000000002,0.9000000000000001,1,300.0,18.333333333333332,0.07024265644955296,LOW
470,21,0.7,0.7,1,250.0,22.38095238095238,0.19183673469387758,MEDIUM
2878,20,0.9500000000000002,0.8,1,300.0,143.9,0.6643582640812556,MEDIUM
3472,24,0.8500000000000001,0.8500000000000001,5,250.0,144.66666666666666,1.011691859406301,MEDIUM
1352,27,1.0000000000000002,0.9000000000000001,1,350.0,50.074074074074076,0.16507936507936502,LOW
1487,14,0.75,1.0000000000000002,6,275.0,106.21428571428571,0.9012121212121209,MEDIUM
589,3,0.75,0.8,3,325.0,196.33333333333334,3.0205128205128204,HIGH
1253,30,0.8,0.9000000000000001,0,325.0,41.766666666666666,0.17849002849002846,MEDIUM
3496,11,0.9000000000000001,0.8500000000000001,3,275.0,317.8181818181818,2.0772430184194883,HIGH
2191,14,1.0000000000000002,0.75,1,300.0,156.5,0.7490598290598289,MEDIUM
368,19,0.9000000000000001,0.8500000000000001,1,250.0,19.36842105263158,0.10689905591866372,LOW
886,15,0.8500000000000001,0.9500000000000002,4,325.0,59.06666666666667,0.3069129013401458,MEDIUM
1173,16,0.8,0.7,6,275.0,73.3125,0.7616883116883116,MEDIUM
1628,7,0.75,1.0000000000000002,4,275.0,232.57142857142858,2.6311111111111103,HIGH
444,8,0.75,0.8,6,350.0,55.5,1.0571428571428572,MEDIUM
1602,27,0.8,1.0000000000000002,3,325.0,59.333333333333336,0.25673076923076915,MEDIUM
971,17,0.7,1.0000000000000002,3,300.0,57.11764705882353,0.33027210884353736,MEDIUM
2597,6,1.0000000000000002,0.9000000000000001,0,350.0,432.8333333333333,1.3740740740740736,HIGH
2717,13,0.9000000000000001,0.9500000000000002,2,250.0,209.0,1.1555555555555552,HIGH
558,11,0.7,0.7,3,300.0,50.72727272727273,0.4744897959183674,MEDIUM
2324,3,0.8500000000000001,0.9000000000000001,4,325.0,774.6666666666666,9.347410759175462,HIGH
1900,16,0.8500000000000001,1.0000000000000002,1,275.0,118.75,0.5418894830659535,LOW
713,5,0.8,0.8500000000000001,4,325.0,142.6,3.2262443438914024,HIGH
885,21,1.0000000000000002,0.8,0,350.0,42.142857142857146,0.15051020408163263,MEDIUM
2135,21,0.8500000000000001,0.8500000000000001,5,350.0,101.66666666666667,0.5276816608996538,MEDIUM
752,13,0.8,0.9000000000000001,4,275.0,57.84615384615385,0.42199775533108863,MEDIUM
1512,16,0.75,0.8500000000000001,6,275.0,94.5,0.8624598930481281,MEDIUM
781,17,0.9000000000000001,0.7,1,250.0,45.94117647058823,0.30992063492063493,MEDIUM
1718,14,0.8500000000000001,0.8,1,350.0,122.71428571428571,0.555268261150614,MEDIUM
2888,14,1.0000000000000002,0.75,2,300.0,206.28571428571428,1.0696296296296293,MEDIUM
2543,30,0.9000000000000001,0.9500000000000002,0,350.0,84.76666666666667,0.2832637148426621,LOW
627,3,0.9500000000000002,0.7,1,300.0,209.0,1.5714285714285712,HIGH
3168,28,0.7,0.9000000000000001,6,325.0,113.14285714285714,0.7032967032967034,MEDIUM
822,5,1.0000000000000002,1.0000000000000002,0,350.0,164.4,0.4697142857142856,LOW
592,26,0.9500000000000002,0.75,6,275.0,22.76923076923077,0.1510685805422647,MEDIUM
3151,4,0.8500000000000001,0.8,6,250.0,787.75,18.535294117647055,HIGH
1292,15,0.8500000000000001,0.8500000000000001,5,350.0,86.13333333333334,0.5109243697478989,MEDIUM
729,3,0.8500000000000001,0.8500000000000001,1,325.0,243.0,1.5523023689113649,HIGH
3062,10,0.9500000000000002,0.9500000000000002,1,250.0,306.2,1.5079101261926742,HIGH
3188,13,0.8500000000000001,0.8,2,275.0,245.23076923076923,1.5498298492950897,HIGH
2194,11,1.0000000000000002,0.8500000000000001,0,300.0,199.45454545454547,0.7821746880570408,LOW
898,8,0.7,0.9000000000000001,5,325.0,112.25,1.461945461945462,HIGH
2256,15,0.7,0.8500000000000001,4,250.0,150.4,1.3787624140565315,HIGH
1020,6,0.8,0.8500000000000001,2,250.0,170.0,1.4999999999999998,HIGH
1206,25,0.9500000000000002,0.8500000000000001,0,275.0,48.24,0.2172361384745285,LOW
1885,6,0.8,0.9000000000000001,5,250.0,314.1666666666667,10.472222222222221,HIGH
700,14,1.0000000000000002,0.9500000000000002,0,300.0,50.0,0.175438596491228,LOW
2861,19,0.9000000000000001,0.75,1,350.0,150.57894736842104,0.6727807172251615,MEDIUM
272,30,0.7,0.8500000000000001,6,325.0,9.066666666666666,0.05860805860805861,MEDIUM
1998,24,0.9000000000000001,1.0000000000000002,6,250.0,83.25,0.4933333333333331,MEDIUM
1782,22,0.9500000000000002,0.8500000000000001,2,275.0,81.0,0.4012383900928791,LOW
792,16,1.0000000000000002,0.75,2,300.0,49.5,0.25142857142857133,MEDIUM
1172,29,0.7,0.9000000000000001,1,350.0,40.41379310344828,0.18982831227729186,MEDIUM
2238,21,0.9000000000000001,0.9000000000000001,3,325.0,106.57142857142857,0.47230136119024985,MEDIUM
955,3,0.9000000000000001,0.7,3,300.0,318.3333333333333,5.052910052910052,HIGH
1313,22,0.9500000000000002,0.9500000000000002,6,250.0,59.68181818181818,0.3637119113573406,MEDIUM
1167,6,0.8,0.9000000000000001,2,250.0,194.5,1.6208333333333331,HIGH
2037,10,0.7,0.8500000000000001,2,275.0,203.7,1.5561497326203206,HIGH
2885,17,0.8,0.8,4,275.0,169.7058823529412,1.2609265734265735,HIGH
1471,8,0.9000000000000001,1.0000000000000002,2,275.0,183.875,0.9905723905723902,MEDIUM
2512,20,0.9500000000000002,0.7,3,275.0,125.6,0.808009328133167,MEDIUM
2255,22,0.75,1.0000000000000002,4,350.0,102.5,0.47724867724867714,MEDIUM
1388,8,0.8,1.0000000000000002,3,250.0,173.5,1.3879999999999997,HIGH
1346,5,0.9500000000000002,0.9500000000000002,2,325.0,269.2,1.529654094751047,HIGH
2268,5,0.9000000000000001,0.7,1,250.0,453.6,3.6,HIGH
1093,4,0.75,0.9000000000000001,1,350.0,273.25,1.5421516754850086,HIGH
2159,24,0.9500000000000002,0.7,5,325.0,89.95833333333333,0.5257678609479163,MEDIUM
2829,4,0.9500000000000002,0.7,0,300.0,707.25,3.5451127819548867,HIGH
1485,22,0.7,0.75,1,325.0,67.5,0.4144427001569859,MEDIUM
1121,12,0.7,0.8,0,250.0,93.41666666666667,0.6672619047619048,MEDIUM
2290,11,0.8500000000000001,0.9000000000000001,0,250.0,208.1818181818182,1.0885323826500295,MEDIUM
3034,26,0.9000000000000001,0.75,2,350.0,116.6923076923077,0.5350970017636684,MEDIUM
2763,22,0.75,0.9000000000000001,6,300.0,125.5909090909091,0.8527777777777776,MEDIUM
1779,24,0.8500000000000001,0.7,1,325.0,74.125,0.39998875804502393,MEDIUM
1939,15,0.75,0.9000000000000001,0,325.0,129.26666666666668,0.5892497625830959,MEDIUM
1531,27,1.0000000000000002,0.9500000000000002,3,275.0,56.7037037037037,0.24417862838915458,MEDIUM
970,5,1.0000000000000002,1.0000000000000002,3,275.0,194.0,1.763636363636363,HIGH
2317,9,0.8500000000000001,0.75,2,300.0,257.44444444444446,1.7307189542483659,HIGH
3429,21,1.0000000000000002,0.75,6,250.0,163.28571428571428,1.2191999999999996,HIGH
1141,18,0.7,0.75,5,300.0,63.388888888888886,0.5572649572649573,MEDIUM
3029,5,0.9500000000000002,0.8,4,275.0,605.8,14.492822966507173,HIGH
2416,16,0.8,0.9500000000000002,5,275.0,151.0,1.0508916920400173,MEDIUM
653,28,0.7,0.75,2,300.0,23.321428571428573,0.15946275946275948,MEDIUM
1254,8,0.75,0.7,2,300.0,156.75,1.326984126984127,HIGH
638,22,1.0000000000000002,1.0000000000000002,5,275.0,29.0,0.13647058823529407,MEDIUM
3119,23,0.8500000000000001,0.9500000000000002,0,325.0,135.6086956521739,0.516727585242863,LOW
3160,6,1.0000000000000002,0.75,0,300.0,526.6666666666666,2.34074074074074,HIGH
569,29,0.9000000000000001,0.9500000000000002,5,275.0,19.620689655172413,0.10083289030657448,MEDIUM
902,13,0.9500000000000002,1.0000000000000002,5,275.0,69.38461538461539,0.43157894736842084,MEDIUM
1449,23,0.8,0.8500000000000001,4,300.0,63.0,0.3738390092879256,MEDIUM
3151,4,0.8500000000000001,0.75,0,250.0,787.75,4.9427450980392145,HIGH
2295,8,0.9000000000000001,0.9000000000000001,1,275.0,286.875,1.4718614718614713,HIGH
1852,30,1.0000000000000002,0.9500000000000002,4,350.0,61.733333333333334,0.21422787738577204,MEDIUM
1312,10,0.7,0.8,1,250.0,131.2,1.0412698412698411,MEDIUM
3479,28,0.8500000000000001,1.0000000000000002,5,250.0,124.25,0.7118158567774934,MEDIUM
1989,17,0.8500000000000001,0.75,2,300.0,117.0,0.6933333333333332,MEDIUM
3067,29,1.0000000000000002,0.9000000000000001,1,350.0,105.75862068965517,0.34773242630385476,LOW
377,29,1.0000000000000002,0.9000000000000001,2,350.0,13.0,0.04432686654908876,LOW
3468,29,0.9000000000000001,0.9500000000000002,1,300.0,119.58620689655173,0.48287385129490373,LOW
1501,29,0.8,0.7,6,350.0,51.758620689655174,0.332963620230701,MEDIUM
2798,19,0.9500000000000002,0.7,3,275.0,147.26315789473685,0.9562542720437456,MEDIUM
2804,18,0.8,0.8500000000000001,3,250.0,155.77777777777777,1.0996078431372547,MEDIUM
256,23,0.7,0.8,2,350.0,11.130434782608695,0.062196307094266275,MEDIUM
1735,11,0.8500000000000001,0.9000000000000001,5,275.0,157.72727272727272,1.3745296098237272,HIGH
1941,15,0.7,0.8,4,300.0,129.4,1.0503246753246753,MEDIUM
1333,14,1.0000000000000002,0.8,3,350.0,95.21428571428571,0.43279220779220773,MEDIUM
591,15,0.9000000000000001,0.7,0,300.0,39.4,0.20846560846560844,MEDIUM
3471,8,1.0000000000000002,0.9000000000000001,4,250.0,433.875,3.856666666666665,HIGH
2297,24,0.8,0.9000000000000001,0,325.0,95.70833333333333,0.4090099715099714,MEDIUM
2676,4,0.8500000000000001,0.8500000000000001,1,300.0,669.0,4.115340253748557,HIGH
2231,19,0.8,0.8,2,300.0,117.42105263157895,0.6835171568627452,MEDIUM
1556,5,0.9500000000000002,1.0000000000000002,4,300.0,311.2,5.459649122807015,HIGH
1619,25,0.9500000000000002,0.7,1,325.0,64.76,0.3121264700212068,MEDIUM
2873,9,0.8500000000000001,0.9000000000000001,2,250.0,319.22222222222223,2.1460317460317455,HIGH
495,7,0.7,1.0000000000000002,5,325.0,70.71428571428571,1.0879120879120878,MEDIUM
715,18,0.7,0.7,5,325.0,39.72222222222222,0.34536891679748827,MEDIUM
1316,26,0.9000000000000001,0.8500000000000001,0,275.0,50.61538461538461,0.24059600530188757,LOW
3065,28,1.0000000000000002,0.8500000000000001,6,300.0,109.46428571428571,0.5463458110516932,MEDIUM
834,9,0.75,0.9000000000000001,3,250.0,92.66666666666667,0.8237037037037036,MEDIUM
3317,15,0.8500000000000001,0.9500000000000002,2,275.0,221.13333333333333,1.1490181644980404,HIGH
3288,30,0.8500000000000001,1.0000000000000002,2,275.0,109.6,0.5023682200152787,LOW
922,30,1.0000000000000002,0.8,1,275.0,30.733333333333334,0.14451410658307207,MEDIUM
1269,28,0.9500000000000002,0.8500000000000001,5,350.0,45.32142857142857,0.19521950656692877,MEDIUM
1257,20,0.8500000000000001,1.0000000000000002,6,325.0,62.85,0.32501616031027786,MEDIUM
1208,12,1.0000000000000002,0.7,0,325.0,100.66666666666667,0.4424908424908425,MEDIUM
936,28,0.7,0.9500000000000002,2,350.0,33.42857142857143,0.154672395273899,MEDIUM
2957,3,0.75,1.0000000000000002,0,350.0,985.6666666666666,3.754920634920634,HIGH
3498,18,0.9000000000000001,0.8500000000000001,5,300.0,194.33333333333334,1.1724484665661132,HIGH
844,24,0.9500000000000002,0.8500000000000001,2,275.0,35.166666666666664,0.17276053527108967,LOW
3393,17,0.7,0.8500000000000001,5,300.0,199.58823529411765,1.5840336134453779,HIGH
798,9,0.8,0.8,2,300.0,88.66666666666667,0.59375,MEDIUM
1003,27,0.9500000000000002,0.8,6,325.0,37.148148148148145,0.1933680354732986,MEDIUM
2662,23,0.9000000000000001,0.9500000000000002,0,300.0,115.73913043478261,0.45122468005763183,LOW
1137,9,0.7,0.9500000000000002,3,350.0,126.33333333333333,0.8141783029001073,MEDIUM
3236,26,0.7,0.8,2,250.0,124.46153846153847,0.9630952380952381,MEDIUM
2893,11,0.7,0.9000000000000001,2,325.0,263.0,1.5699362366029033,HIGH
704,14,0.7,0.9500000000000002,2,250.0,50.285714285714285,0.3528822055137844,MEDIUM
1594,14,0.8,0.8500000000000001,0,275.0,113.85714285714286,0.6088617265087852,MEDIUM
3369,8,0.9500000000000002,0.9500000000000002,3,325.0,421.125,2.297208608565948,HIGH
2461,25,0.9500000000000002,0.9500000000000002,1,350.0,98.44,0.324627357868355,LOW
3190,25,0.8500000000000001,0.8500000000000001,2,250.0,127.6,0.7678652023469231,LOW
1422,14,0.75,0.7,1,350.0,101.57142857142857,0.5952904238618525,MEDIUM
796,30,0.8500000000000001,0.9500000000000002,1,275.0,26.533333333333335,0.12360608325164743,LOW
574,8,0.75,0.8500000000000001,2,300.0,71.75,0.5002178649237472,MEDIUM
2481,3,1.0000000000000002,0.9500000000000002,4,350.0,827.0,7.461654135338343,HIGH
630,10,0.7,0.8500000000000001,2,275.0,63.0,0.481283422459893,MEDIUM
2419,20,0.9000000000000001,0.8500000000000001,1,300.0,120.95,0.5547528953101706,LOW
2440,15,0.8,0.8,5,300.0,162.66666666666666,1.2708333333333333,HIGH
3390,6,1.0000000000000002,0.8500000000000001,3,300.0,565.0,4.431372549019606,HIGH
1760,21,0.9500000000000002,0.9500000000000002,3,325.0,83.80952380952381,0.3333570092572861,MEDIUM
2367,6,0.9500000000000002,0.9500000000000002,5,350.0,394.5,7.4934705184012635,HIGH
338,4,0.7,0.8,0,250.0,84.5,0.6035714285714285,MEDIUM
404,30,1.0000000000000002,0.9500000000000002,1,350.0,13.466666666666667,0.041897848068446965,LOW
2350,27,0.75,0.8500000000000001,6,300.0,87.03703703703704,0.5851229380641144,MEDIUM
1045,26,0.8,1.0000000000000002,1,275.0,40.19230769230769,0.18999999999999995,MEDIUM
3089,11,0.8,0.7,3,250.0,280.8181818181818,2.758035714285714,HIGH
2191,20,0.9000000000000001,0.9000000000000001,5,250.0,109.55,0.7213168724279834,MEDIUM
609,8,0.7,0.9500000000000002,6,300.0,76.125,1.526315789473684,HIGH
3203,27,0.8500000000000001,0.9000000000000001,6,350.0,118.62962962962963,0.569650082255124,MEDIUM
3020,12,1.0000000000000002,0.9500000000000002,3,250.0,251.66666666666666,1.4128654970760228,HIGH
617,7,0.8500000000000001,0.8,2,275.0,88.14285714285714,0.6598930481283422,MEDIUM
823,30,0.7,0.8,4,350.0,27.433333333333334,0.16149921507064363,MEDIUM
1000,18,0.8500000000000001,0.9500000000000002,3,275.0,55.55555555555556,0.30021578009194105,MEDIUM
2890,28,0.75,0.7,4,300.0,103.21428571428571,0.7645502645502645,MEDIUM
2830,28,0.75,0.9000000000000001,6,350.0,101.07142857142857,0.5444925444925444,MEDIUM
1843,21,0.8,0.9500000000000002,1,275.0,87.76190476190476,0.44090909090909086,MEDIUM
2535,25,0.9000000000000001,0.75,0,350.0,101.4,0.42920634920634915,MEDIUM
910,11,0.8500000000000001,0.7,1,350.0,82.72727272727273,0.43697478991596633,MEDIUM
2714,20,1.0000000000000002,0.75,5,275.0,135.7,0.8772525252525251,MEDIUM
3173,30,0.9000000000000001,0.9500000000000002,4,300.0,105.76666666666667,0.4757834757834756,MEDIUM
1414,8,0.7,0.8,6,325.0,176.75,3.8846153846153846,HIGH
1451,28,0.7,0.9000000000000001,2,350.0,51.82142857142857,0.2530961102389674,MEDIUM
2021,23,0.75,0.8500000000000001,2,275.0,87.8695652173913,0.5489517018928783,MEDIUM
1711,23,0.8,0.8,0,300.0,74.3913043478261,0.38745471014492755,MEDIUM
1173,30,0.9500000000000002,0.9500000000000002,5,250.0,39.1,0.20795567867036005,MEDIUM
1401,6,0.9500000000000002,0.7,3,300.0,233.5,2.340852130325814,HIGH
1067,17,1.0000000000000002,0.9500000000000002,3,350.0,62.76470588235294,0.22921589688506971,MEDIUM
1303,29,0.8,0.8,2,300.0,44.93103448275862,0.25135030864197533,MEDIUM
378,7,0.8500000000000001,0.7,4,250.0,54.0,0.8470588235294118,MEDIUM
349,29,1.0000000000000002,0.9000000000000001,0,350.0,12.03448275862069,0.0382047071702244,LOW
3044,7,0.9500000000000002,0.9500000000000002,0,250.0,434.85714285714283,1.9273446774831808,HIGH
352,18,0.8,0.8,4,300.0,19.555555555555557,0.13095238095238096,MEDIUM
325,18,0.9000000000000001,0.9500000000000002,6,275.0,18.055555555555557,0.11518695729222042,MEDIUM
2147,3,0.7,1.0000000000000002,1,350.0,715.6666666666666,4.381632653061224,HIGH
1458,29,1.0000000000000002,0.7,6,325.0,50.275862068965516,0.27864309603440035,MEDIUM
2154,9,0.7,0.9000000000000001,5,325.0,239.33333333333334,2.63003663003663,HIGH
1122,11,1.0000000000000002,0.8,2,325.0,102.0,0.4794871794871794,MEDIUM
608,6,1.0000000000000002,0.8500000000000001,0,275.0,101.33333333333333,0.4335115864527627,LOW
1841,24,0.8500000000000001,0.75,6,250.0,76.70833333333333,0.6417429193899781,MEDIUM
1778,22,0.9000000000000001,0.9000000000000001,4,350.0,80.81818181818181,0.34842249657064456,MEDIUM
271,20,0.8500000000000001,0.75,0,350.0,13.55,0.0607282913165266,MEDIUM
1554,22,0.9500000000000002,0.9000000000000001,5,350.0,70.63636363636364,0.30546955624354993,MEDIUM
2669,22,0.8,0.9000000000000001,5,300.0,121.31818181818181,0.7268518518518517,MEDIUM
2849,7,1.0000000000000002,1.0000000000000002,4,250.0,407.0,3.798666666666665,HIGH
1263,21,0.7,0.9000000000000001,5,250.0,60.142857142857146,0.5011904761904761,MEDIUM
2636,22,0.8,0.75,0,325.0,119.81818181818181,0.6144522144522144,MEDIUM
3155,22,0.7,0.7,1,275.0,143.4090909090909,1.1149394822864211,HIGH
3060,23,0.75,0.8,6,250.0,133.04347826086956,1.2,HIGH
541,23,0.8,1.0000000000000002,4,325.0,23.52173913043478,0.1095141700404858,MEDIUM
3232,26,0.9500000000000002,0.9500000000000002,3,250.0,124.3076923076923,0.6228110321570515,MEDIUM
2465,15,0.75,0.8,6,300.0,164.33333333333334,1.521604938271605,HIGH
3141,23,0.7,0.8500000000000001,4,350.0,136.56521739130434,0.7938333228028054,MEDIUM
807,16,0.9500000000000002,0.7,1,350.0,50.4375,0.23114930182599353,MEDIUM
3144,19,0.9500000000000002,1.0000000000000002,0,250.0,165.47368421052633,0.6967313019390579,LOW
1064,17,0.75,0.9500000000000002,6,325.0,62.588235294117645,0.41771561771561766,MEDIUM
665,19,1.0000000000000002,0.9500000000000002,2,350.0,35.0,0.11764705882352937,LOW
2066,6,0.9000000000000001,0.8500000000000001,6,250.0,344.3333333333333,10.802614379084964,HIGH
2485,29,0.7,0.7,0,275.0,85.6896551724138,0.6359158083296015,MEDIUM
2101,9,0.9000000000000001,0.75,6,250.0,233.44444444444446,4.150123456790123,HIGH
2541,12,1.0000000000000002,0.8,3,275.0,211.75,1.283333333333333,HIGH
1174,28,0.7,0.9000000000000001,1,250.0,41.92857142857143,0.27607289829512044,MEDIUM
2800,27,0.8500000000000001,0.75,6,325.0,103.70370370370371,0.6435394670688787,MEDIUM
2088,29,0.8,0.7,6,350.0,72.0,0.4631765749778172,MEDIUM
3193,7,0.8500000000000001,0.8500000000000001,0,250.0,456.14285714285717,2.525358378645575,HIGH
1217,18,0.7,0.9500000000000002,0,300.0,67.61111111111111,0.3389028125870231,MEDIUM
1391,14,0.8500000000000001,0.8500000000000001,0,300.0,99.35714285714286,0.45839512275498423,LOW
373,11,0.8500000000000001,1.0000000000000002,4,325.0,33.90909090909091,0.1928894634776987,MEDIUM
364,24,0.75,1.0000000000000002,3,325.0,15.166666666666666,0.07111111111111108,MEDIUM
2131,12,0.75,0.8,6,350.0,177.58333333333334,1.6912698412698413,HIGH
751,10,0.9500000000000002,0.8500000000000001,0,300.0,75.1,0.31001031991744055,LOW
1460,13,0.8,0.75,1,350.0,112.3076923076923,0.5793650793650794,MEDIUM
829,21,0.7,0.8500000000000001,5,250.0,39.476190476190474,0.34831932773109237,MEDIUM
3055,3,0.9500000000000002,0.9000000000000001,5,325.0,1018.3333333333334,10.994152046783622,HIGH
432,18,1.0000000000000002,0.7,2,325.0,24.0,0.11868131868131866,MEDIUM
2478,5,0.8,0.9000000000000001,3,325.0,495.6,5.294871794871794,HIGH
292,13,0.8500000000000001,0.9500000000000002,5,325.0,22.46153846153846,0.13908073350797803,MEDIUM
1317,10,0.7,0.9500000000000002,6,325.0,131.7,1.523423944476576,HIGH
3047,15,0.7,0.7,0,275.0,203.13333333333333,1.5074829931972789,HIGH
1207,27,0.75,0.8,3,325.0,44.7037037037037,0.2579059829059829,MEDIUM
3452,14,0.7,0.9000000000000001,2,250.0,246.57142857142858,1.8264550264550263,HIGH
766,24,0.9500000000000002,0.75,6,300.0,31.916666666666668,0.19909031838856395,MEDIUM
726,9,0.9500000000000002,0.9500000000000002,2,325.0,80.66666666666667,0.35359654196219276,LOW
3141,4,0.7,0.7,6,300.0,785.25,21.367346938775512,HIGH
1814,18,0.75,1.0000000000000002,5,350.0,100.77777777777777,0.5315750915750915,MEDIUM
602,17,0.75,0.9500000000000002,5,275.0,35.411764705882355,0.25603402445507706,MEDIUM
2787,13,0.75,0.75,4,350.0,214.3846153846154,1.572910052910053,HIGH
1585,3,0.75,0.7,1,275.0,528.3333333333334,5.489177489177489,HIGH
269,21,0.75,0.9500000000000002,2,300.0,12.80952380952381,0.06623576485072329,MEDIUM
1449,25,0.9500000000000002,0.8,0,250.0,57.96,0.3050526315789473,MEDIUM
2246,23,0.7,0.8500000000000001,6,350.0,97.65217391304348,0.6344184732716617,MEDIUM
1948,12,0.9000000000000001,0.75,4,350.0,162.33333333333334,1.0306878306878304,MEDIUM
1280,30,0.8,0.7,6,275.0,42.666666666666664,0.34632034632034636,MEDIUM
930,8,0.7,1.0000000000000002,1,275.0,116.25,0.6901669758812614,MEDIUM
574,14,0.9000000000000001,0.8500000000000001,6,350.0,41.0,0.26797385620915026,MEDIUM
428,30,0.9500000000000002,0.9500000000000002,6,275.0,14.266666666666667,0.07185427684042639,MEDIUM
2886,6,1.0000000000000002,0.9500000000000002,2,275.0,481.0,2.7617224880382762,HIGH
1643,28,0.7,0.8,2,250.0,58.67857142857143,0.4513736263736264,MEDIUM
1683,15,1.0000000000000002,0.9500000000000002,4,250.0,112.2,0.6442105263157892,MEDIUM
617,10,0.9000000000000001,0.8500000000000001,6,275.0,61.7,0.7332144979203801,MEDIUM
1385,23,0.7,0.8500000000000001,1,350.0,60.21739130434783,0.3023027392775292,MEDIUM
687,21,0.8,0.7,5,300.0,32.714285714285715,0.25558035714285715,MEDIUM
3261,9,0.9500000000000002,0.75,0,250.0,362.3333333333333,2.034152046783625,HIGH
3144,9,0.75,1.0000000000000002,2,250.0,349.3333333333333,2.395428571428571,HIGH
1870,11,0.75,0.9500000000000002,1,325.0,170.0,0.8075573549257757,MEDIUM
2054,23,0.75,0.8,6,350.0,89.30434782608695,0.5753501400560225,MEDIUM
1196,5,0.7,0.7,2,325.0,239.2,2.5034013605442182,HIGH
1834,20,1.0000000000000002,0.7,3,350.0,91.7,0.44033613445378145,MEDIUM
3261,11,0.9500000000000002,1.0000000000000002,2,300.0,296.45454545454544,1.2713450292397654,HIGH
1987,8,0.8,0.9500000000000002,6,275.0,248.375,4.753588516746411,HIGH
3183,16,1.0000000000000002,0.9000000000000001,0,350.0,198.9375,0.6315476190476188,LOW
3056,8,0.8,0.7,4,275.0,382.0,4.961038961038961,HIGH
2803,26,0.8,0.75,5,275.0,107.8076923076923,0.808946608946609,MEDIUM
713,27,0.7,0.7,6,250.0,26.40740740740741,0.2771622934888241,MEDIUM
1144,18,0.9500000000000002,0.9500000000000002,4,300.0,63.55555555555556,0.3018071494525787,MEDIUM
1172,25,0.75,1.0000000000000002,1,325.0,46.88,0.2003418803418803,MEDIUM
1307,12,1.0000000000000002,0.8500000000000001,2,350.0,108.91666666666667,0.43932773109243684,LOW
372,17,0.75,0.8500000000000001,5,250.0,21.88235294117647,0.19450980392156858,MEDIUM
2685,19,0.8,0.8,5,250.0,141.31578947368422,1.1986607142857142,HIGH
922,23,0.9000000000000001,0.9500000000000002,3,350.0,40.08695652173913,0.15405179615705927,MEDIUM
436,6,0.8,0.75,5,325.0,72.66666666666667,2.235897435897436,HIGH
2266,6,1.0000000000000002,0.7,1,275.0,377.6666666666667,2.354285714285714,HIGH
2181,7,0.75,0.8,2,300.0,311.57142857142856,2.4233333333333333,HIGH
1343,13,1.0000000000000002,0.8500000000000001,4,325.0,103.3076923076923,0.54017094017094,MEDIUM
1225,17,0.8,1.0000000000000002,3,325.0,72.05882352941177,0.33653846153846145,MEDIUM
1188,20,0.7,1.0000000000000002,4,300.0,59.4,0.3535714285714285,MEDIUM
778,10,1.0000000000000002,0.75,1,250.0,77.8,0.4610370370370369,MEDIUM
1498,20,0.7,0.9500000000000002,0,250.0,74.9,0.45052631578947366,MEDIUM
2870,16,0.7,0.9000000000000001,4,250.0,179.375,1.5185185185185182,HIGH
1288,5,1.0000000000000002,0.8,1,300.0,257.6,1.3416666666666663,HIGH
1870,3,1.0000000000000002,0.7,2,275.0,623.3333333333334,9.714285714285714,HIGH
627,17,0.8500000000000001,1.0000000000000002,5,275.0,36.88235294117647,0.2235294117647058,MEDIUM
2556,21,0.7,1.0000000000000002,3,300.0,121.71428571428571,0.676190476190476,MEDIUM
2981,15,0.9500000000000002,0.9500000000000002,0,275.0,198.73333333333332,0.800738688827331,LOW
2699,24,0.8500000000000001,0.7,6,350.0,112.45833333333333,0.7200213418700814,MEDIUM
2418,18,0.9000000000000001,0.9000000000000001,6,300.0,134.33333333333334,0.8292181069958845,MEDIUM
2615,12,0.8500000000000001,0.8,0,250.0,217.91666666666666,1.2818627450980389,HIGH
1197,28,0.9000000000000001,0.9000000000000001,0,325.0,42.75,0.16239316239316232,LOW
3162,21,0.9500000000000002,1.0000000000000002,5,300.0,150.57142857142858,0.6934210526315787,MEDIUM
2552,30,1.0000000000000002,0.9000000000000001,1,325.0,85.06666666666666,0.30085470085470073,LOW
583,18,0.9000000000000001,0.8500000000000001,5,250.0,32.388888888888886,0.23448969331322267,MEDIUM
1137,27,0.8500000000000001,0.75,6,300.0,42.111111111111114,0.2830999066293184,MEDIUM
1273,14,1.0000000000000002,0.9000000000000001,5,350.0,90.92857142857143,0.4490299823633156,MEDIUM
3054,5,0.7,0.9500000000000002,5,275.0,610.8,16.699931647300065,HIGH
2827,17,0.8500000000000001,0.9000000000000001,6,350.0,166.2941176470588,0.95985060690943,MEDIUM
583,21,0.8,1.0000000000000002,6,250.0,27.761904761904763,0.19433333333333327,MEDIUM
361,10,0.9000000000000001,0.9000000000000001,0,350.0,36.1,0.12733686067019395,LOW
2366,10,0.8500000000000001,0.8,0,325.0,236.6,1.0705882352941174,MEDIUM
2569,30,0.75,0.7,0,275.0,85.63333333333334,0.5931313131313132,MEDIUM
1033,14,0.8500000000000001,0.8500000000000001,6,325.0,73.78571428571429,0.5499068405642799,MEDIUM
2189,12,0.7,0.8,0,300.0,182.41666666666666,1.085813492063492,MEDIUM
514,14,0.8,0.7,1,325.0,36.714285714285715,0.2172442941673711,MEDIUM
706,7,0.8500000000000001,0.75,1,300.0,100.85714285714286,0.6152505446623093,MEDIUM
2647,8,1.0000000000000002,0.8,0,300.0,330.875,1.378645833333333,HIGH
2544,13,0.8500000000000001,0.8500000000000001,4,300.0,195.69230769230768,1.3041138023836982,HIGH
2758,5,0.9000000000000001,0.7,6,275.0,551.6,15.919191919191919,HIGH
1955,27,0.75,0.9000000000000001,3,300.0,72.4074074074074,0.4022633744855966,MEDIUM
1034,22,0.9500000000000002,1.0000000000000002,5,300.0,47.0,0.21341589267285851,MEDIUM
3212,4,0.8500000000000001,0.9000000000000001,6,275.0,803.0,15.267973856209146,HIGH
1855,19,0.8500000000000001,0.9500000000000002,4,325.0,97.63157894736842,0.47122330713661964,MEDIUM
1801,5,0.8500000000000001,0.75,4,350.0,360.2,8.071708683473387,HIGH
588,24,0.8,0.8500000000000001,2,350.0,24.5,0.11229946524064169,MEDIUM
1088,26,0.9500000000000002,0.8500000000000001,0,350.0,41.84615384615385,0.1480624638519375,LOW
1328,16,0.7,0.9500000000000002,0,325.0,83.0,0.384037015615963,MEDIUM
1674,21,0.9000000000000001,0.9500000000000002,6,350.0,79.71428571428571,0.3729323308270675,MEDIUM
2571,19,0.9500000000000002,0.75,2,275.0,135.31578947368422,0.7718547706163804,MEDIUM
362,11,0.9500000000000002,0.7,6,350.0,32.90909090909091,0.31106337271750806,MEDIUM
2437,13,0.9500000000000002,0.7,1,350.0,187.46153846153845,0.8725384890798424,MEDIUM
2476,13,0.75,0.75,3,275.0,190.46153846153845,1.6006464646464647,HIGH
304,15,0.9500000000000002,0.8,5,275.0,20.266666666666666,0.14545454545454542,MEDIUM
2247,28,0.7,0.9500000000000002,3,350.0,80.25,0.38616541353383455,MEDIUM
683,21,0.9000000000000001,0.75,1,275.0,32.523809523809526,0.18397306397306393,MEDIUM
2427,29,0.75,0.7,3,325.0,83.6896551724138,0.547083685545224,MEDIUM
1588,18,0.7,0.9500000000000002,1,275.0,88.22222222222223,0.5107957058421454,MEDIUM
2147,30,1.0000000000000002,0.8500000000000001,3,325.0,71.56666666666666,0.2878498407910172,MEDIUM
2373,27,1.0000000000000002,0.9000000000000001,0,325.0,87.88888888888889,0.30047483380816703,LOW
1568,25,0.9500000000000002,0.8500000000000001,1,300.0,62.72,0.2696938424492603,LOW
2747,12,0.8500000000000001,0.8500000000000001,1,350.0,228.91666666666666,0.9875522401473955,MEDIUM
2842,9,0.9000000000000001,0.75,3,275.0,315.77777777777777,2.551739618406285,HIGH
2881,26,0.7,1.0000000000000002,1,325.0,110.8076923076923,0.5065494505494504,MEDIUM
1418,18,0.8500000000000001,0.7,6,300.0,78.77777777777777,0.6619981325863679,MEDIUM
399,18,1.0000000000000002,0.7,6,350.0,22.166666666666668,0.1357142857142857,MEDIUM
1346,17,1.0000000000000002,0.8,3,250.0,79.17647058823529,0.48071428571428554,MEDIUM
1806,4,0.75,0.8500000000000001,3,250.0,451.5,11.331764705882351,HIGH
2620,3,1.0000000000000002,1.0000000000000002,2,350.0,873.3333333333334,7.485714285714283,HIGH
2996,7,0.8,0.9000000000000001,4,250.0,428.0,5.548148148148147,HIGH
334,10,0.8,0.75,5,325.0,33.4,0.3425641025641025,MEDIUM
1945,7,0.8,0.75,1,250.0,277.85714285714283,2.1611111111111114,HIGH
858,8,0.8500000000000001,0.8,3,275.0,107.25,0.9176470588235293,MEDIUM
2573,18,0.7,0.8,4,250.0,142.94444444444446,1.3127551020408164,HIGH
622,14,0.9000000000000001,1.0000000000000002,2,350.0,44.42857142857143,0.1645502645502645,LOW
3278,18,0.8500000000000001,1.0000000000000002,2,350.0,182.11111111111111,0.6886554621848737,LOW
2679,23,0.8,0.9500000000000002,3,275.0,116.47826086956522,0.6409090909090908,MEDIUM
2944,12,0.9500000000000002,0.75,5,350.0,245.33333333333334,1.6865019692087357,HIGH
2168,24,0.9500000000000002,0.7,3,325.0,90.33333333333333,0.4776777107604175,MEDIUM
1793,13,1.0000000000000002,0.7,5,250.0,137.92307692307693,1.2807142857142855,HIGH
3087,30,0.9500000000000002,0.7,1,350.0,102.9,0.45735027223230484,MEDIUM
2334,3,0.8,0.7,2,325.0,778.0,12.824175824175825,HIGH
1016,21,0.8500000000000001,0.75,4,275.0,48.38095238095238,0.34090384817028413,MEDIUM
2087,8,0.9500000000000002,0.75,5,325.0,260.875,3.004228520017993,HIGH
747,24,0.8,0.8,6,250.0,31.125,0.259375,MEDIUM
3179,23,0.8,1.0000000000000002,5,350.0,138.2173913043478,0.6307539682539681,MEDIUM
3010,5,1.0000000000000002,0.8,4,250.0,602.0,15.049999999999995,HIGH
989,30,0.7,1.0000000000000002,3,300.0,32.96666666666667,0.17442680776014102,MEDIUM
3484,13,0.9000000000000001,0.7,5,250.0,268.0,2.765079365079365,HIGH
1814,9,0.9000000000000001,1.0000000000000002,4,300.0,201.55555555555554,1.3437037037037032,HIGH
1363,27,0.8500000000000001,0.9000000000000001,3,275.0,50.48148148148148,0.2699544464250346,MEDIUM
1808,8,0.8,0.7,4,325.0,226.0,2.4835164835164836,HIGH
429,14,0.9500000000000002,0.8,6,275.0,30.642857142857142,0.25657894736842096,MEDIUM
511,19,0.9500000000000002,0.9000000000000001,5,275.0,26.894736842105264,0.1552365762892078,MEDIUM
1507,18,0.75,0.8,2,300.0,83.72222222222223,0.5232638888888889,MEDIUM
1294,18,0.9500000000000002,0.8500000000000001,1,325.0,71.88888888888889,0.29004104618746757,LOW
1505,22,0.9500000000000002,0.8500000000000001,5,275.0,68.4090909090909,0.3986688962103275,MEDIUM
2889,4,0.7,0.9500000000000002,5,275.0,722.25,15.797676008202322,HIGH
3071,23,0.9500000000000002,0.7,2,275.0,133.52173913043478,0.7996614913908145,MEDIUM
626,14,1.0000000000000002,0.9500000000000002,1,300.0,44.714285714285715,0.16896086369770574,LOW
1052,8,0.9500000000000002,0.9000000000000001,1,250.0,131.5,0.7030910609857975,LOW
2289,30,0.8,0.8,3,275.0,76.3,0.48169191919191917,MEDIUM
2258,17,0.7,0.9000000000000001,2,325.0,132.8235294117647,0.7352055352055352,MEDIUM
3339,26,0.9000000000000001,0.75,6,275.0,128.42307692307693,0.8993939393939392,MEDIUM
2106,25,0.9000000000000001,0.75,6,300.0,84.24,0.5473684210526314,MEDIUM
1425,5,0.7,1.0000000000000002,4,250.0,285.0,8.142857142857142,HIGH
2994,24,0.75,0.9000000000000001,1,350.0,124.75,0.5510006901311248,MEDIUM
3300,30,0.8,0.9000000000000001,6,275.0,110.0,0.6944444444444443,MEDIUM
2424,23,0.75,0.75,2,250.0,105.3913043478261,0.8208253968253968,MEDIUM
3299,29,0.9000000000000001,0.9000000000000001,5,275.0,113.75862068965517,0.6170968948746726,MEDIUM
2611,28,0.9000000000000001,0.8500000000000001,3,325.0,93.25,0.4200703871292105,MEDIUM
1934,26,1.0000000000000002,0.75,5,275.0,74.38461538461539,0.44652236652236643,MEDIUM
734,7,0.9500000000000002,1.0000000000000002,6,300.0,104.85714285714286,2.575438596491227,HIGH
1980,7,0.9000000000000001,0.9500000000000002,6,350.0,282.85714285714283,6.6165413533834565,HIGH
2468,22,0.75,1.0000000000000002,6,300.0,112.18181818181819,0.6855555555555554,MEDIUM
2645,28,0.8,1.0000000000000002,1,350.0,94.46428571428571,0.34986772486772477,MEDIUM
3498,9,0.9500000000000002,0.75,5,250.0,388.6666666666667,4.909473684210525,HIGH
703,19,0.9500000000000002,0.75,3,275.0,37.0,0.2242424242424242,MEDIUM
3059,27,0.7,0.9000000000000001,0,275.0,113.29629629629629,0.6539468761690983,MEDIUM
2393,20,1.0000000000000002,0.8500000000000001,3,250.0,119.65,0.6624221453287195,MEDIUM
1829,25,0.7,1.0000000000000002,5,275.0,73.16,0.4750649350649349,MEDIUM
419,7,0.8,0.8500000000000001,5,300.0,59.857142857142854,1.0269607843137254,MEDIUM
3331,5,0.8500000000000001,0.9000000000000001,6,325.0,666.2,13.397687280040216,HIGH
2042,4,0.7,0.7,6,300.0,510.5,13.891156462585034,HIGH
2753,24,0.9000000000000001,0.9500000000000002,6,325.0,114.70833333333333,0.5504073574249011,MEDIUM
656,11,0.9000000000000001,0.8500000000000001,5,300.0,59.63636363636363,0.4763979665940448,MEDIUM
1808,6,0.9000000000000001,0.7,1,325.0,301.3333333333333,1.766056166056166,HIGH
1413,25,0.9000000000000001,0.7,0,250.0,56.52,0.3588571428571429,MEDIUM
2667,5,1.0000000000000002,0.7,4,300.0,533.4,12.699999999999998,HIGH
1648,24,0.75,1.0000000000000002,4,250.0,68.66666666666667,0.4394666666666666,MEDIUM
291,14,0.8500000000000001,0.9000000000000001,2,350.0,20.785714285714285,0.09056956115779641,LOW
3057,19,0.7,0.8,4,300.0,160.89473684210526,1.2130952380952382,HIGH
2964,9,1.0000000000000002,0.9000000000000001,5,275.0,329.3333333333333,2.993939393939393,HIGH
3110,8,0.75,0.7,2,250.0,388.75,3.9492063492063494,HIGH
994,5,0.9000000000000001,0.7,2,300.0,198.8,1.753086419753086,HIGH
2797,20,0.9000000000000001,0.9500000000000002,5,350.0,139.85,0.6231133389028124,MEDIUM
2598,3,0.7,0.75,2,300.0,866.0,16.495238095238093,HIGH
2640,27,0.75,0.75,2,250.0,97.77777777777777,0.7509333333333333,MEDIUM
2840,22,0.7,0.9500000000000002,0,325.0,129.0909090909091,0.5972974394027025,MEDIUM
3144,13,0.75,0.8,0,275.0,241.84615384615384,1.4657342657342658,HIGH
3438,22,0.75,0.9000000000000001,2,325.0,156.27272727272728,0.7835897435897435,MEDIUM
1076,22,0.9500000000000002,0.9500000000000002,5,350.0,48.90909090909091,0.20037710375008722,MEDIUM
299,7,0.7,0.8500000000000001,4,275.0,42.714285714285715,0.6091163738222561,MEDIUM
1360,9,0.9500000000000002,0.9500000000000002,1,350.0,151.11111111111111,0.5381875741986544,LOW
2835,21,0.9500000000000002,0.7,4,325.0,135.0,0.7716122886401523,MEDIUM
2896,19,1.0000000000000002,0.75,5,350.0,152.42105263157896,0.7880272108843536,MEDIUM
985,29,0.75,0.8500000000000001,0,300.0,33.96551724137931,0.17759747577191792,MEDIUM
3186,25,0.75,0.7,5,300.0,127.44,1.0114285714285716,MEDIUM
3495,10,0.8500000000000001,0.8,2,350.0,349.5,1.8356092436974785,HIGH
1443,25,0.75,0.8,3,250.0,57.72,0.4372727272727273,MEDIUM
1365,4,1.0000000000000002,0.9000000000000001,5,275.0,341.25,5.515151515151513,HIGH
341,8,0.9000000000000001,0.7,2,250.0,42.625,0.36084656084656086,MEDIUM
2769,25,0.8,0.8,2,350.0,110.76,0.5374611801242236,MEDIUM
2651,7,0.9000000000000001,1.0000000000000002,6,325.0,378.7142857142857,9.06324786324786,HIGH
2902,21,0.9500000000000002,1.0000000000000002,4,350.0,138.1904761904762,0.5134011499336575,MEDIUM
1817,20,0.8,0.9000000000000001,6,325.0,90.85,0.5546398046398046,MEDIUM
855,4,0.9500000000000002,0.7,3,275.0,213.75,4.675324675324674,HIGH
754,8,0.75,0.75,0,325.0,94.25,0.5155555555555555,MEDIUM
1797,4,0.7,0.8500000000000001,5,275.0,449.25,10.98242933537051,HIGH
2527,8,0.8,0.8500000000000001,0,300.0,315.875,1.5484068627450978,HIGH
2427,9,0.9000000000000001,0.8,3,250.0,269.6666666666667,2.247222222222222,HIGH
1536,17,0.75,0.75,2,325.0,90.3529411764706,0.5601367521367522,MEDIUM
1338,30,0.8500000000000001,1.0000000000000002,4,350.0,44.6,0.17297996121525527,MEDIUM
1161,15,0.7,0.8500000000000001,3,275.0,77.4,0.591291061879297,MEDIUM
3131,28,0.8,0.7,3,325.0,111.82142857142857,0.6881318681318681,MEDIUM
932,3,0.9000000000000001,0.8,2,325.0,310.6666666666667,3.982905982905982,HIGH
1253,22,0.9000000000000001,0.9000000000000001,5,275.0,56.95454545454545,0.3308906054004092,MEDIUM
612,22,0.75,0.8,2,350.0,27.818181818181817,0.1457142857142857,MEDIUM
3044,14,0.9000000000000001,0.9500000000000002,5,325.0,217.42857142857142,1.2171739891038131,HIGH
3444,6,0.8500000000000001,1.0000000000000002,3,250.0,574.0,5.402352941176469,HIGH
2409,30,0.8,0.9500000000000002,0,250.0,80.3,0.42263157894736836,MEDIUM
2205,24,0.8500000000000001,0.9000000000000001,4,250.0,91.875,0.576470588235294,MEDIUM
3148,29,0.8500000000000001,0.75,1,325.0,108.55172413793103,0.5426416720534366,MEDIUM
3240,24,0.8,1.0000000000000002,3,300.0,135.0,0.6428571428571427,MEDIUM
2072,23,0.8500000000000001,0.8,3,300.0,90.08695652173913,0.5078431372549018,MEDIUM
2218,20,1.0000000000000002,1.0000000000000002,6,350.0,110.9,0.4526530612244896,MEDIUM
1442,12,0.8,0.9000000000000001,2,300.0,120.16666666666667,0.6675925925925924,MEDIUM
3224,27,0.8500000000000001,1.0000000000000002,4,275.0,119.4074074074074,0.59967449430365,MEDIUM
771,6,0.9000000000000001,0.75,6,250.0,128.5,4.568888888888888,HIGH
2847,14,0.8,0.75,5,300.0,203.35714285714286,1.7574074074074073,HIGH
669,25,0.8,0.9500000000000002,0,275.0,26.76,0.1280382775119617,MEDIUM
1538,22,0.9500000000000002,1.0000000000000002,1,250.0,69.9090909090909,0.30837092731829563,LOW
2476,20,0.7,0.9000000000000001,3,250.0,123.8,0.9247432306255835,MEDIUM
1743,8,0.9500000000000002,0.8,6,350.0,217.875,3.2763157894736836,HIGH
706,16,0.8,0.8500000000000001,5,325.0,44.125,0.29041546688605513,MEDIUM
3281,24,1.0000000000000002,0.9500000000000002,1,275.0,136.70833333333334,0.5460370293322235,LOW
2378,10,0.7,0.9500000000000002,4,250.0,237.8,2.3839598997493727,HIGH
302,15,0.8,0.8,4,250.0,20.133333333333333,0.17159090909090907,MEDIUM
1527,6,0.9000000000000001,0.7,1,350.0,254.5,1.385034013605442,HIGH
1604,24,0.9000000000000001,0.8500000000000001,3,275.0,66.83333333333333,0.36307048071753945,MEDIUM
1390,27,0.7,0.9000000000000001,2,350.0,51.48148148148148,0.2521541950113379,MEDIUM
2756,9,0.7,0.75,6,250.0,306.22222222222223,6.999365079365079,HIGH
1760,6,0.9500000000000002,0.7,1,350.0,293.3333333333333,1.5123523093447904,HIGH
1828,6,0.9500000000000002,0.75,1,250.0,304.6666666666667,2.052491228070175,HIGH
489,17,0.7,0.9500000000000002,1,325.0,28.764705882352942,0.14141122035858877,MEDIUM
2012,15,0.8,0.8500000000000001,2,275.0,134.13333333333333,0.827642945290004,MEDIUM
3469,5,0.75,0.8,0,325.0,693.8,3.557948717948718,HIGH
3002,11,0.9500000000000002,0.9000000000000001,3,300.0,272.90909090909093,1.4629629629629624,HIGH
895,10,0.75,0.9000000000000001,2,300.0,89.5,0.552469135802469,MEDIUM
777,11,0.9500000000000002,0.7,5,250.0,70.63636363636364,0.7789473684210525,MEDIUM
874,5,0.8,0.8500000000000001,3,300.0,174.8,2.1421568627450975,HIGH
1517,27,0.8,0.8,1,275.0,56.18518518518518,0.33151223776223776,MEDIUM
1576,3,0.7,0.75,1,300.0,525.3333333333334,5.003174603174603,HIGH
268,8,0.9500000000000002,0.9500000000000002,3,275.0,33.5,0.21596575169982363,MEDIUM
2620,16,0.8,1.0000000000000002,6,275.0,163.75,1.1909090909090907,HIGH
872,28,0.9000000000000001,0.9000000000000001,6,300.0,31.142857142857142,0.16311260755705193,MEDIUM
518,27,0.7,0.8500000000000001,0,250.0,19.185185185185187,0.1289760348583878,MEDIUM
2937,6,1.0000000000000002,0.8,4,300.0,489.5,6.118749999999999,HIGH
2558,16,0.8,1.0000000000000002,0,250.0,159.875,0.7993749999999997,MEDIUM
635,24,0.9500000000000002,0.8,5,250.0,26.458333333333332,0.17590027700831018,MEDIUM
2821,11,0.9000000000000001,0.75,1,300.0,256.45454545454544,1.3930864197530861,HIGH
1796,23,0.9500000000000002,0.9500000000000002,1,325.0,78.08695652173913,0.2783255525637796,LOW
1714,22,0.9000000000000001,0.7,4,250.0,77.9090909090909,0.6045855379188713,MEDIUM
1496,12,0.9000000000000001,0.8,0,275.0,124.66666666666667,0.6296296296296295,MEDIUM
2495,23,0.7,0.8500000000000001,4,325.0,108.47826086956522,0.6790732487326915,MEDIUM
3216,25,0.9500000000000002,0.8,4,275.0,128.64,0.7327409432672588,MEDIUM
2518,9,0.8500000000000001,0.9000000000000001,6,350.0,279.77777777777777,3.134765017117957,HIGH
738,26,0.8500000000000001,1.0000000000000002,1,300.0,28.384615384615383,0.1157647058823529,LOW
1196,17,0.9500000000000002,0.9500000000000002,5,275.0,70.3529411764706,0.40157810794929893,MEDIUM
900,16,0.7,0.8,2,275.0,56.25,0.41743970315398893,MEDIUM
3307,16,0.7,0.9500000000000002,0,350.0,206.6875,0.8880236305048334,MEDIUM
3081,19,0.9000000000000001,0.9000000000000001,6,350.0,162.1578947368421,0.8359788359788356,MEDIUM
2101,9,0.9500000000000002,0.9000000000000001,1,350.0,233.44444444444446,0.8776106934001667,MEDIUM
1187,22,0.9000000000000001,0.9500000000000002,6,250.0,53.95454545454545,0.34707602339181276,MEDIUM
2762,12,0.8500000000000001,1.0000000000000002,5,275.0,230.16666666666666,1.6880061115355227,HIGH
296,23,0.75,0.9500000000000002,4,350.0,12.869565217391305,0.06247196939717714,MEDIUM
1648,22,1.0000000000000002,1.0000000000000002,2,325.0,74.9090909090909,0.2535384615384615,LOW
2937,3,0.9000000000000001,0.8,4,275.0,979.0,14.83333333333333,HIGH
2223,7,0.7,0.8500000000000001,4,325.0,317.57142857142856,3.831932773109244,HIGH
778,16,0.8500000000000001,0.9500000000000002,5,300.0,48.625,0.2919598461394126,MEDIUM
2588,23,0.8,0.8500000000000001,5,300.0,112.52173913043478,0.70479302832244,MEDIUM
1898,26,0.8500000000000001,0.8500000000000001,4,325.0,73.0,0.3674111355772254,MEDIUM
2040,3,0.9000000000000001,1.0000000000000002,5,350.0,680.0,6.476190476190474,HIGH
2647,26,0.7,1.0000000000000002,1,250.0,101.8076923076923,0.6050285714285712,MEDIUM
1429,10,1.0000000000000002,0.75,1,350.0,142.9,0.6048677248677247,MEDIUM
2255,25,0.7,0.8,2,350.0,90.2,0.5002218278615794,MEDIUM
2108,27,1.0000000000000002,0.9500000000000002,0,250.0,78.07407407407408,0.3287329434697855,LOW
529,24,1.0000000000000002,1.0000000000000002,0,325.0,22.041666666666668,0.0678205128205128,LOW
1980,4,0.9000000000000001,0.8,3,300.0,495.0,9.166666666666664,HIGH
2203,7,0.75,0.9500000000000002,2,250.0,314.7142857142857,2.4735438596491224,HIGH
502,13,0.9500000000000002,0.9500000000000002,6,275.0,38.61538461538461,0.288952045184732,MEDIUM
1333,29,0.7,0.7,2,350.0,45.96551724137931,0.28787387971061446,MEDIUM
1925,23,0.9000000000000001,0.8,2,350.0,83.69565217391305,0.36375661375661367,MEDIUM
1244,4,0.7,0.7,2,275.0,311.0,4.61595547309833,HIGH
648,4,0.75,0.8500000000000001,5,325.0,162.0,3.1276018099547507,HIGH
1911,11,0.7,0.8,0,275.0,173.72727272727272,1.128099173553719,HIGH
406,28,0.75,0.9000000000000001,0,275.0,14.5,0.07811447811447811,MEDIUM
2349,8,0.8,1.0000000000000002,3,350.0,293.625,1.6778571428571425,HIGH
2731,10,0.9000000000000001,0.8500000000000001,1,350.0,273.1,1.1333125842929763,HIGH
1566,8,0.8500000000000001,0.9500000000000002,0,325.0,195.75,0.7458918790188137,LOW
313,29,0.7,0.7,3,300.0,10.793103448275861,0.08189429618001047,MEDIUM
2213,22,0.8500000000000001,0.9500000000000002,0,300.0,100.5909090909091,0.41523595083966586,LOW
1262,9,0.9000000000000001,0.8,4,325.0,140.22222222222223,1.0786324786324784,MEDIUM
1598,26,1.0000000000000002,0.8500000000000001,4,250.0,61.46153846153846,0.34181818181818174,MEDIUM
946,24,0.9500000000000002,0.9500000000000002,1,350.0,39.416666666666664,0.13021111130228313,LOW
3026,5,0.9500000000000002,0.75,1,325.0,605.2,3.266936572199729,HIGH
599,15,0.8,0.9000000000000001,0,325.0,39.93333333333333,0.1706552706552706,MEDIUM
275,20,1.0000000000000002,0.8,0,350.0,13.75,0.04910714285714285,MEDIUM
2643,6,1.0000000000000002,0.7,4,325.0,440.5,5.808791208791208,HIGH
3378,22,0.8500000000000001,0.9500000000000002,2,350.0,153.54545454545453,0.5976116762494469,LOW
2310,13,0.8,0.8,0,250.0,177.69230769230768,1.110576923076923,HIGH
2019,13,0.9000000000000001,0.9000000000000001,2,300.0,155.30769230769232,0.7553310886644217,LOW
281,15,0.8,0.9000000000000001,0,300.0,18.733333333333334,0.08672839506172839,MEDIUM
2875,25,0.9500000000000002,0.9500000000000002,1,350.0,115.0,0.3792375676032185,LOW
2187,8,0.8,0.75,6,325.0,273.375,5.607692307692307,HIGH
297,15,0.9500000000000002,0.9000000000000001,3,325.0,19.8,0.08906882591093114,MEDIUM
1586,3,0.75,1.0000000000000002,0,325.0,528.6666666666666,2.168888888888888,HIGH
510,27,0.9500000000000002,1.0000000000000002,1,250.0,18.88888888888889,0.08259109311740888,LOW
1756,20,0.9000000000000001,0.7,2,325.0,87.8,0.4764618097951431,MEDIUM
1698,27,1.0000000000000002,0.75,1,275.0,62.888888888888886,0.3166433566433566,MEDIUM
2367,21,0.9000000000000001,0.8500000000000001,0,300.0,112.71428571428571,0.4911297852474321,LOW
1389,22,0.9000000000000001,0.9000000000000001,1,325.0,63.13636363636363,0.25125491792158444,LOW
999,25,0.7,0.9000000000000001,0,275.0,39.96,0.2306493506493506,MEDIUM
472,11,0.75,1.0000000000000002,4,250.0,42.90909090909091,0.35961904761904756,MEDIUM
2677,18,0.7,0.8500000000000001,5,300.0,148.72222222222223,1.1536306830424476,HIGH
3359,27,0.9500000000000002,0.75,0,275.0,124.4074074074074,0.6349341366885225,MEDIUM
696,18,0.9500000000000002,0.75,6,275.0,38.666666666666664,0.29601275917065384,MEDIUM
1613,24,0.8500000000000001,0.8500000000000001,3,350.0,67.20833333333333,0.3037450274227337,MEDIUM
1541,21,0.8500000000000001,0.8,4,300.0,73.38095238095238,0.44434832756632053,MEDIUM
1342,16,0.7,0.7,6,275.0,83.875,0.9959183673469387,MEDIUM
3474,17,1.0000000000000002,0.8500000000000001,3,300.0,204.35294117647058,0.9731092436974786,MEDIUM
280,20,1.0000000000000002,0.8500000000000001,6,275.0,14.0,0.08556149732620318,MEDIUM
572,25,0.9000000000000001,0.8,5,250.0,22.88,0.15888888888888889,MEDIUM
3477,7,1.0000000000000002,0.9500000000000002,3,275.0,496.7142857142857,3.327272727272726,HIGH
695,3,0.8500000000000001,1.0000000000000002,0,350.0,231.66666666666666,0.7787114845938372,LOW
565,8,1.0000000000000002,0.8500000000000001,1,350.0,70.625,0.2713085234093637,LOW
1003,13,0.8500000000000001,0.9500000000000002,2,250.0,77.15384615384616,0.4516746411483253,LOW
907,30,1.0000000000000002,0.9000000000000001,2,350.0,30.233333333333334,0.10283446712018138,LOW
478,10,0.75,0.8,1,325.0,47.8,0.2723646723646724,MEDIUM
2643,6,0.75,1.0000000000000002,2,275.0,440.5,3.2036363636363627,HIGH
2881,19,0.8500000000000001,0.8,4,250.0,151.6315789473684,1.1298039215686273,HIGH
2710,22,0.7,0.7,6,250.0,123.18181818181819,1.38265306122449,HIGH
1407,29,0.9500000000000002,0.7,2,300.0,48.51724137931034,0.26120857699805067,MEDIUM
2953,21,0.7,0.9000000000000001,2,275.0,140.61904761904762,0.8970912128806865,MEDIUM
3499,18,0.7,0.75,0,300.0,194.38888888888889,1.234215167548501,HIGH
362,3,0.8500000000000001,0.8500000000000001,4,325.0,120.66666666666667,1.5416555762576518,HIGH
1602,22,0.8,0.8500000000000001,5,275.0,72.81818181818181,0.5039320541050644,MEDIUM
2708,29,0.9000000000000001,0.9500000000000002,5,250.0,93.37931034482759,0.5278752436647172,MEDIUM
848,25,0.8500000000000001,1.0000000000000002,1,300.0,33.92,0.13856209150326793,LOW
3244,18,0.75,0.8500000000000001,6,250.0,180.22222222222223,1.6962091503267969,HIGH
1025,5,0.9000000000000001,0.75,2,350.0,205.0,1.4462081128747792,HIGH
3380,21,0.75,0.8500000000000001,6,325.0,160.95238095238096,1.0875816993464051,MEDIUM
1545,27,0.9000000000000001,0.8500000000000001,4,300.0,57.22222222222222,0.2926967888604716,MEDIUM
1036,6,0.7,1.0000000000000002,0,275.0,172.66666666666666,0.8969696969696966,MEDIUM
2489,20,0.8500000000000001,0.8,2,300.0,124.45,0.6778322440087144,MEDIUM
2662,9,0.9000000000000001,0.8,5,350.0,295.77777777777777,2.6408730158730154,HIGH
1098,16,1.0000000000000002,1.0000000000000002,1,350.0,68.625,0.20914285714285707,LOW
2316,27,0.9000000000000001,0.75,1,275.0,85.77777777777777,0.4798756798756798,MEDIUM
1110,17,0.8500000000000001,0.9500000000000002,3,275.0,65.29411764705883,0.35704233846648703,MEDIUM
2580,28,1.0000000000000002,0.8500000000000001,2,350.0,92.14285714285714,0.33354880413703936,LOW
1736,23,0.7,1.0000000000000002,5,250.0,75.47826086956522,0.551111111111111,MEDIUM
2673,25,0.8,0.9500000000000002,0,275.0,106.92,0.511578947368421,MEDIUM
899,18,0.9500000000000002,0.9000000000000001,1,325.0,49.94444444444444,0.19030986213648746,LOW
1033,19,0.9500000000000002,0.9000000000000001,0,275.0,54.36842105263158,0.23123198746467438,LOW
446,26,0.75,0.9500000000000002,2,350.0,17.153846153846153,0.07451963241436924,MEDIUM
2982,11,0.9000000000000001,0.8500000000000001,1,250.0,271.09090909090907,1.5592156862745092,HIGH
3129,22,0.7,1.0000000000000002,6,300.0,142.22727272727272,0.9312499999999998,MEDIUM
576,8,0.9000000000000001,0.9000000000000001,2,300.0,72.0,0.3950617283950616,LOW
805,7,1.0000000000000002,0.9000000000000001,6,325.0,115.0,2.7521367521367512,HIGH
1176,17,0.9000000000000001,0.8,1,325.0,69.17647058823529,0.31410256410256404,MEDIUM
1786,19,0.9500000000000002,0.8500000000000001,3,325.0,94.0,0.42533936651583704,MEDIUM
3223,12,0.7,0.75,0,300.0,268.5833333333333,1.705291005291005,HIGH
601,4,1.0000000000000002,0.75,2,250.0,150.25,1.6026666666666662,HIGH
403,23,0.7,1.0000000000000002,1,325.0,17.52173913043478,0.0805194805194805,MEDIUM
3265,15,0.9500000000000002,0.75,1,250.0,217.66666666666666,1.3092731829573931,HIGH
453,4,0.8500000000000001,1.0000000000000002,4,300.0,113.25,1.7764705882352936,HIGH
1675,20,0.9000000000000001,0.7,3,350.0,83.75,0.4468454048285981,MEDIUM
1386,24,0.8,0.9000000000000001,1,250.0,57.75,0.33478260869565213,MEDIUM
3400,8,1.0000000000000002,0.75,2,300.0,425.0,2.5185185185185177,HIGH
288,7,0.8,0.75,2,250.0,41.142857142857146,0.384,MEDIUM
2016,17,0.9500000000000002,1.0000000000000002,1,250.0,118.58823529411765,0.5305263157894734,LOW
1321,17,0.7,0.7,5,350.0,77.70588235294117,0.6418853255587951,MEDIUM
2367,22,0.75,1.0000000000000002,3,275.0,107.5909090909091,0.6040191387559807,MEDIUM
672,4,0.8,0.8,1,300.0,168.0,1.1666666666666667,HIGH
1744,26,0.75,1.0000000000000002,0,250.0,67.07692307692308,0.3577435897435897,MEDIUM
1967,14,0.75,0.8,2,325.0,140.5,0.8405982905982905,MEDIUM
3243,19,0.9500000000000002,1.0000000000000002,4,325.0,170.68421052631578,0.7002429149797568,MEDIUM
2013,18,0.7,0.9500000000000002,5,300.0,111.83333333333333,0.7761711972238287,MEDIUM
2108,30,0.9000000000000001,0.9500000000000002,5,275.0,70.26666666666667,0.3586177565124932,MEDIUM
2460,21,0.8500000000000001,1.0000000000000002,1,325.0,117.14285714285714,0.44524886877828035,LOW
1742,16,0.9000000000000001,0.9500000000000002,6,325.0,108.875,0.6269005847953213,MEDIUM
2916,4,0.7,0.9000000000000001,2,350.0,729.0,6.612244897959184,HIGH
1028,28,0.8500000000000001,0.75,6,325.0,36.714285714285715,0.22553133141368428,MEDIUM
1444,16,0.8,0.75,2,350.0,90.25,0.491156462585034,MEDIUM
468,25,0.8,0.9500000000000002,1,250.0,18.72,0.10263157894736841,MEDIUM
968,13,0.7,0.7,4,325.0,74.46153846153847,0.6753881039595326,MEDIUM
421,30,0.7,1.0000000000000002,0,275.0,14.033333333333333,0.07290043290043288,MEDIUM
702,21,0.8500000000000001,0.9500000000000002,0,250.0,33.42857142857143,0.16559044670499776,LOW
647,4,0.8500000000000001,0.9000000000000001,3,350.0,161.75,2.4164332399626507,HIGH
1682,5,0.75,0.7,0,275.0,336.4,2.3300432900432897,HIGH
2601,14,0.8,1.0000000000000002,4,250.0,185.78571428571428,1.3004999999999998,HIGH
1986,26,0.9000000000000001,1.0000000000000002,6,250.0,76.38461538461539,0.44133333333333313,MEDIUM
2655,30,0.75,0.8500000000000001,4,325.0,88.5,0.49286460146188643,MEDIUM
1224,3,0.9500000000000002,0.8500000000000001,6,300.0,408.0,5.052631578947366,HIGH
1847,4,0.8500000000000001,0.9500000000000002,3,350.0,461.75,6.535161432994248,HIGH
388,28,0.9500000000000002,0.8,2,300.0,13.857142857142858,0.06545209176788122,MEDIUM
3382,16,0.7,0.75,3,325.0,211.375,1.5247111862496479,HIGH
2063,7,0.75,0.9500000000000002,5,325.0,294.7142857142857,4.454520917678812,HIGH
2321,4,0.9000000000000001,0.9000000000000001,1,250.0,580.25,3.8205761316872415,HIGH
1364,19,0.8500000000000001,0.75,2,300.0,71.78947368421052,0.4195309496347558,MEDIUM
2032,6,0.7,0.7,6,300.0,338.6666666666667,13.82312925170068,HIGH
2363,11,0.9500000000000002,0.8500000000000001,5,350.0,214.8181818181818,1.3934837092731827,HIGH
1033,17,0.9500000000000002,0.8500000000000001,5,275.0,60.76470588235294,0.3876536260437188,MEDIUM
1409,20,0.75,0.9000000000000001,0,275.0,70.45,0.3795286195286195,MEDIUM
3234,29,0.8500000000000001,0.9000000000000001,3,350.0,111.51724137931035,0.4645550527903467,MEDIUM
1789,10,0.75,0.8,1,300.0,178.9,1.104320987654321,HIGH
1864,14,0.9000000000000001,0.8,3,250.0,133.14285714285714,0.9414141414141414,MEDIUM
416,21,0.7,0.8500000000000001,2,350.0,19.80952380952381,0.10513679155872875,MEDIUM
2485,6,0.8500000000000001,0.75,3,300.0,414.1666666666667,4.33115468409586,HIGH
3247,12,0.8500000000000001,0.8,1,250.0,270.5833333333333,1.736363636363636,HIGH
2263,3,1.0000000000000002,0.8,3,250.0,754.3333333333334,11.314999999999996,HIGH
1584,27,0.7,1.0000000000000002,5,325.0,58.666666666666664,0.31648351648351647,MEDIUM
836,22,0.75,0.9500000000000002,2,275.0,38.0,0.2133333333333333,MEDIUM
1178,7,0.75,0.75,5,300.0,168.28571428571428,3.4903703703703703,HIGH
554,29,0.9500000000000002,1.0000000000000002,0,300.0,19.103448275862068,0.06702964307320021,LOW
3073,25,0.7,0.8,3,250.0,122.92,0.9977272727272728,MEDIUM
1441,9,0.8,0.9500000000000002,6,275.0,160.11111111111111,2.2982456140350873,HIGH
3099,8,1.0000000000000002,1.0000000000000002,6,300.0,387.375,5.164999999999998,HIGH
1089,25,0.8500000000000001,0.75,1,350.0,43.56,0.20336134453781507,MEDIUM
3252,24,0.8500000000000001,0.9500000000000002,5,275.0,135.5,0.7707645133097306,MEDIUM
1546,23,0.8,0.75,6,350.0,67.21739130434783,0.43305322128851537,MEDIUM
1461,23,0.9000000000000001,0.9000000000000001,6,250.0,63.52173913043478,0.42440087145969485,MEDIUM
334,12,0.8,0.9500000000000002,0,250.0,27.833333333333332,0.14649122807017542,MEDIUM
1343,8,1.0000000000000002,0.8,4,250.0,167.875,1.6787499999999995,HIGH
2862,16,0.8,0.7,4,300.0,178.875,1.4196428571428572,HIGH
972,11,0.75,0.7,0,275.0,88.36363636363636,0.6120425029515938,MEDIUM
920,27,1.0000000000000002,0.8500000000000001,2,350.0,34.074074074074076,0.12369747899159661,LOW
2806,28,0.8,1.0000000000000002,5,300.0,100.21428571428571,0.5083333333333332,MEDIUM
1554,19,0.75,0.8500000000000001,4,350.0,81.78947368421052,0.464313725490196,MEDIUM
2270,9,0.9500000000000002,0.9000000000000001,4,300.0,252.22222222222223,1.7699805068226113,HIGH
1664,8,1.0000000000000002,1.0000000000000002,0,250.0,208.0,0.8319999999999996,MEDIUM
780,20,0.7,0.9500000000000002,4,300.0,39.0,0.24436090225563906,MEDIUM
2502,4,0.9000000000000001,0.8500000000000001,3,275.0,625.5,11.893048128342242,HIGH
2494,29,0.75,0.75,3,325.0,86.0,0.5247074293228139,MEDIUM
678,8,1.0000000000000002,0.75,2,350.0,84.75,0.4304761904761904,MEDIUM
932,11,1.0000000000000002,1.0000000000000002,1,275.0,84.72727272727273,0.33890909090909077,LOW
1057,20,0.8,0.8,4,250.0,52.85,0.412890625,MEDIUM
966,29,1.0000000000000002,0.9000000000000001,2,350.0,33.310344827586206,0.11358024691358021,LOW
601,11,0.9500000000000002,0.8,3,250.0,54.63636363636363,0.39539473684210513,MEDIUM
894,27,1.0000000000000002,1.0000000000000002,5,275.0,33.111111111111114,0.14776859504132225,MEDIUM
2012,4,0.9500000000000002,0.75,6,250.0,503.0,11.295438596491225,HIGH
3113,10,0.8500000000000001,0.7,6,250.0,311.3,5.231932773109244,HIGH
613,18,0.75,0.9500000000000002,6,250.0,34.05555555555556,0.28678362573099414,MEDIUM
2253,28,1.0000000000000002,0.9000000000000001,5,250.0,80.46428571428571,0.4353623188405796,MEDIUM
864,24,0.75,0.9500000000000002,1,350.0,36.0,0.15063746322327556,MEDIUM
3216,15,1.0000000000000002,1.0000000000000002,3,250.0,214.4,1.0719999999999996,MEDIUM
769,11,0.8,0.9500000000000002,6,325.0,69.9090909090909,0.6226720647773278,MEDIUM
1841,24,1.0000000000000002,0.8,2,350.0,76.70833333333333,0.29886363636363633,MEDIUM
1322,20,0.9000000000000001,0.9500000000000002,1,250.0,66.1,0.325515543244075,LOW
2800,9,0.8,0.9000000000000001,1,250.0,311.1111111111111,1.9444444444444442,HIGH
1319,13,0.9500000000000002,0.8500000000000001,0,325.0,101.46153846153847,0.386612197043252,LOW
1482,28,0.9500000000000002,0.9500000000000002,1,350.0,52.92857142857143,0.17376775271512107,LOW
1137,9,0.8500000000000001,0.9500000000000002,5,250.0,126.33333333333333,1.4080495356037148,HIGH
540,26,0.8,0.75,2,275.0,20.76923076923077,0.13636363636363635,MEDIUM
2232,12,0.7,0.7,1,250.0,186.0,1.656400742115028,HIGH
2309,21,0.9500000000000002,0.8,0,275.0,109.95238095238095,0.5260879471405786,MEDIUM
3194,25,0.9000000000000001,0.8,0,325.0,127.76,0.5459829059829059,MEDIUM
2567,5,0.7,0.9500000000000002,3,250.0,513.4,7.720300751879698,HIGH
1803,3,0.7,0.75,6,350.0,601.0,9.812244897959186,HIGH
3010,18,0.75,0.7,5,325.0,167.22222222222223,1.3570019723865878,HIGH
2350,15,0.9000000000000001,0.8,3,325.0,156.66666666666666,0.8368945868945867,MEDIUM
1365,6,0.9500000000000002,1.0000000000000002,0,275.0,227.5,0.8708133971291863,MEDIUM
794,29,0.8,0.8,3,300.0,27.379310344827587,0.1590544871794872,MEDIUM
3132,7,0.8500000000000001,0.75,3,300.0,447.42857142857144,4.094117647058823,HIGH
3186,14,0.7,0.75,3,350.0,227.57142857142858,1.5762523191094622,HIGH
2762,22,0.75,0.8,5,350.0,125.54545454545455,0.7736694677871149,MEDIUM
2964,29,0.75,0.8,0,300.0,102.20689655172414,0.567816091954023,MEDIUM
2245,24,0.75,0.7,2,250.0,93.54166666666667,0.7774891774891775,MEDIUM
2530,27,0.9000000000000001,1.0000000000000002,5,300.0,93.70370370370371,0.42592592592592576,MEDIUM
1106,26,0.8500000000000001,0.7,3,250.0,42.53846153846154,0.3232736572890026,MEDIUM
1612,22,1.0000000000000002,0.9000000000000001,2,350.0,73.27272727272727,0.25587301587301575,LOW
2026,5,0.9000000000000001,0.8500000000000001,4,350.0,405.2,7.566760037348271,HIGH
1140,5,0.8500000000000001,0.9000000000000001,5,250.0,228.0,5.960784313725489,HIGH
1796,5,0.8,0.8,0,350.0,359.2,1.6035714285714284,HIGH
1935,11,0.9000000000000001,0.8,0,250.0,175.9090909090909,0.9772727272727271,MEDIUM
259,17,0.75,0.8500000000000001,4,250.0,15.235294117647058,0.1250075414781297,MEDIUM
2773,11,1.0000000000000002,0.9000000000000001,6,250.0,252.0909090909091,2.464888888888888,HIGH
2887,27,0.9500000000000002,0.8,2,300.0,106.92592592592592,0.5064912280701753,MEDIUM
1755,7,0.8500000000000001,0.9000000000000001,6,275.0,250.71428571428572,8.34224598930481,HIGH
1787,8,0.9000000000000001,0.7,4,350.0,223.375,2.026077097505669,HIGH
1273,27,0.8,0.8500000000000001,5,275.0,47.148148148148145,0.3094312105007292,MEDIUM
1783,16,0.8,0.8,2,325.0,111.4375,0.6122939560439561,MEDIUM
2633,3,0.8500000000000001,0.9500000000000002,3,350.0,877.6666666666666,9.316231755860235,HIGH
2611,17,0.8500000000000001,0.9500000000000002,6,275.0,153.58823529411765,1.0689046388455337,MEDIUM
3162,30,1.0000000000000002,0.8500000000000001,2,325.0,105.4,0.4087912087912087,LOW
1176,14,0.8,1.0000000000000002,2,250.0,84.0,0.4899999999999999,MEDIUM
1468,24,0.9500000000000002,0.9000000000000001,6,250.0,61.166666666666664,0.38154645873944104,MEDIUM
3374,10,0.8500000000000001,0.7,2,250.0,337.4,2.835294117647059,HIGH
1364,26,0.9500000000000002,0.9000000000000001,6,275.0,52.46153846153846,0.2900584795321636,MEDIUM
1075,26,0.9500000000000002,0.9000000000000001,3,350.0,41.34615384615385,0.15618757037521333,MEDIUM
1923,5,0.7,0.9000000000000001,4,275.0,384.6,11.099567099567098,HIGH
1389,7,0.7,0.9500000000000002,3,325.0,198.42857142857142,1.6067090803932909,HIGH
2356,24,0.9000000000000001,0.7,1,325.0,98.16666666666667,0.500291978552848,MEDIUM
1576,21,0.9000000000000001,0.75,3,300.0,75.04761904761905,0.4323731138545952,MEDIUM
519,21,0.8,1.0000000000000002,3,300.0,24.714285714285715,0.12013888888888885,MEDIUM
1667,14,0.7,0.8,6,250.0,119.07142857142857,1.488392857142857,HIGH
1646,29,1.0000000000000002,1.0000000000000002,6,300.0,56.758620689655174,0.23855072463768107,MEDIUM
2242,4,0.7,1.0000000000000002,1,250.0,560.5,4.27047619047619,HIGH
1922,22,0.8,0.9500000000000002,6,300.0,87.36363636363636,0.5268640350877192,MEDIUM
724,17,0.75,0.75,3,250.0,42.588235294117645,0.36774603174603177,MEDIUM
849,5,0.9500000000000002,0.8,4,275.0,169.8,4.062200956937798,HIGH
815,26,0.8,0.7,5,250.0,31.346153846153847,0.2772108843537415,MEDIUM
752,15,0.9000000000000001,0.9000000000000001,5,350.0,50.13333333333333,0.2652557319223985,MEDIUM
3402,19,0.75,0.8,0,325.0,179.05263157894737,0.9182186234817814,MEDIUM
1630,26,0.7,0.8500000000000001,0,350.0,62.69230769230769,0.30104349432080524,MEDIUM
2649,28,0.9500000000000002,0.7,0,250.0,94.60714285714286,0.5690655209452201,MEDIUM
435,15,0.7,0.9500000000000002,4,350.0,29.0,0.16990528268723756,MEDIUM
1134,16,0.9000000000000001,0.75,4,300.0,70.875,0.46666666666666656,MEDIUM
867,28,0.8,0.75,3,250.0,30.964285714285715,0.2312,MEDIUM
2257,26,0.8500000000000001,0.75,3,275.0,86.8076923076923,0.5597457955514221,MEDIUM
1410,16,0.9000000000000001,0.9000000000000001,0,350.0,88.125,0.3108465608465607,LOW
407,15,0.7,0.8500000000000001,0,350.0,27.133333333333333,0.1302921168467387,MEDIUM
3146,20,1.0000000000000002,0.75,5,250.0,157.3,1.1185777777777774,HIGH
1804,23,0.9500000000000002,0.8,0,350.0,78.43478260869566,0.2948676037920889,MEDIUM
1466,13,0.9500000000000002,1.0000000000000002,4,300.0,112.76923076923077,0.571539961013645,MEDIUM
975,22,0.9000000000000001,0.9000000000000001,5,275.0,44.31818181818182,0.2574767280649633,MEDIUM
1347,26,0.75,0.7,0,300.0,51.80769230769231,0.32893772893772893,MEDIUM
1740,14,0.8,1.0000000000000002,6,350.0,124.28571428571429,0.7767857142857141,MEDIUM
1461,21,0.75,0.9500000000000002,3,275.0,69.57142857142857,0.41424774056353,MEDIUM
511,9,0.8500000000000001,0.7,2,325.0,56.77777777777778,0.3775048480930833,MEDIUM
891,5,1.0000000000000002,0.7,2,250.0,178.2,1.6971428571428568,HIGH
1393,11,1.0000000000000002,1.0000000000000002,0,275.0,126.63636363636364,0.46049586776859486,LOW
704,16,0.75,0.75,5,250.0,44.0,0.45511111111111113,MEDIUM
2219,20,0.8500000000000001,0.8,3,300.0,110.95,0.6398500576701268,MEDIUM
1259,30,0.8500000000000001,0.8,0,275.0,41.96666666666667,0.2244206773618538,MEDIUM
2994,3,0.8,0.7,4,250.0,998.0,21.385714285714286,HIGH
1033,24,0.9500000000000002,0.8500000000000001,1,275.0,43.041666666666664,0.20225406576194022,LOW
3063,13,0.7,0.8500000000000001,2,350.0,235.6153846153846,1.3371166648477573,HIGH
1218,5,0.8500000000000001,0.75,1,275.0,243.6,1.7368983957219248,HIGH
2251,16,0.8500000000000001,0.7,1,275.0,140.6875,0.9171377641965877,MEDIUM
1732,22,0.9500000000000002,1.0000000000000002,3,250.0,78.72727272727273,0.3838227146814403,MEDIUM
1689,16,0.8500000000000001,0.75,0,350.0,105.5625,0.47310924369747887,MEDIUM
2961,20,0.8,0.8500000000000001,3,250.0,148.05,1.0245674740484427,MEDIUM
3372,19,0.8500000000000001,0.8500000000000001,2,350.0,177.47368421052633,0.7843912651565814,LOW
354,22,0.8,0.9000000000000001,3,275.0,16.09090909090909,0.09409888357256777,MEDIUM
1769,27,0.8500000000000001,0.75,6,325.0,65.51851851851852,0.4065790418731594,MEDIUM
3167,7,0.9500000000000002,0.75,0,325.0,452.42857142857144,1.9538075959128587,HIGH
2626,25,0.75,0.75,5,325.0,105.04,0.7182222222222223,MEDIUM
2477,23,0.8500000000000001,0.8,3,300.0,107.69565217391305,0.6071078431372547,MEDIUM
685,20,1.0000000000000002,0.8,6,300.0,34.25,0.2038690476190476,MEDIUM
3067,17,0.75,0.9500000000000002,4,325.0,180.41176470588235,1.0188311014221942,MEDIUM
940,28,0.75,0.9500000000000002,0,275.0,33.57142857142857,0.1713374344953292,MEDIUM
2282,22,0.9500000000000002,1.0000000000000002,3,350.0,103.72727272727273,0.36121883656509685,MEDIUM
381,5,0.75,0.9000000000000001,2,300.0,76.2,0.6271604938271604,MEDIUM
3286,23,0.8,1.0000000000000002,6,275.0,142.8695652173913,0.8786096256684489,MEDIUM
2153,24,0.9000000000000001,0.8,3,250.0,89.70833333333333,0.5695767195767194,MEDIUM
3251,5,0.8500000000000001,0.9000000000000001,5,350.0,650.2,12.141923436041077,HIGH
1866,16,0.7,1.0000000000000002,5,325.0,116.625,0.7456543456543455,MEDIUM
780,25,0.7,1.0000000000000002,1,325.0,31.2,0.14285714285714285,MEDIUM
3070,25,0.8,0.9500000000000002,5,325.0,122.8,0.6214574898785423,MEDIUM
3099,13,0.9000000000000001,0.9500000000000002,2,300.0,238.3846153846154,1.0983519404572033,MEDIUM
862,19,0.9000000000000001,1.0000000000000002,4,300.0,45.36842105263158,0.21283950617283942,MEDIUM
1031,16,0.9500000000000002,0.75,2,350.0,64.4375,0.2953097028284997,MEDIUM
1865,24,0.7,0.8500000000000001,4,325.0,77.70833333333333,0.48222365869424694,MEDIUM
1141,23,0.8,0.8,4,350.0,49.608695652173914,0.2680921052631579,MEDIUM
1950,10,0.7,0.7,1,350.0,195.0,1.263362487852284,HIGH
250,21,0.75,0.9500000000000002,2,325.0,11.904761904761905,0.05682221748703741,MEDIUM
2129,15,0.75,0.75,4,325.0,141.93333333333334,1.0587101787101787,MEDIUM
2408,6,0.9500000000000002,0.8,3,350.0,401.3333333333333,3.017543859649122,HIGH
735,25,0.7,1.0000000000000002,4,350.0,29.4,0.14285714285714285,MEDIUM
3281,16,0.7,0.7,3,350.0,205.0625,1.4716304104059208,HIGH
633,26,1.0000000000000002,0.9000000000000001,0,350.0,24.346153846153847,0.07728937728937726,LOW
3320,8,0.75,0.7,4,275.0,415.0,5.748917748917749,HIGH
350,20,0.9000000000000001,0.75,0,300.0,17.5,0.08641975308641973,MEDIUM
1227,19,0.8,0.7,5,300.0,64.57894736842105,0.5216836734693877,MEDIUM
2085,14,0.8500000000000001,0.9000000000000001,2,275.0,148.92857142857142,0.8259061200237668,MEDIUM
797,29,0.7,0.9500000000000002,6,250.0,27.482758620689655,0.2084341288002615,MEDIUM
669,22,0.8500000000000001,0.9500000000000002,1,325.0,30.40909090909091,0.1213894464668458,LOW
872,27,0.75,0.7,4,275.0,32.2962962962963,0.26260116694899305,MEDIUM
1046,3,0.8500000000000001,0.9500000000000002,4,350.0,348.6666666666667,3.7010172490048636,HIGH
2058,5,0.8500000000000001,0.9500000000000002,2,250.0,411.6,3.39814241486068,HIGH
2155,9,1.0000000000000002,0.75,1,250.0,239.44444444444446,1.4366666666666663,HIGH
1892,28,0.9500000000000002,0.75,5,350.0,67.57142857142857,0.3298681486324506,MEDIUM
1530,21,0.7,1.0000000000000002,3,300.0,72.85714285714286,0.40476190476190466,MEDIUM
3269,26,0.9500000000000002,0.9500000000000002,0,250.0,125.73076923076923,0.5572554868953759,LOW
1955,5,0.75,0.8,4,325.0,391.0,10.025641025641026,HIGH
1250,3,0.7,0.8,0,250.0,416.6666666666667,2.9761904761904763,HIGH
3159,30,0.75,1.0000000000000002,1,325.0,105.3,0.44689655172413784,MEDIUM
2998,26,0.7,0.9000000000000001,6,250.0,115.3076923076923,0.9517460317460316,MEDIUM
422,27,0.75,1.0000000000000002,6,300.0,15.62962962962963,0.08931216931216929,MEDIUM
802,12,0.9000000000000001,0.75,2,275.0,66.83333333333333,0.432053872053872,MEDIUM
2385,13,0.7,1.0000000000000002,5,300.0,183.46153846153845,1.4196428571428568,HIGH
1458,7,0.8500000000000001,0.9000000000000001,2,300.0,208.28571428571428,1.2705882352941174,HIGH
3418,16,0.9000000000000001,0.8,6,350.0,213.625,1.3563492063492062,HIGH
452,15,0.8500000000000001,0.8,0,275.0,30.133333333333333,0.16114081996434934,MEDIUM
3052,11,0.9500000000000002,0.8500000000000001,6,275.0,277.45454545454544,2.7487756825218113,HIGH
3210,3,0.8500000000000001,0.9500000000000002,5,350.0,1070.0,11.357806280406894,HIGH
3317,3,1.0000000000000002,0.8,6,275.0,1105.6666666666667,15.077272727272723,HIGH
475,26,0.7,1.0000000000000002,0,300.0,18.26923076923077,0.08699633699633698,MEDIUM
422,8,0.8500000000000001,0.9500000000000002,6,325.0,52.75,0.8040009526077634,MEDIUM
2262,7,0.75,0.75,4,250.0,323.14285714285717,5.361777777777778,HIGH
3018,22,1.0000000000000002,0.8500000000000001,6,325.0,137.1818181818182,0.6828054298642533,MEDIUM
1635,8,0.8,0.9000000000000001,0,275.0,204.375,1.0321969696969695,MEDIUM
613,17,0.9500000000000002,0.8500000000000001,4,350.0,36.05882352941177,0.16684244548021634,MEDIUM
3151,3,0.8,0.8,5,300.0,1050.3333333333333,16.411458333333332,HIGH
1132,6,0.7,0.9500000000000002,2,275.0,188.66666666666666,1.5475051264524946,HIGH
1117,7,0.8500000000000001,0.8,6,300.0,159.57142857142858,5.475490196078431,HIGH
1336,11,0.7,0.75,6,325.0,121.45454545454545,1.5660073260073262,HIGH
2380,11,0.7,1.0000000000000002,6,325.0,216.36363636363637,2.092307692307692,HIGH
299,13,0.9500000000000002,1.0000000000000002,0,250.0,23.0,0.09684210526315785,LOW
962,10,0.7,0.75,4,325.0,96.2,0.9396825396825399,MEDIUM
1082,16,0.7,0.8,2,350.0,67.625,0.39431486880466476,MEDIUM
3148,28,0.9000000000000001,0.9500000000000002,3,250.0,112.42857142857143,0.5890994152046782,MEDIUM
3153,13,0.8500000000000001,0.8500000000000001,6,250.0,242.53846153846155,2.4937221947602564,HIGH
1236,18,0.8,1.0000000000000002,4,275.0,68.66666666666667,0.4012987012987012,MEDIUM
2456,3,0.9000000000000001,0.7,3,325.0,818.6666666666666,11.995115995115993,HIGH
2136,14,0.8500000000000001,0.8500000000000001,4,275.0,152.57142857142858,1.0750550487574706,MEDIUM
1551,8,0.75,0.9500000000000002,5,350.0,193.875,2.0731829573934832,HIGH
2711,13,0.9500000000000002,0.8500000000000001,5,350.0,208.53846153846155,1.1990269792127375,HIGH
2267,5,0.8,0.9500000000000002,2,275.0,453.4,3.615629984051036,HIGH
3347,16,0.9500000000000002,0.75,4,350.0,209.1875,1.1184628237259815,HIGH
3289,15,0.75,1.0000000000000002,1,250.0,219.26666666666668,1.2529523809523806,HIGH
1916,11,0.8,0.7,1,275.0,174.1818181818182,1.244155844155844,HIGH
2878,16,0.7,0.7,4,300.0,179.875,1.6315192743764173,HIGH
2167,25,0.9500000000000002,0.75,6,275.0,86.68,0.5820867959372112,MEDIUM
749,7,0.9000000000000001,0.8,1,350.0,107.0,0.49537037037037024,MEDIUM
471,18,0.75,0.7,0,300.0,26.166666666666668,0.16613756613756614,MEDIUM
2275,24,0.8500000000000001,0.7,1,275.0,94.79166666666667,0.6045105789351314,MEDIUM
2042,16,0.7,0.9500000000000002,3,350.0,127.625,0.6748739981822687,MEDIUM
2865,25,0.9000000000000001,0.9000000000000001,1,300.0,114.6,0.49125514403292164,LOW
804,6,0.75,1.0000000000000002,0,250.0,134.0,0.7146666666666666,MEDIUM
1619,15,0.8,0.9500000000000002,0,250.0,107.93333333333334,0.5680701754385964,MEDIUM
1029,24,0.75,1.0000000000000002,3,250.0,42.875,0.2613333333333333,MEDIUM
1893,11,0.8,1.0000000000000002,1,325.0,172.0909090909091,0.728076923076923,MEDIUM
3237,26,0.7,0.8,5,250.0,124.5,1.1010204081632653,HIGH
2970,26,0.75,1.0000000000000002,2,300.0,114.23076923076923,0.5499999999999998,MEDIUM
2910,8,0.7,0.9500000000000002,0,350.0,363.75,1.5628356605800213,HIGH
435,4,0.8500000000000001,0.9000000000000001,6,300.0,108.75,1.8954248366013067,HIGH
1244,4,0.8,0.8500000000000001,5,275.0,311.0,6.6524064171122985,HIGH
3184,9,0.8500000000000001,0.9500000000000002,2,250.0,353.77777777777777,2.2531623175586017,HIGH
2713,5,0.8,0.7,6,350.0,542.6,13.841836734693878,HIGH
1383,19,0.8,0.9000000000000001,6,300.0,72.78947368421052,0.4925213675213675,MEDIUM
1021,24,0.75,0.9000000000000001,5,250.0,42.541666666666664,0.3184405458089668,MEDIUM
1978,7,0.8,0.7,3,350.0,282.57142857142856,2.5229591836734695,HIGH
3330,3,0.9500000000000002,0.8,6,275.0,1110.0,15.933014354066982,HIGH
1479,18,1.0000000000000002,0.8500000000000001,2,350.0,82.16666666666667,0.31071428571428567,LOW
1568,9,1.0000000000000002,0.9500000000000002,6,250.0,174.22222222222223,2.200701754385964,HIGH
2550,16,1.0000000000000002,0.8500000000000001,6,325.0,159.375,0.9230769230769229,MEDIUM
308,11,0.75,0.8500000000000001,6,325.0,28.0,0.297315233785822,MEDIUM
3304,28,0.9000000000000001,0.7,3,350.0,118.0,0.5993650793650793,MEDIUM
761,19,0.9500000000000002,0.8500000000000001,5,325.0,40.05263157894737,0.2071241452046405,MEDIUM
1997,19,0.8,0.7,1,300.0,105.10526315789474,0.6603835978835979,MEDIUM
2280,12,0.8,0.9500000000000002,3,250.0,190.0,1.3333333333333333,HIGH
1429,18,0.8500000000000001,0.8500000000000001,2,350.0,79.38888888888889,0.3531883341571922,LOW
3124,9,0.75,0.8500000000000001,0,350.0,347.1111111111111,1.5556800497976966,HIGH
845,16,0.9500000000000002,0.8,5,300.0,52.8125,0.33692185007974473,MEDIUM
2639,5,0.8,0.75,5,275.0,527.8,15.993939393939394,HIGH
1840,4,1.0000000000000002,0.8500000000000001,5,325.0,460.0,6.6606334841628945,HIGH
1237,17,0.75,0.7,5,300.0,72.76470588235294,0.6544973544973545,MEDIUM
397,7,0.8,0.75,3,300.0,56.714285714285715,0.5513888888888889,MEDIUM
1706,30,0.8,0.9000000000000001,0,250.0,56.86666666666667,0.3159259259259259,MEDIUM
1898,7,1.0000000000000002,0.8500000000000001,0,275.0,271.14285714285717,1.1599694423223832,HIGH
2231,28,0.9000000000000001,1.0000000000000002,5,350.0,79.67857142857143,0.30793650793650784,MEDIUM
3125,6,0.9000000000000001,0.8,0,325.0,520.8333333333334,2.2257834757834756,HIGH
1501,30,0.75,0.9500000000000002,4,325.0,50.03333333333333,0.24930966469428004,MEDIUM
1303,29,0.9000000000000001,0.8500000000000001,4,300.0,44.93103448275862,0.22710239651416111,MEDIUM
1617,6,0.75,0.75,2,275.0,269.5,2.6133333333333333,HIGH
3343,29,1.0000000000000002,0.9500000000000002,4,275.0,115.27586206896552,0.5118468899521529,MEDIUM
1334,29,1.0000000000000002,0.8,2,350.0,46.0,0.17645502645502642,MEDIUM
3048,14,0.75,1.0000000000000002,3,250.0,217.71428571428572,1.4778181818181815,HIGH
3323,7,0.9000000000000001,0.8,0,300.0,474.7142857142857,2.1977513227513223,HIGH
1332,6,0.8,0.8,2,325.0,222.0,1.6009615384615385,HIGH
1276,4,0.7,0.7,1,300.0,319.0,2.893424036281179,HIGH
2124,15,0.75,1.0000000000000002,0,325.0,141.6,0.5809230769230768,MEDIUM
1170,26,0.9000000000000001,1.0000000000000002,2,325.0,45.0,0.1666666666666666,LOW
2162,6,0.8500000000000001,1.0000000000000002,0,325.0,360.3333333333333,1.3043740573152331,HIGH
2919,7,0.75,0.8,6,350.0,417.0,13.9,HIGH
431,6,0.8,0.7,6,250.0,71.83333333333333,3.0785714285714287,HIGH
2014,24,0.9000000000000001,1.0000000000000002,0,350.0,83.91666666666667,0.2664021164021163,LOW
2691,17,1.0000000000000002,0.9000000000000001,5,350.0,158.2941176470588,0.7119047619047616,MEDIUM
2334,21,0.8500000000000001,0.75,3,325.0,111.14285714285714,0.6258421317244844,MEDIUM
1170,25,0.8500000000000001,0.7,6,325.0,46.8,0.3184431667403803,MEDIUM
2947,16,0.75,0.7,0,275.0,184.1875,1.2757575757575759,HIGH
2480,22,0.9000000000000001,1.0000000000000002,3,250.0,112.72727272727273,0.5801169590643273,MEDIUM
349,6,0.7,0.8500000000000001,3,250.0,58.166666666666664,0.7820728291316524,MEDIUM
1793,8,0.8500000000000001,0.8500000000000001,1,250.0,224.125,1.4180919426594163,HIGH
1451,9,0.7,0.7,1,350.0,161.22222222222223,1.0575801749271139,MEDIUM
1035,19,0.7,1.0000000000000002,5,300.0,54.473684210526315,0.3520408163265305,MEDIUM
2787,28,0.75,0.9500000000000002,5,250.0,99.53571428571429,0.680274599542334,MEDIUM
1331,10,0.8,0.7,1,325.0,133.1,0.8125763125763126,MEDIUM
364,13,1.0000000000000002,0.9000000000000001,4,250.0,28.0,0.17975308641975302,MEDIUM
3476,24,0.8500000000000001,0.9500000000000002,2,325.0,144.83333333333334,0.6020481066920693,LOW
3209,27,0.7,0.8,0,350.0,118.85185185185185,0.6063869992441421,MEDIUM
1254,28,0.9000000000000001,0.9500000000000002,5,350.0,44.785714285714285,0.1821946169772256,MEDIUM
2901,14,0.9500000000000002,0.9000000000000001,0,300.0,207.21428571428572,0.8078529657477023,LOW
303,8,1.0000000000000002,1.0000000000000002,1,300.0,37.875,0.14428571428571424,LOW
3484,29,0.7,0.7,6,350.0,120.13793103448276,0.8832551654202055,MEDIUM
685,11,0.75,0.9500000000000002,3,350.0,62.27272727272727,0.34335839598997486,MEDIUM
1871,30,1.0000000000000002,0.9500000000000002,5,250.0,62.36666666666667,0.3151157894736841,MEDIUM
1989,24,0.9500000000000002,0.7,5,250.0,82.875,0.6296794618124257,MEDIUM
1551,30,1.0000000000000002,0.7,6,350.0,51.7,0.2637755102040816,MEDIUM
1340,4,0.8,0.9500000000000002,3,250.0,335.0,7.052631578947367,HIGH
994,7,0.9000000000000001,0.8,1,350.0,142.0,0.6574074074074072,MEDIUM
1411,10,0.7,0.8500000000000001,4,250.0,141.1,1.5809523809523807,HIGH
3334,22,0.9500000000000002,0.8500000000000001,1,300.0,151.54545454545453,0.655363899945943,LOW
2457,15,0.8500000000000001,0.8500000000000001,1,300.0,163.8,0.8096885813148786,LOW
2494,18,0.9500000000000002,1.0000000000000002,6,350.0,138.55555555555554,0.6250626566416039,MEDIUM
2438,27,1.0000000000000002,1.0000000000000002,5,350.0,90.29629629629629,0.31662337662337653,MEDIUM
1603,27,0.9000000000000001,0.8,4,325.0,59.370370370370374,0.29784466740988474,MEDIUM
1285,12,0.75,1.0000000000000002,5,325.0,107.08333333333333,0.753113553113553,MEDIUM
1001,6,0.7,0.7,2,275.0,166.83333333333334,1.8571428571428572,HIGH
2811,12,0.7,0.7,6,325.0,234.25,2.9419152276295137,HIGH
425,10,0.7,0.75,6,300.0,42.5,0.6746031746031746,MEDIUM
898,18,1.0000000000000002,0.8500000000000001,4,350.0,49.888888888888886,0.21560624249699875,MEDIUM
2162,9,0.7,0.75,4,250.0,240.22222222222223,3.2944761904761903,HIGH
2819,5,0.75,0.7,3,250.0,563.8,10.73904761904762,HIGH
627,9,0.75,0.9000000000000001,5,325.0,69.66666666666667,0.7145299145299144,MEDIUM
2035,15,0.8500000000000001,0.8,6,325.0,135.66666666666666,1.0231271995977875,MEDIUM
1362,4,0.8,0.8,4,350.0,340.5,6.080357142857143,HIGH
781,15,0.8500000000000001,0.8,0,300.0,52.06666666666667,0.2552287581699346,MEDIUM
353,11,0.8500000000000001,1.0000000000000002,6,325.0,32.09090909090909,0.2555656108597284,MEDIUM
2315,29,0.8500000000000001,0.9500000000000002,5,300.0,79.82758620689656,0.39817681458548315,MEDIUM
1142,10,1.0000000000000002,0.75,4,275.0,114.2,0.9228282828282827,MEDIUM
2549,22,0.9500000000000002,0.8,0,325.0,115.86363636363636,0.46908354803091634,MEDIUM
1081,18,1.0000000000000002,0.9000000000000001,5,325.0,60.05555555555556,0.28428665351742266,MEDIUM
3001,8,0.7,0.8500000000000001,4,250.0,375.125,5.043697478991596,HIGH
2809,5,0.7,0.9000000000000001,3,325.0,561.8,6.859584859584859,HIGH
2277,8,1.0000000000000002,0.8,0,350.0,284.625,1.016517857142857,MEDIUM
748,13,0.9000000000000001,1.0000000000000002,4,275.0,57.53846153846154,0.33580246913580236,MEDIUM
2535,4,0.75,0.9000000000000001,6,250.0,633.75,15.02222222222222,HIGH
2920,20,0.9500000000000002,0.75,3,275.0,146.0,0.8766300778684677,MEDIUM
1065,21,0.8500000000000001,0.8,6,325.0,50.714285714285715,0.32126696832579177,MEDIUM
2016,6,0.8,0.9500000000000002,1,350.0,336.0,1.5157894736842101,HIGH
3030,11,0.9500000000000002,0.75,1,325.0,275.45454545454544,1.3085020242914978,HIGH
2485,26,0.8500000000000001,0.8,2,300.0,95.57692307692308,0.5075571895424836,MEDIUM
2947,23,0.9500000000000002,1.0000000000000002,5,250.0,128.1304347826087,0.6893567251461985,MEDIUM
1993,6,0.8,0.8500000000000001,6,350.0,332.1666666666667,8.373949579831931,HIGH
2388,15,0.7,0.9000000000000001,5,350.0,159.2,1.0829931972789115,MEDIUM
2316,30,0.7,0.8500000000000001,2,350.0,77.2,0.39718744640713427,MEDIUM
1469,12,0.75,0.8500000000000001,1,250.0,122.41666666666667,0.8379322638146165,MEDIUM
3489,5,0.7,0.75,4,250.0,697.8,26.582857142857144,HIGH
1067,24,0.9000000000000001,0.8,6,350.0,44.458333333333336,0.2352292768959435,MEDIUM
840,27,0.9000000000000001,0.8500000000000001,3,325.0,31.11111111111111,0.1407742584213172,MEDIUM
2324,14,0.9000000000000001,0.7,6,325.0,166.0,1.4188034188034186,HIGH
2202,15,0.9500000000000002,0.7,6,300.0,146.8,1.2263993316624893,HIGH
2984,20,0.7,0.8,4,300.0,149.2,1.1101190476190477,HIGH
782,6,0.8,0.75,5,300.0,130.33333333333334,4.344444444444444,HIGH
1417,19,1.0000000000000002,1.0000000000000002,2,250.0,74.57894736842105,0.33341176470588224,LOW
2045,23,1.0000000000000002,1.0000000000000002,4,275.0,88.91304347826087,0.3913875598086123,MEDIUM
1211,21,0.9500000000000002,0.75,6,325.0,57.666666666666664,0.3486459739091317,MEDIUM
3070,12,1.0000000000000002,0.75,4,350.0,255.83333333333334,1.4619047619047616,HIGH
2949,6,0.9000000000000001,1.0000000000000002,6,275.0,491.5,11.91515151515151,HIGH
2718,12,1.0000000000000002,0.9000000000000001,6,275.0,226.5,1.8303030303030297,HIGH
1177,9,1.0000000000000002,0.8500000000000001,3,350.0,130.77777777777777,0.6593837535014004,MEDIUM
2912,19,0.9000000000000001,0.8,5,250.0,153.26315789473685,1.1555555555555554,HIGH
463,8,0.75,0.9000000000000001,0,325.0,57.875,0.2638176638176638,MEDIUM
2290,6,0.9500000000000002,0.7,1,300.0,381.6666666666667,2.295739348370927,HIGH
1912,15,0.8,0.9500000000000002,2,250.0,127.46666666666667,0.7740890688259108,MEDIUM
3193,10,0.8,0.75,2,300.0,319.3,2.217361111111111,HIGH
1301,14,0.9000000000000001,0.75,5,300.0,92.92857142857143,0.7138545953360765,MEDIUM
2848,16,0.75,0.8,0,350.0,178.0,0.8476190476190476,MEDIUM
997,27,0.9000000000000001,0.75,5,275.0,36.925925925925924,0.2441383532292623,MEDIUM
1297,6,0.75,0.7,0,250.0,216.16666666666666,1.646984126984127,HIGH
1550,26,0.9500000000000002,0.8500000000000001,0,300.0,59.61538461538461,0.24609033896959584,LOW
2299,3,0.9000000000000001,0.9000000000000001,0,325.0,766.3333333333334,2.9110477999366875,HIGH
2360,25,0.8,0.7,6,250.0,94.4,0.887218045112782,MEDIUM
2696,10,0.9000000000000001,0.8500000000000001,0,350.0,269.6,1.0069094304388422,MEDIUM
2469,17,1.0000000000000002,0.8,5,350.0,145.23529411764707,0.7348214285714284,MEDIUM
3086,23,0.9000000000000001,0.9000000000000001,5,350.0,134.17391304347825,0.604742308446012,MEDIUM
2052,15,0.8500000000000001,1.0000000000000002,1,275.0,136.8,0.6270435446906033,LOW
3362,28,0.9000000000000001,0.7,1,325.0,120.07142857142857,0.6081490525934969,MEDIUM
1720,25,1.0000000000000002,0.9000000000000001,2,325.0,68.8,0.25566703827573384,LOW
3219,8,1.0000000000000002,0.75,0,300.0,402.375,1.7883333333333329,HIGH
1683,29,1.0000000000000002,0.7,2,350.0,58.03448275862069,0.25442176870748295,MEDIUM
3435,18,0.9000000000000001,0.7,5,350.0,190.83333333333334,1.1983254840397697,HIGH
1444,26,0.9500000000000002,0.8,2,325.0,55.53846153846154,0.24358974358974353,MEDIUM
1510,22,0.8500000000000001,0.75,2,350.0,68.63636363636364,0.33837535014005593,MEDIUM
2860,16,0.8500000000000001,1.0000000000000002,3,300.0,178.75,0.8627450980392154,MEDIUM
253,22,1.0000000000000002,1.0000000000000002,1,325.0,11.5,0.03706959706959705,LOW
2628,23,0.75,0.9000000000000001,3,350.0,114.26086956521739,0.5561904761904761,MEDIUM
2772,23,0.7,0.9500000000000002,3,250.0,120.52173913043478,0.8336842105263156,MEDIUM
1679,30,1.0000000000000002,0.9000000000000001,6,350.0,55.96666666666667,0.222089947089947,MEDIUM
2741,27,1.0000000000000002,0.75,3,350.0,101.51851851851852,0.43507936507936495,MEDIUM
1492,15,0.8,0.8,3,325.0,99.46666666666667,0.5977564102564102,MEDIUM
3078,5,0.8,0.9500000000000002,2,250.0,615.6,5.3999999999999995,HIGH
1551,25,0.9000000000000001,1.0000000000000002,5,350.0,62.04,0.2461904761904761,MEDIUM
2398,11,0.7,0.8500000000000001,4,350.0,218.0,1.6450008574858515,HIGH
946,19,0.8,0.75,1,350.0,49.78947368421053,0.25026455026455025,MEDIUM
1521,21,0.9000000000000001,0.8500000000000001,3,275.0,72.42857142857143,0.40166369578134276,MEDIUM
1710,26,0.8500000000000001,0.8500000000000001,4,325.0,65.76923076923077,0.3310184625063517,MEDIUM
1782,24,0.7,0.75,2,275.0,74.25,0.561038961038961,MEDIUM
2672,29,1.0000000000000002,0.9000000000000001,5,275.0,92.13793103448276,0.44983164983164964,MEDIUM
1392,11,0.9000000000000001,0.7,2,325.0,126.54545454545455,0.7553927553927552,MEDIUM
2065,7,0.75,0.8500000000000001,4,300.0,295.0,3.5991285403050104,HIGH
1806,18,0.8500000000000001,1.0000000000000002,2,275.0,100.33333333333333,0.48288770053475916,LOW
2088,30,0.75,1.0000000000000002,1,300.0,69.6,0.3199999999999999,MEDIUM
713,25,1.0000000000000002,0.7,2,325.0,28.52,0.13626373626373625,MEDIUM
2099,7,0.8500000000000001,0.9500000000000002,5,250.0,299.85714285714283,5.19876160990712,HIGH
2365,18,0.75,0.75,4,250.0,131.38888888888889,1.2012698412698413,HIGH
2525,15,0.9500000000000002,0.8,1,350.0,168.33333333333334,0.6780343716433941,MEDIUM
1504,24,0.75,0.75,6,325.0,62.666666666666664,0.4570560303893637,MEDIUM
2964,5,0.75,0.9500000000000002,1,350.0,592.8,2.9714285714285706,HIGH
1903,5,0.9500000000000002,0.7,2,325.0,380.6,2.9350298823983034,HIGH
3265,18,0.8,0.7,4,250.0,181.38888888888889,1.6658163265306123,HIGH
1130,27,0.8500000000000001,0.9500000000000002,2,350.0,41.851851851851855,0.1599292348518354,LOW
1632,5,0.8500000000000001,0.8500000000000001,3,250.0,326.4,4.517647058823528,HIGH
3393,8,0.9500000000000002,0.7,1,275.0,424.125,2.6505224099209057,HIGH
261,29,0.75,0.8,0,250.0,9.0,0.06,MEDIUM
974,14,0.7,0.75,5,250.0,69.57142857142857,0.8245502645502646,MEDIUM
1549,26,0.7,0.7,6,300.0,59.57692307692308,0.5268707482993198,MEDIUM
1411,19,0.9000000000000001,0.9500000000000002,6,325.0,74.26315789473684,0.39060175092563737,MEDIUM
3239,11,0.8500000000000001,1.0000000000000002,1,250.0,294.45454545454544,1.5242352941176462,HIGH
1571,8,0.9500000000000002,0.8500000000000001,2,250.0,196.375,1.297007223942208,HIGH
2511,29,0.8500000000000001,0.7,0,350.0,86.58620689655173,0.41578010514550645,MEDIUM
366,24,1.0000000000000002,0.9000000000000001,3,300.0,15.25,0.06455026455026451,MEDIUM
1799,25,0.8,1.0000000000000002,1,250.0,71.96,0.3747916666666665,MEDIUM
1362,30,1.0000000000000002,0.75,5,350.0,45.4,0.20754285714285708,MEDIUM
760,12,0.9000000000000001,0.7,1,350.0,63.333333333333336,0.313337456194599,MEDIUM
2241,26,1.0000000000000002,0.7,4,250.0,86.1923076923077,0.582077922077922,MEDIUM
1165,24,1.0000000000000002,0.9500000000000002,3,275.0,48.541666666666664,0.2123490544543175,MEDIUM
1616,24,0.8500000000000001,1.0000000000000002,1,350.0,67.33333333333333,0.23617099013518442,LOW
1013,23,0.8500000000000001,0.8500000000000001,0,300.0,44.04347826086956,0.2031994383431121,LOW
3306,28,0.9000000000000001,0.75,3,300.0,118.07142857142857,0.6530370370370369,MEDIUM
1169,25,0.8500000000000001,0.75,5,250.0,46.76,0.3667450980392156,MEDIUM
1218,4,0.7,0.9500000000000002,0,350.0,304.5,1.3082706766917291,HIGH
1588,19,0.9500000000000002,0.75,1,325.0,83.57894736842105,0.3809866546708651,MEDIUM
1060,24,0.7,1.0000000000000002,1,300.0,44.166666666666664,0.21946169772256724,MEDIUM
1795,29,0.9000000000000001,0.9000000000000001,0,250.0,61.89655172413793,0.30566198382290327,LOW
2393,30,0.9500000000000002,0.8,4,250.0,79.76666666666667,0.4844129554655869,MEDIUM
1488,18,0.9500000000000002,0.9500000000000002,3,275.0,82.66666666666667,0.3996978091160915,MEDIUM
2313,5,0.7,0.9500000000000002,4,250.0,462.6,13.912781954887215,HIGH
1254,29,0.75,0.9500000000000002,3,250.0,43.241379310344826,0.27076923076923076,MEDIUM
486,25,1.0000000000000002,0.8,6,325.0,19.44,0.09838056680161941,MEDIUM
1177,25,0.9000000000000001,0.9500000000000002,3,300.0,47.08,0.20857699805068217,MEDIUM
1095,25,0.8,0.7,6,300.0,43.8,0.3430451127819549,MEDIUM
2039,17,0.7,0.8,3,300.0,119.94117647058823,0.8669217687074829,MEDIUM
832,28,0.8,0.9500000000000002,1,350.0,29.714285714285715,0.11584516847674739,MEDIUM
383,9,0.8500000000000001,0.7,2,300.0,42.55555555555556,0.30652260904361744,MEDIUM
1406,24,1.0000000000000002,1.0000000000000002,2,275.0,58.583333333333336,0.23239669421487594,LOW
838,20,0.8,0.9500000000000002,4,250.0,41.9,0.27565789473684205,MEDIUM
427,4,0.9000000000000001,0.8,1,275.0,106.75,0.7188552188552187,MEDIUM
2670,13,0.75,1.0000000000000002,2,300.0,205.3846153846154,1.0787878787878784,MEDIUM
2732,19,1.0000000000000002,1.0000000000000002,6,325.0,143.78947368421052,0.646627218934911,MEDIUM
856,15,0.9500000000000002,1.0000000000000002,4,350.0,57.06666666666667,0.23403964456596027,MEDIUM
801,19,0.9500000000000002,0.75,0,325.0,42.1578947368421,0.18205838482846787,MEDIUM
1056,29,0.75,0.9000000000000001,6,275.0,36.41379310344828,0.24734299516908206,MEDIUM
676,13,0.75,0.8500000000000001,0,300.0,52.0,0.2718954248366013,MEDIUM
1266,9,0.8500000000000001,1.0000000000000002,4,300.0,140.66666666666666,0.9929411764705879,MEDIUM
288,28,0.8500000000000001,0.8500000000000001,6,300.0,10.285714285714286,0.06039635105379049,MEDIUM
2284,29,0.9500000000000002,0.9500000000000002,2,325.0,78.75862068965517,0.28840432164531876,LOW
1959,30,1.0000000000000002,0.8500000000000001,1,325.0,65.3,0.24453112810110775,LOW
1650,10,0.8500000000000001,0.7,5,275.0,165.0,2.0168067226890756,HIGH
2322,11,0.9500000000000002,0.8,6,300.0,211.0909090909091,2.0368421052631573,HIGH
3151,26,1.0000000000000002,1.0000000000000002,1,350.0,121.1923076923077,0.3601142857142856,LOW
854,9,0.8,0.9000000000000001,6,275.0,94.88888888888889,1.4377104377104375,HIGH
814,9,0.75,1.0000000000000002,1,300.0,90.44444444444444,0.4522222222222221,MEDIUM
3339,18,0.7,0.8,5,275.0,185.5,1.667832167832168,HIGH
594,22,0.7,0.8500000000000001,4,325.0,27.0,0.17065287653522948,MEDIUM
2997,16,0.75,0.9500000000000002,6,350.0,187.3125,1.2018045112781952,HIGH
2541,21,0.8500000000000001,0.7,1,250.0,121.0,0.8541176470588235,MEDIUM
766,12,1.0000000000000002,0.75,4,300.0,63.833333333333336,0.42555555555555546,MEDIUM
794,9,0.9500000000000002,0.8,0,350.0,88.22222222222223,0.3316624895572263,MEDIUM
1097,8,0.8500000000000001,0.75,1,275.0,137.125,0.8939139292080468,MEDIUM
2067,15,0.75,0.75,6,300.0,137.8,1.3609876543209876,HIGH
2173,27,1.0000000000000002,0.75,3,325.0,80.48148148148148,0.3714529914529914,MEDIUM
1505,30,1.0000000000000002,0.8,5,350.0,50.166666666666664,0.21499999999999997,MEDIUM
2785,23,0.8,0.9000000000000001,1,250.0,121.08695652173913,0.7032828282828282,MEDIUM
2236,8,0.8,0.9000000000000001,2,350.0,279.5,1.4788359788359788,HIGH
1045,16,0.75,0.9000000000000001,0,250.0,65.3125,0.38703703703703696,MEDIUM
1155,20,0.75,0.7,0,275.0,57.75,0.4,MEDIUM
2143,30,0.9500000000000002,0.75,0,300.0,71.43333333333334,0.3341910331384015,MEDIUM
2410,16,0.8,0.9500000000000002,0,300.0,150.625,0.6606359649122805,MEDIUM
1238,6,0.9000000000000001,0.9500000000000002,1,350.0,206.33333333333334,0.8274018379281534,MEDIUM
3388,22,0.9000000000000001,0.9500000000000002,4,275.0,154.0,0.8005198180636776,MEDIUM
2347,16,0.7,0.8,1,300.0,146.6875,0.9313492063492064,MEDIUM
1742,25,0.7,0.8500000000000001,3,350.0,69.68,0.38022481719960716,MEDIUM
2907,29,0.7,0.7,3,250.0,100.24137931034483,0.9127158555729985,MEDIUM
429,14,1.0000000000000002,0.9000000000000001,0,325.0,30.642857142857142,0.10476190476190472,LOW
1906,20,0.7,1.0000000000000002,6,350.0,95.3,0.5556851311953352,MEDIUM
1669,18,0.8500000000000001,0.7,0,325.0,92.72222222222223,0.479494361847303,MEDIUM
2758,10,1.0000000000000002,0.75,5,250.0,275.8,2.941866666666666,HIGH
1038,21,0.9000000000000001,0.75,4,300.0,49.42857142857143,0.30152505446623085,MEDIUM
588,11,0.9500000000000002,0.7,6,250.0,53.45454545454545,0.7073684210526314,MEDIUM
3188,5,1.0000000000000002,0.75,1,275.0,637.6,3.8642424242424234,HIGH
2381,18,0.9500000000000002,0.75,0,300.0,132.27777777777777,0.6188434048083169,MEDIUM
1664,13,0.9500000000000002,0.7,1,300.0,128.0,0.6950710108604844,MEDIUM
1407,20,0.9000000000000001,1.0000000000000002,3,300.0,70.35,0.30653594771241816,MEDIUM
747,25,1.0000000000000002,0.8,3,250.0,29.88,0.16977272727272721,MEDIUM
2836,27,0.75,0.9000000000000001,3,350.0,105.03703703703704,0.5001763668430335,MEDIUM
2498,15,1.0000000000000002,0.9000000000000001,5,350.0,166.53333333333333,0.7930158730158727,MEDIUM
2180,21,0.75,0.8500000000000001,5,275.0,103.80952380952381,0.7771836007130124,MEDIUM
2482,6,0.7,0.7,5,275.0,413.6666666666667,18.41929499072356,HIGH
2506,16,0.9000000000000001,0.9500000000000002,5,300.0,156.625,0.8881800460747825,MEDIUM
955,5,1.0000000000000002,0.9000000000000001,1,325.0,191.0,0.8162393162393159,LOW
2881,24,0.9500000000000002,0.75,3,350.0,120.04166666666667,0.5501372478816087,MEDIUM
1530,6,0.7,0.7,0,275.0,255.0,1.8923933209647494,HIGH
715,26,0.9500000000000002,0.7,6,250.0,27.5,0.21503759398496236,MEDIUM
2691,9,0.7,0.75,5,300.0,299.0,4.271428571428571,HIGH
1763,25,0.9500000000000002,0.7,0,300.0,70.52,0.3534837092731829,MEDIUM
2844,29,0.8500000000000001,0.75,6,325.0,98.06896551724138,0.5968129057643122,MEDIUM
958,8,0.8500000000000001,0.8,5,250.0,119.75,1.8784313725490192,HIGH
1619,18,1.0000000000000002,0.8500000000000001,3,325.0,89.94444444444444,0.390708898944193,MEDIUM
1809,22,0.75,0.7,0,350.0,82.22727272727273,0.44749536178107613,MEDIUM
402,4,0.8,1.0000000000000002,2,300.0,100.5,0.8374999999999998,MEDIUM
2509,16,0.9000000000000001,0.8,3,350.0,156.8125,0.7658730158730157,MEDIUM
2881,21,0.8,0.7,3,300.0,137.1904761904762,0.9527116402116401,MEDIUM
802,28,0.75,0.8500000000000001,2,325.0,28.642857142857142,0.1488803805545887,MEDIUM
497,19,1.0000000000000002,0.7,6,350.0,26.157894736842106,0.15604395604395604,MEDIUM
441,13,0.8500000000000001,0.75,3,300.0,33.92307692307692,0.23058823529411762,MEDIUM
865,13,0.8500000000000001,0.75,5,275.0,66.53846153846153,0.6167557932263814,MEDIUM
300,23,0.8,0.75,0,250.0,13.043478260869565,0.08695652173913043,MEDIUM
3314,28,0.75,0.8,2,300.0,118.35714285714286,0.7081196581196582,MEDIUM
1659,29,0.75,1.0000000000000002,2,300.0,57.206896551724135,0.27308641975308634,MEDIUM
696,30,0.9000000000000001,0.8500000000000001,2,275.0,23.2,0.11815635345047107,LOW
1783,20,0.9500000000000002,1.0000000000000002,6,275.0,89.15,0.48749145591250836,MEDIUM
380,18,0.9000000000000001,0.8,1,275.0,21.11111111111111,0.112893642305407,MEDIUM
567,8,0.8500000000000001,0.8500000000000001,4,300.0,70.875,0.6539792387543251,MEDIUM
2067,5,0.8500000000000001,0.9000000000000001,4,250.0,413.4,10.807843137254899,HIGH
3280,20,0.7,0.8500000000000001,1,350.0,164.0,0.8289631642130536,MEDIUM
2249,11,0.9500000000000002,0.8,5,350.0,204.45454545454547,1.409147869674185,HIGH
1424,10,0.9500000000000002,0.8500000000000001,2,300.0,142.4,0.7347781217750256,LOW
3017,27,1.0000000000000002,0.8,4,325.0,111.74074074074075,0.504515050167224,MEDIUM
645,23,0.8,0.9500000000000002,3,350.0,28.043478260869566,0.12124060150375937,MEDIUM
2692,6,0.8,0.75,1,250.0,448.6666666666667,3.5893333333333333,HIGH
976,22,0.8,0.8500000000000001,1,350.0,44.36363636363637,0.19527811124449776,MEDIUM
1333,18,0.8500000000000001,0.8500000000000001,5,275.0,74.05555555555556,0.5160790766327097,MEDIUM
1131,6,0.8,0.9500000000000002,5,250.0,188.5,5.952631578947368,HIGH
2377,25,0.7,0.7,4,300.0,95.08,0.7700032393909945,MEDIUM
665,27,1.0000000000000002,0.9500000000000002,1,275.0,24.62962962962963,0.09790209790209786,LOW
2538,6,0.8500000000000001,0.9500000000000002,4,300.0,423.0,5.238390092879255,HIGH
1487,29,0.9500000000000002,0.7,4,325.0,51.275862068965516,0.2752111046847888,MEDIUM
2274,14,1.0000000000000002,0.75,4,275.0,162.42857142857142,1.1025454545454543,HIGH
2276,15,0.9500000000000002,0.75,1,325.0,151.73333333333332,0.7020628494312704,MEDIUM
3408,24,0.75,0.9500000000000002,6,300.0,142.0,0.8857699805068225,MEDIUM
1107,22,0.8,1.0000000000000002,1,325.0,50.31818181818182,0.2027472527472527,MEDIUM
2378,8,0.7,1.0000000000000002,1,325.0,297.25,1.4932496075353217,HIGH
1352,30,0.9000000000000001,1.0000000000000002,0,275.0,45.06666666666667,0.18208754208754205,LOW
1430,23,0.8,0.75,4,250.0,62.17391304347826,0.5017543859649123,MEDIUM
3103,21,0.7,0.75,3,250.0,147.76190476190476,1.3134391534391534,HIGH
3215,13,1.0000000000000002,0.75,2,300.0,247.30769230769232,1.2989898989898985,HIGH
1030,9,1.0000000000000002,0.8,2,250.0,114.44444444444444,0.7357142857142854,MEDIUM
2998,12,0.8500000000000001,0.8500000000000001,4,300.0,249.83333333333334,1.7289504036908876,HIGH
3420,24,0.9500000000000002,1.0000000000000002,3,300.0,142.5,0.5714285714285712,MEDIUM
820,4,0.7,0.9500000000000002,4,275.0,205.0,4.4839371155160626,HIGH
3423,17,0.7,0.8,4,250.0,201.35294117647058,1.880769230769231,HIGH
711,19,0.8,0.9000000000000001,6,250.0,37.421052631578945,0.3038461538461538,MEDIUM
342,4,0.9500000000000002,0.7,6,350.0,85.5,1.4693877551020407,HIGH
1508,14,1.0000000000000002,0.8,3,275.0,107.71428571428571,0.6231404958677684,MEDIUM
3416,10,1.0000000000000002,0.8500000000000001,0,275.0,341.6,1.4613903743315504,HIGH
3100,25,0.75,0.75,0,350.0,124.0,0.6298412698412699,MEDIUM
2029,13,1.0000000000000002,0.9500000000000002,1,250.0,156.07692307692307,0.7119298245614033,LOW
488,12,0.9500000000000002,1.0000000000000002,3,275.0,40.666666666666664,0.2075491759702285,MEDIUM
2024,26,0.9500000000000002,0.8500000000000001,5,325.0,77.84615384615384,0.3672529740641195,MEDIUM
3085,15,1.0000000000000002,0.9000000000000001,6,275.0,205.66666666666666,1.384960718294051,HIGH
2967,19,0.8,0.9000000000000001,0,325.0,156.1578947368421,0.6673414304993252,MEDIUM
1953,18,1.0000000000000002,0.9000000000000001,2,250.0,108.5,0.5424999999999998,LOW
3351,16,0.75,0.9000000000000001,1,250.0,209.4375,1.3238518518518516,HIGH
2804,7,0.9000000000000001,0.9000000000000001,1,350.0,400.57142857142856,1.6484420928865366,HIGH
2069,3,1.0000000000000002,0.8,0,300.0,689.6666666666666,2.8736111111111104,HIGH
1569,26,0.7,0.9500000000000002,1,250.0,60.34615384615385,0.3775037593984962,MEDIUM
462,23,0.9500000000000002,0.75,5,300.0,20.08695652173913,0.12007797270955163,MEDIUM
601,12,1.0000000000000002,0.8,0,275.0,50.083333333333336,0.2276515151515151,MEDIUM
2668,18,1.0000000000000002,0.7,5,325.0,148.22222222222223,0.9021132713440404,MEDIUM
3158,5,0.8,0.8,6,325.0,631.6,15.182692307692308,HIGH
2597,20,0.8500000000000001,0.8500000000000001,3,350.0,129.85,0.6041115408100954,MEDIUM
318,15,0.7,0.8,5,300.0,21.2,0.18928571428571428,MEDIUM
778,10,0.9500000000000002,0.8500000000000001,6,250.0,77.8,0.9634674922600617,MEDIUM
2938,26,0.7,0.9500000000000002,2,250.0,113.0,0.7363408521303257,MEDIUM
1463,30,0.8500000000000001,0.75,2,350.0,48.766666666666666,0.23417366946778706,MEDIUM
2921,27,0.8,0.7,6,325.0,108.18518518518519,0.7642595499738357,MEDIUM
2592,26,0.7,0.75,6,275.0,99.6923076923077,0.8976623376623376,MEDIUM
1614,29,0.8,1.0000000000000002,3,325.0,55.6551724137931,0.2387573964497041,MEDIUM
1302,29,0.9500000000000002,0.8500000000000001,6,350.0,44.89655172413793,0.20029613676134064,MEDIUM
3119,14,0.8,0.9000000000000001,2,300.0,222.78571428571428,1.2033179012345678,HIGH
2000,23,0.75,0.8,0,300.0,86.95652173913044,0.48309178743961356,MEDIUM
2208,23,0.8,0.9500000000000002,1,275.0,96.0,0.48020878642888204,MEDIUM
1937,11,0.8,0.9500000000000002,5,350.0,176.0909090909091,1.2136591478696739,HIGH
1934,13,1.0000000000000002,0.8,3,325.0,148.76923076923077,0.7438461538461537,MEDIUM
1964,5,1.0000000000000002,0.75,2,300.0,392.8,2.9096296296296287,HIGH
310,26,0.8,1.0000000000000002,4,250.0,11.923076923076923,0.07045454545454544,MEDIUM
550,7,0.8500000000000001,0.9000000000000001,2,275.0,78.57142857142857,0.5228758169934639,LOW
1124,4,0.75,1.0000000000000002,5,275.0,281.0,5.449696969696968,HIGH
1654,21,0.75,0.7,2,350.0,78.76190476190476,0.4737558181167204,MEDIUM
2886,21,1.0000000000000002,0.75,6,300.0,137.42857142857142,0.8551111111111109,MEDIUM
2359,30,0.7,0.9500000000000002,6,275.0,78.63333333333334,0.5374800637958532,MEDIUM
2084,16,0.8500000000000001,0.7,5,350.0,130.25,0.9097457164684055,MEDIUM
1364,23,0.75,0.8,6,325.0,59.30434782608695,0.4114630467571644,MEDIUM
1593,14,1.0000000000000002,0.9000000000000001,4,325.0,113.78571428571429,0.5446153846153844,MEDIUM
1058,28,0.8,0.75,6,300.0,37.785714285714285,0.26717171717171717,MEDIUM
1326,16,0.8,0.8,6,250.0,82.875,0.82875,MEDIUM
1161,26,1.0000000000000002,0.9500000000000002,4,250.0,44.65384615384615,0.22220095693779895,MEDIUM
3277,15,0.7,1.0000000000000002,1,250.0,218.46666666666667,1.337551020408163,HIGH
3069,14,0.8500000000000001,1.0000000000000002,2,300.0,219.21428571428572,1.002941176470588,MEDIUM
1789,27,0.9500000000000002,0.9500000000000002,1,325.0,66.25925925925925,0.23458833942533058,LOW
2328,12,0.7,0.8500000000000001,4,250.0,194.0,1.956302521008403,HIGH
1889,13,1.0000000000000002,0.9000000000000001,1,275.0,145.30769230769232,0.6360269360269357,LOW
1544,27,0.7,0.8,1,250.0,57.18518518518518,0.42417582417582417,MEDIUM
1466,11,1.0000000000000002,0.75,2,350.0,133.27272727272728,0.6205291005291004,MEDIUM
1659,12,0.9500000000000002,0.8500000000000001,6,250.0,138.25,1.3696594427244577,HIGH
3291,20,0.75,0.8,4,300.0,164.55,1.1427083333333334,HIGH
2585,17,0.8500000000000001,0.8500000000000001,5,325.0,152.05882352941177,0.9173986336616091,MEDIUM
312,28,0.8,0.9500000000000002,1,350.0,11.142857142857142,0.043441938178780275,MEDIUM
3411,7,0.75,1.0000000000000002,2,275.0,487.2857142857143,3.307636363636363,HIGH
1654,7,0.9500000000000002,0.8500000000000001,2,250.0,236.28571428571428,1.6386377708978324,HIGH
2816,10,0.8500000000000001,1.0000000000000002,3,300.0,281.6,1.5775910364145653,HIGH
1957,16,0.9500000000000002,1.0000000000000002,2,250.0,122.3125,0.5885714285714283,LOW
2685,25,0.8500000000000001,1.0000000000000002,0,275.0,107.4,0.45946524064171107,LOW
2126,21,0.8500000000000001,0.8500000000000001,6,250.0,101.23809523809524,0.7846828143021911,MEDIUM
2270,27,0.75,0.9000000000000001,4,350.0,84.07407407407408,0.41775937428111337,MEDIUM
474,4,0.75,0.75,4,350.0,118.5,2.4076190476190478,HIGH
1461,28,1.0000000000000002,1.0000000000000002,0,300.0,52.17857142857143,0.17392857142857138,LOW
3241,24,0.8,0.75,5,350.0,135.04166666666666,0.8122807017543859,MEDIUM
1312,16,0.9000000000000001,1.0000000000000002,4,325.0,82.0,0.37378917378917365,MEDIUM
1483,28,0.8,1.0000000000000002,6,325.0,52.964285714285715,0.2592657342657342,MEDIUM
3129,19,0.7,0.9000000000000001,5,325.0,164.68421052631578,1.0915750915750915,MEDIUM
1444,4,0.7,0.8,3,350.0,361.0,7.36734693877551,HIGH
2381,15,0.8500000000000001,0.9500000000000002,5,275.0,158.73333333333332,1.0722206585983673,MEDIUM
472,29,0.75,1.0000000000000002,3,300.0,16.275862068965516,0.08068376068376067,MEDIUM
1789,17,0.8,0.9500000000000002,0,300.0,105.23529411764706,0.4615583075335396,MEDIUM
704,3,0.9500000000000002,0.9000000000000001,6,250.0,234.66666666666666,3.293567251461987,HIGH
1399,23,0.9000000000000001,1.0000000000000002,4,350.0,60.82608695652174,0.23375104427736,MEDIUM
2246,13,0.9500000000000002,0.8,5,250.0,172.76923076923077,1.477631578947368,HIGH
293,13,0.75,0.75,2,350.0,22.53846153846154,0.1352958152958153,MEDIUM
1840,28,0.75,0.8,3,250.0,65.71428571428571,0.49066666666666664,MEDIUM
830,8,1.0000000000000002,0.75,5,300.0,103.75,1.2296296296296294,HIGH
1314,14,0.9000000000000001,0.9500000000000002,6,325.0,93.85714285714286,0.5910931174089067,MEDIUM
1730,20,0.7,0.75,1,325.0,86.5,0.5336417967996916,MEDIUM
350,10,1.0000000000000002,0.9000000000000001,4,325.0,35.0,0.19943019943019935,MEDIUM
936,30,0.9000000000000001,0.75,3,275.0,31.2,0.18675645342312006,MEDIUM
3189,11,0.75,0.9000000000000001,4,275.0,289.90909090909093,2.4542568542568537,HIGH
908,12,0.7,0.9000000000000001,2,275.0,75.66666666666667,0.524098124098124,MEDIUM
1282,12,0.8500000000000001,0.7,4,325.0,106.83333333333333,0.8287007110536521,MEDIUM
1588,8,0.75,1.0000000000000002,1,250.0,198.5,1.2099047619047618,HIGH
2408,15,0.8500000000000001,0.8,5,275.0,160.53333333333333,1.2877005347593582,HIGH
1152,29,0.8,0.8500000000000001,5,275.0,39.724137931034484,0.2566844919786096,MEDIUM
2395,24,0.7,0.7,4,275.0,99.79166666666667,0.8886827458256029,MEDIUM
787,10,0.9000000000000001,0.8500000000000001,4,325.0,78.7,0.5275682922741745,MEDIUM
1282,3,0.8,0.8500000000000001,6,275.0,427.3333333333333,6.855614973262031,HIGH
2445,14,0.9500000000000002,0.75,0,300.0,174.64285714285714,0.8170426065162905,MEDIUM
2534,21,0.75,0.75,4,300.0,120.66666666666667,0.8833115468409586,MEDIUM
2971,20,0.75,0.7,5,250.0,148.55,1.509079365079365,HIGH
3082,8,0.8,0.9000000000000001,5,350.0,385.25,4.076719576719576,HIGH
851,18,0.8,0.8,1,350.0,47.27777777777778,0.22347689075630253,MEDIUM
1519,5,0.8,0.9500000000000002,4,350.0,303.8,5.710526315789473,HIGH
2856,29,0.75,1.0000000000000002,1,250.0,98.48275862068965,0.5439999999999999,MEDIUM
525,17,0.9500000000000002,0.7,6,300.0,30.88235294117647,0.23923444976076552,MEDIUM
999,28,0.9500000000000002,0.7,4,250.0,35.67857142857143,0.25037593984962403,MEDIUM
3469,7,0.9500000000000002,0.75,2,350.0,495.57142857142856,2.782155388471177,HIGH
3054,30,0.9000000000000001,0.9500000000000002,2,350.0,101.8,0.3644826351593267,LOW
2471,18,0.8500000000000001,0.8500000000000001,3,300.0,137.27777777777777,0.7600153787004995,MEDIUM
751,14,0.7,0.8,1,250.0,53.642857142857146,0.4126373626373626,MEDIUM
2829,12,0.9000000000000001,0.7,1,300.0,235.75,1.3607503607503606,HIGH
799,18,0.7,0.9500000000000002,0,325.0,44.388888888888886,0.20538525801683694,MEDIUM
381,24,0.9500000000000002,1.0000000000000002,3,350.0,15.875,0.05456498388829214,MEDIUM
749,10,0.8500000000000001,0.8,3,325.0,74.9,0.4841628959276017,MEDIUM
1923,3,0.8,0.8,3,325.0,641.0,9.245192307692308,HIGH
2569,20,0.7,0.8,3,325.0,128.45,0.830316742081448,MEDIUM
2524,11,1.0000000000000002,0.8500000000000001,4,300.0,229.45454545454547,1.4140056022408958,HIGH
3459,8,1.0000000000000002,0.9500000000000002,0,275.0,432.375,1.6550239234449753,HIGH
2742,23,1.0000000000000002,0.8,2,250.0,119.21739130434783,0.6528571428571427,MEDIUM
496,4,0.9000000000000001,0.9000000000000001,1,275.0,124.0,0.742237186681631,LOW
1750,18,1.0000000000000002,1.0000000000000002,2,350.0,97.22222222222223,0.3124999999999999,LOW
3272,16,1.0000000000000002,0.7,5,350.0,204.5,1.2141001855287568,HIGH
1472,8,0.8,1.0000000000000002,0,350.0,184.0,0.657142857142857,MEDIUM
1574,15,0.7,0.9000000000000001,3,300.0,104.93333333333334,0.6940035273368605,MEDIUM
2686,29,0.7,0.8,1,300.0,92.62068965517241,0.5710034013605443,MEDIUM
2670,21,0.75,0.8,0,350.0,127.14285714285714,0.6054421768707483,MEDIUM
2323,11,0.7,0.8,4,300.0,211.1818181818182,1.9753401360544216,HIGH
2231,18,0.8,0.8500000000000001,0,325.0,123.94444444444444,0.5608345902463548,MEDIUM
1719,11,0.9500000000000002,0.8,3,350.0,156.27272727272728,0.8078007518796991,MEDIUM
1660,28,0.9000000000000001,0.9500000000000002,4,275.0,59.285714285714285,0.2941697678539783,MEDIUM
1384,8,0.8,0.8,1,250.0,173.0,1.2357142857142858,HIGH
2094,3,1.0000000000000002,0.9000000000000001,5,350.0,698.0,6.647619047619045,HIGH
1957,27,0.9500000000000002,0.9000000000000001,6,350.0,72.48148148148148,0.311413454270597,MEDIUM
2594,23,0.9000000000000001,0.7,6,275.0,112.78260869565217,0.880740174857822,MEDIUM
1209,13,1.0000000000000002,1.0000000000000002,4,250.0,93.0,0.5373333333333331,MEDIUM
1354,15,1.0000000000000002,0.8500000000000001,1,275.0,90.26666666666667,0.41375095492742536,LOW
2502,4,0.8500000000000001,0.8,4,325.0,625.5,11.321266968325789,HIGH
3109,20,0.7,0.9500000000000002,1,300.0,155.45,0.8202084157762827,MEDIUM
2921,25,0.9500000000000002,0.8500000000000001,0,350.0,116.84,0.41340999557717817,LOW
1774,28,0.75,0.75,0,350.0,63.357142857142854,0.32181405895691606,MEDIUM
852,27,0.9500000000000002,0.7,2,350.0,31.555555555555557,0.14642320085929106,MEDIUM
3459,12,0.8,1.0000000000000002,2,350.0,288.25,1.2353571428571426,HIGH
2345,8,0.7,0.8,1,250.0,293.125,2.392857142857143,HIGH
309,7,0.7,0.9000000000000001,5,300.0,44.142857142857146,0.8174603174603173,MEDIUM
2219,25,0.8,0.7,0,325.0,88.76,0.4876923076923077,MEDIUM
2497,20,1.0000000000000002,0.8500000000000001,3,300.0,124.85,0.5760092272202997,MEDIUM
2499,24,1.0000000000000002,0.8500000000000001,3,325.0,104.125,0.4307692307692307,MEDIUM
2318,8,0.75,0.8500000000000001,3,275.0,289.75,2.6444206773618535,HIGH
2097,13,0.8,0.9000000000000001,4,325.0,161.30769230769232,0.9957264957264956,MEDIUM
2137,8,0.7,0.7,1,350.0,267.125,1.7800916284881303,HIGH
755,26,0.8,0.7,6,300.0,29.03846153846154,0.22470238095238096,MEDIUM
3106,19,0.7,0.7,5,275.0,163.47368421052633,1.6464351974556057,HIGH
1953,20,0.9500000000000002,0.8,3,300.0,97.65,0.5038699690402475,MEDIUM
1586,17,0.7,0.7,0,300.0,93.29411764705883,0.6346538615446179,MEDIUM
2854,15,0.8500000000000001,0.75,6,275.0,190.26666666666668,1.8088334323628437,HIGH
2020,18,0.9000000000000001,1.0000000000000002,1,300.0,112.22222222222223,0.4400871459694987,LOW
2584,14,0.9000000000000001,0.8,0,350.0,184.57142857142858,0.7324263038548752,MEDIUM
3170,9,0.9000000000000001,0.8500000000000001,5,325.0,352.22222222222223,3.1875314228255394,HIGH
2211,11,0.8,1.0000000000000002,2,350.0,201.0,0.8773809523809522,MEDIUM
1746,24,1.0000000000000002,0.9000000000000001,6,350.0,72.75,0.30793650793650784,MEDIUM
1510,7,0.9000000000000001,0.9500000000000002,4,300.0,215.71428571428572,1.9623131903833648,HIGH
989,21,0.7,0.8500000000000001,2,325.0,47.095238095238095,0.26917973667199674,MEDIUM
2614,22,0.8500000000000001,0.9500000000000002,3,275.0,118.81818181818181,0.6195505651265792,MEDIUM
546,16,0.9500000000000002,1.0000000000000002,4,325.0,34.125,0.14736842105263154,MEDIUM
547,7,0.75,0.75,2,325.0,78.14285714285714,0.5984273504273505,MEDIUM
2720,14,1.0000000000000002,0.75,1,250.0,194.28571428571428,1.1158974358974356,HIGH
2874,30,0.8500000000000001,0.7,1,300.0,95.8,0.555201390901188,MEDIUM
983,16,0.75,0.75,5,275.0,61.4375,0.577704315886134,MEDIUM
519,16,0.9000000000000001,1.0000000000000002,2,250.0,32.4375,0.1647619047619047,LOW
1721,23,0.9000000000000001,1.0000000000000002,3,350.0,74.82608695652173,0.27317460317460307,MEDIUM
1570,5,0.8500000000000001,1.0000000000000002,4,300.0,314.0,6.156862745098037,HIGH
1779,17,0.9500000000000002,0.8,5,275.0,104.6470588235294,0.7093301435406697,MEDIUM
1211,18,0.9500000000000002,0.7,6,300.0,67.27777777777777,0.5058479532163742,MEDIUM
421,21,0.8500000000000001,1.0000000000000002,6,250.0,20.047619047619047,0.13207843137254896,MEDIUM
1238,5,0.8,1.0000000000000002,5,350.0,247.6,4.421428571428571,HIGH
3299,29,1.0000000000000002,0.75,1,250.0,113.75862068965517,0.6283809523809522,MEDIUM
3465,16,0.8,0.75,4,300.0,216.5625,1.6041666666666667,HIGH
565,17,0.75,0.8500000000000001,4,250.0,33.23529411764706,0.2726998491704373,MEDIUM
735,20,0.75,0.8500000000000001,0,250.0,36.75,0.2305882352941176,MEDIUM
2798,18,0.8500000000000001,0.75,6,325.0,155.44444444444446,1.1253896430367014,HIGH
3379,14,0.8,0.9000000000000001,4,300.0,241.35714285714286,1.5643518518518515,HIGH
1862,12,0.7,0.8,5,300.0,155.16666666666666,1.5833333333333333,HIGH
2941,5,0.8,0.75,0,250.0,588.2,3.9213333333333336,HIGH
628,8,1.0000000000000002,0.9000000000000001,5,250.0,78.5,0.9303703703703701,MEDIUM
809,25,1.0000000000000002,0.9500000000000002,5,300.0,32.36,0.14192982456140346,MEDIUM
1491,9,0.8500000000000001,0.8,0,325.0,165.66666666666666,0.7496229260935141,MEDIUM
1642,13,0.75,0.8,0,275.0,126.3076923076923,0.7655011655011655,MEDIUM
1819,14,0.8,0.9500000000000002,4,350.0,129.92857142857142,0.6838345864661652,MEDIUM
1925,22,1.0000000000000002,0.9000000000000001,6,300.0,87.5,0.44560185185185164,MEDIUM
375,6,0.7,0.9500000000000002,0,325.0,62.5,0.2891844997108155,MEDIUM
2168,30,0.75,0.8500000000000001,2,350.0,72.26666666666667,0.3470188075230092,MEDIUM
3150,15,0.7,0.8500000000000001,1,275.0,210.0,1.3750954927425514,HIGH
3466,17,0.8,0.8500000000000001,0,350.0,203.88235294117646,0.8566485417696489,MEDIUM
825,14,0.9500000000000002,0.8,0,250.0,58.92857142857143,0.31015037593984957,MEDIUM
1697,6,0.8500000000000001,0.9000000000000001,6,250.0,282.8333333333333,8.873202614379082,HIGH
2218,23,0.75,1.0000000000000002,3,300.0,96.43478260869566,0.49288888888888877,MEDIUM
475,5,0.9500000000000002,0.9000000000000001,3,275.0,95.0,1.0101010101010097,MEDIUM
1437,23,0.8,0.7,1,250.0,62.47826086956522,0.4665584415584415,MEDIUM
2747,23,1.0000000000000002,0.7,4,300.0,119.43478260869566,0.688471177944862,MEDIUM
2282,13,0.9500000000000002,1.0000000000000002,3,300.0,175.53846153846155,0.8007017543859646,MEDIUM
926,17,0.75,1.0000000000000002,5,300.0,54.470588235294116,0.3429629629629629,MEDIUM
2720,5,0.75,0.7,2,250.0,544.0,6.907936507936507,HIGH
2855,12,0.9000000000000001,0.9000000000000001,5,275.0,237.91666666666666,1.8310084976751637,HIGH
3348,27,0.9500000000000002,1.0000000000000002,5,350.0,124.0,0.4576896787423102,MEDIUM
3167,15,0.8,0.9000000000000001,5,300.0,211.13333333333333,1.4662037037037035,HIGH
2606,4,0.9500000000000002,1.0000000000000002,3,300.0,651.5,9.143859649122803,HIGH
960,15,0.9000000000000001,1.0000000000000002,6,300.0,64.0,0.3950617283950616,MEDIUM
832,28,0.8,0.9000000000000001,2,300.0,29.714285714285715,0.14814814814814814,MEDIUM
3323,17,0.8500000000000001,0.9500000000000002,0,300.0,195.47058823529412,0.8068961330662293,LOW
2753,24,0.9000000000000001,0.75,5,275.0,114.70833333333333,0.7805777068934963,MEDIUM
531,17,0.8,0.9000000000000001,1,275.0,31.235294117647058,0.16761363636363633,MEDIUM
2255,29,0.75,1.0000000000000002,0,250.0,77.75862068965517,0.41471264367816085,MEDIUM
1488,4,0.75,0.9500000000000002,1,325.0,372.0,2.1419703103913625,HIGH
2633,5,0.8500000000000001,0.8,5,325.0,526.6,11.914027149321264,HIGH
2927,28,0.9500000000000002,0.8,5,300.0,104.53571428571429,0.5581617086193744,MEDIUM
2809,16,0.9500000000000002,0.8500000000000001,6,250.0,175.5625,1.3914551083591327,HIGH
416,28,0.8,0.9000000000000001,6,250.0,14.857142857142858,0.10505050505050503,MEDIUM
253,20,1.0000000000000002,0.7,1,275.0,12.65,0.06917293233082705,MEDIUM
2498,16,0.9000000000000001,0.7,6,250.0,156.125,1.5860317460317461,HIGH
2308,8,0.7,0.75,4,325.0,288.5,3.381684981684982,HIGH
2475,12,0.8,0.8,3,325.0,206.25,1.3221153846153846,HIGH
1859,22,0.8500000000000001,0.8500000000000001,5,325.0,84.5,0.46570323631182564,MEDIUM
2929,19,0.7,0.75,1,350.0,154.1578947368421,0.8855631141345429,MEDIUM
356,6,0.8500000000000001,0.8,3,250.0,59.333333333333336,0.6980392156862745,MEDIUM
2506,14,0.9000000000000001,0.9000000000000001,4,250.0,179.0,1.2375308641975304,HIGH
2296,15,0.9000000000000001,0.8500000000000001,1,275.0,153.06666666666666,0.7795603089720735,LOW
1187,29,0.9500000000000002,0.8,5,350.0,40.93103448275862,0.18593358395989973,MEDIUM
2005,18,0.8500000000000001,0.8500000000000001,5,325.0,111.38888888888889,0.6568252083290675,MEDIUM
2725,12,0.8,0.9000000000000001,6,300.0,227.08333333333334,2.1026234567901234,HIGH
2314,6,0.75,0.9500000000000002,2,325.0,385.6666666666667,2.498245614035087,HIGH
1070,7,0.8,0.8500000000000001,4,300.0,152.85714285714286,1.7483660130718952,HIGH
850,10,0.9000000000000001,1.0000000000000002,3,325.0,85.0,0.415140415140415,MEDIUM
2384,27,0.8500000000000001,0.8500000000000001,4,250.0,88.29629629629629,0.5738528659545659,MEDIUM
2710,20,0.8,0.7,1,325.0,135.5,0.7836899942163099,MEDIUM
2782,4,0.8500000000000001,0.8500000000000001,5,300.0,695.5,12.835063437139558,HIGH
553,30,0.75,0.75,5,350.0,18.433333333333334,0.11235555555555556,MEDIUM
3022,19,0.9500000000000002,0.7,0,250.0,159.05263157894737,0.9567075583696081,MEDIUM
617,10,0.9000000000000001,0.8,5,250.0,61.7,0.6855555555555555,MEDIUM
2677,12,0.9500000000000002,0.75,0,325.0,223.08333333333334,0.9633828160143948,MEDIUM
2027,18,0.9500000000000002,0.7,1,350.0,112.61111111111111,0.5122891261767865,MEDIUM
2312,24,0.75,0.9500000000000002,2,325.0,96.33333333333333,0.4538338854128327,MEDIUM
2536,22,0.75,0.8,4,250.0,115.27272727272727,0.9392592592592592,MEDIUM
2758,28,0.75,0.8,6,275.0,98.5,0.7597796143250688,MEDIUM
2374,4,0.8,0.7,6,275.0,593.5,15.415584415584416,HIGH
1962,5,0.9500000000000002,1.0000000000000002,3,325.0,392.4,3.177327935222671,HIGH
3104,16,0.7,0.75,4,250.0,194.0,1.970793650793651,HIGH
2554,17,0.9500000000000002,1.0000000000000002,1,250.0,150.23529411764707,0.6721052631578944,LOW
988,29,0.7,0.75,1,250.0,34.06896551724138,0.26884353741496597,MEDIUM
2971,6,1.0000000000000002,0.8500000000000001,3,250.0,495.1666666666667,4.660392156862744,HIGH
2517,24,1.0000000000000002,0.8,4,325.0,104.875,0.4840384615384614,MEDIUM
877,4,0.75,0.75,5,275.0,219.25,5.66949494949495,HIGH
917,5,0.9500000000000002,0.75,0,350.0,183.4,0.7354385964912279,MEDIUM
1257,21,0.9500000000000002,0.8500000000000001,5,275.0,59.857142857142854,0.35378553335209667,MEDIUM
1805,14,0.8500000000000001,0.7,5,275.0,128.92857142857142,1.2257024021729903,HIGH
571,22,0.75,0.9000000000000001,6,275.0,25.954545454545453,0.19225589225589224,MEDIUM
2863,19,0.9000000000000001,0.7,3,325.0,150.68421052631578,0.8739316239316238,MEDIUM
2091,27,0.9000000000000001,0.7,2,275.0,77.44444444444444,0.4827705627705628,MEDIUM
1014,12,0.7,1.0000000000000002,0,300.0,84.5,0.4023809523809523,MEDIUM
1527,26,0.7,0.9500000000000002,2,325.0,58.73076923076923,0.2943898207056102,MEDIUM
3188,17,0.75,0.9500000000000002,1,250.0,187.52941176470588,1.11859649122807,HIGH
1576,6,0.75,0.75,6,250.0,262.6666666666667,11.20711111111111,HIGH
3467,21,0.7,0.7,0,275.0,165.0952380952381,1.2251965721353477,HIGH
1656,13,0.9500000000000002,0.9500000000000002,3,250.0,127.38461538461539,0.7339612188365648,MEDIUM
3070,10,0.7,0.8,6,325.0,307.0,4.217032967032967,HIGH
953,16,0.9500000000000002,0.7,1,250.0,59.5625,0.38215538847117786,MEDIUM
1072,15,0.75,0.8500000000000001,0,325.0,71.46666666666667,0.34493715434891903,MEDIUM
2973,21,0.7,0.7,0,275.0,141.57142857142858,1.050622846541214,MEDIUM
2844,25,0.7,0.75,0,275.0,113.76,0.787948051948052,MEDIUM
2825,21,0.75,0.9000000000000001,5,300.0,134.52380952380952,0.8719135802469135,MEDIUM
881,4,0.9000000000000001,0.75,1,350.0,220.25,1.2430335097001761,HIGH
1068,28,0.9000000000000001,0.9000000000000001,1,300.0,38.142857142857146,0.16278006401463185,LOW
3110,12,0.8,1.0000000000000002,3,325.0,259.1666666666667,1.3290598290598288,HIGH
383,29,0.9000000000000001,0.75,0,275.0,13.206896551724139,0.07114826425171251,MEDIUM
1319,26,0.8500000000000001,0.8,6,325.0,50.73076923076923,0.2984162895927601,MEDIUM
2178,15,0.9000000000000001,0.9500000000000002,5,250.0,145.2,1.0189473684210524,MEDIUM
3304,28,0.8500000000000001,0.75,5,350.0,118.0,0.6438192668371695,MEDIUM
873,30,0.8500000000000001,1.0000000000000002,6,350.0,29.1,0.12226890756302516,MEDIUM
2587,25,0.8500000000000001,0.9000000000000001,0,300.0,103.48,0.45089324618736376,LOW
3116,27,0.75,0.8,2,300.0,115.4074074074074,0.6924444444444444,MEDIUM
1046,6,1.0000000000000002,0.8500000000000001,1,250.0,174.33333333333334,0.9844705882352938,MEDIUM
2666,17,0.8,0.9500000000000002,1,300.0,156.8235294117647,0.7308114035087717,MEDIUM
2364,15,0.8,0.8500000000000001,0,275.0,157.6,0.8427807486631015,MEDIUM
2610,24,0.8500000000000001,0.8,3,350.0,108.75,0.5222088835534213,MEDIUM
2141,13,0.9500000000000002,0.75,4,275.0,164.69230769230768,1.2141059720007086,HIGH
1188,13,0.7,0.8,2,300.0,91.38461538461539,0.6428571428571429,MEDIUM
1553,18,0.75,0.8,1,250.0,86.27777777777777,0.6090196078431372,MEDIUM
2261,7,0.7,0.7,2,275.0,323.0,3.3558441558441556,HIGH
303,18,0.8,0.7,3,300.0,16.833333333333332,0.12023809523809523,MEDIUM
2702,12,0.8,1.0000000000000002,0,325.0,225.16666666666666,0.8660256410256408,MEDIUM
501,29,0.9000000000000001,0.8500000000000001,3,275.0,17.275862068965516,0.09159467982997392,MEDIUM
3025,24,0.7,0.8,1,325.0,126.04166666666667,0.7226469182990922,MEDIUM
3174,26,0.8,0.7,5,300.0,122.07692307692308,0.8996598639455782,MEDIUM
2994,22,0.8,0.75,6,275.0,136.0909090909091,1.134090909090909,HIGH
1107,4,1.0000000000000002,0.7,2,325.0,276.75,2.4329670329670328,HIGH
583,22,0.9500000000000002,0.9000000000000001,3,350.0,26.5,0.10253704436529917,MEDIUM
3282,19,1.0000000000000002,0.75,6,300.0,172.73684210526315,1.1220512820512818,HIGH
2620,27,0.9000000000000001,0.7,0,275.0,97.03703703703704,0.5600983378761156,MEDIUM
3327,14,0.75,1.0000000000000002,1,300.0,237.64285714285714,1.1374358974358971,HIGH
2084,21,0.75,0.9000000000000001,3,300.0,99.23809523809524,0.5717421124828531,MEDIUM
999,20,1.0000000000000002,0.7,0,250.0,49.95,0.2854285714285714,MEDIUM
1520,30,0.7,0.7,1,275.0,50.666666666666664,0.388970635276054,MEDIUM
1003,21,0.9500000000000002,0.7,1,250.0,47.76190476190476,0.3016541353383458,MEDIUM
2449,9,0.9500000000000002,0.8,2,300.0,272.1111111111111,1.534461152882205,HIGH
2520,15,0.7,0.9000000000000001,1,275.0,168.0,1.0389610389610389,MEDIUM
1603,13,0.9000000000000001,0.75,6,350.0,123.3076923076923,0.9693121693121691,MEDIUM
3465,6,0.7,1.0000000000000002,3,350.0,577.5,4.7142857142857135,HIGH
2996,11,0.9000000000000001,0.7,6,275.0,272.3636363636364,3.4585858585858587,HIGH
830,23,0.9000000000000001,0.8500000000000001,0,325.0,36.08695652173913,0.14514612980086122,LOW
2899,23,1.0000000000000002,0.8,6,350.0,126.04347826086956,0.609033613445378,MEDIUM
3205,19,0.75,0.7,1,325.0,168.68421052631578,1.0435490435490435,MEDIUM
1738,28,1.0000000000000002,0.7,6,275.0,62.07142857142857,0.4103896103896103,MEDIUM
534,22,0.7,0.9000000000000001,4,325.0,24.272727272727273,0.1448921448921449,MEDIUM
1771,20,0.8500000000000001,0.8500000000000001,5,300.0,88.55,0.5447135717031909,MEDIUM
322,21,0.8,0.9000000000000001,1,325.0,15.333333333333334,0.0688034188034188,MEDIUM
2872,25,0.8,0.8,2,250.0,114.88,0.7804347826086956,MEDIUM
1408,16,0.7,0.8500000000000001,6,275.0,88.0,0.8605042016806722,MEDIUM
1654,30,0.8,0.9500000000000002,5,275.0,55.13333333333333,0.3165550239234449,MEDIUM
357,13,1.0000000000000002,0.9000000000000001,2,350.0,27.46153846153846,0.10303030303030299,LOW
735,3,0.9500000000000002,0.8,0,350.0,245.0,0.9210526315789471,MEDIUM
2397,27,0.8500000000000001,0.7,1,325.0,88.77777777777777,0.4767540152155536,MEDIUM
519,5,0.9500000000000002,0.75,6,250.0,103.8,2.913684210526315,HIGH
3268,26,1.0000000000000002,0.75,4,350.0,125.6923076923077,0.5658874458874457,MEDIUM
2124,23,0.8,0.8500000000000001,3,300.0,92.34782608695652,0.5205882352941176,MEDIUM
566,10,0.7,0.9500000000000002,5,275.0,56.6,0.6190020505809979,MEDIUM
2090,4,0.7,0.75,6,350.0,522.5,11.374149659863948,HIGH
2214,17,0.7,0.9500000000000002,5,325.0,130.23529411764707,0.8536726431463274,MEDIUM
3137,14,0.8,0.9500000000000002,3,250.0,224.07142857142858,1.5009569377990428,HIGH
297,15,1.0000000000000002,1.0000000000000002,3,325.0,19.8,0.07615384615384613,MEDIUM
3161,17,0.8500000000000001,0.8500000000000001,6,325.0,185.94117647058823,1.2238004210322546,HIGH
2830,12,0.9000000000000001,0.7,4,350.0,235.83333333333334,1.6043083900226756,HIGH
1072,9,0.7,0.7,2,325.0,119.11111111111111,0.9616505943036556,MEDIUM
357,9,1.0000000000000002,0.8500000000000001,0,300.0,39.666666666666664,0.1555555555555555,LOW
1123,30,0.75,0.9000000000000001,4,275.0,37.43333333333333,0.23268583268583265,MEDIUM
3489,7,0.8,0.8,2,300.0,498.42857142857144,3.634375,HIGH
1317,5,0.9000000000000001,0.8,0,325.0,263.4,1.1256410256410252,HIGH
2189,25,0.9000000000000001,0.8,0,275.0,87.56,0.4422222222222222,MEDIUM
2867,9,0.75,0.7,4,275.0,318.55555555555554,3.9716017316017314,HIGH
1995,20,1.0000000000000002,0.9000000000000001,5,275.0,99.75,0.5373737373737372,MEDIUM
1643,10,0.75,0.9000000000000001,0,350.0,164.3,0.6954497354497354,MEDIUM
3401,12,0.75,0.9500000000000002,2,350.0,283.4166666666667,1.3638095238095236,HIGH
414,27,0.7,0.8500000000000001,2,250.0,15.333333333333334,0.11132773109243695,MEDIUM
2499,30,0.8500000000000001,1.0000000000000002,2,250.0,83.3,0.4199999999999998,LOW
2692,13,0.7,0.7,4,275.0,207.07692307692307,2.219748505462791,HIGH
3262,16,0.75,0.8500000000000001,4,250.0,203.875,1.7056209150326793,HIGH
2976,15,1.0000000000000002,1.0000000000000002,3,275.0,198.4,0.9018181818181814,MEDIUM
1001,17,0.8500000000000001,0.75,6,350.0,58.88235294117647,0.40784313725490184,MEDIUM
287,15,0.8500000000000001,1.0000000000000002,3,300.0,19.133333333333333,0.09379084967320259,MEDIUM
1835,12,0.9000000000000001,0.7,3,325.0,152.91666666666666,0.9957943291276623,MEDIUM
258,19,0.7,0.75,4,350.0,13.578947368421053,0.09360544217687077,MEDIUM
3278,20,0.8,0.7,4,300.0,163.9,1.2194940476190477,HIGH
1030,17,0.8,0.7,2,275.0,60.588235294117645,0.44588744588744594,MEDIUM
2224,19,0.9500000000000002,0.8,4,300.0,117.05263157894737,0.6502923976608186,MEDIUM
2092,24,0.9500000000000002,0.7,2,250.0,87.16666666666667,0.5719753930280245,MEDIUM
372,12,1.0000000000000002,0.8500000000000001,2,250.0,31.0,0.17505882352941174,LOW
954,6,0.8,0.7,1,325.0,159.0,1.0483516483516484,MEDIUM
3149,12,0.9000000000000001,0.8500000000000001,5,250.0,262.4166666666667,2.3521942110177396,HIGH
3287,4,0.75,0.8500000000000001,2,250.0,821.75,10.312156862745097,HIGH
1846,12,0.9000000000000001,0.7,2,325.0,153.83333333333334,0.9015873015873014,MEDIUM
2510,26,0.8,0.8500000000000001,3,350.0,96.53846153846153,0.4585312385823895,MEDIUM
1746,12,0.8,0.9500000000000002,6,275.0,145.5,1.3923444976076553,HIGH
3393,21,0.75,0.9500000000000002,3,325.0,161.57142857142858,0.814035087719298,MEDIUM
3280,13,0.75,0.9000000000000001,3,275.0,252.30769230769232,1.7670033670033667,HIGH
901,20,0.9500000000000002,0.8,6,325.0,45.05,0.2605552342394447,MEDIUM
3053,27,0.9500000000000002,0.8,0,300.0,113.07407407407408,0.49593892137751777,MEDIUM
2478,7,0.75,0.8,0,325.0,354.0,1.8153846153846154,HIGH
3461,25,0.8500000000000001,0.8,2,250.0,138.44,0.885166240409207,MEDIUM
3294,23,0.7,0.8,2,350.0,143.2173913043478,0.8002915451895044,MEDIUM
2364,10,0.9500000000000002,1.0000000000000002,2,350.0,236.4,0.8887218045112779,MEDIUM
678,16,0.8,0.9000000000000001,1,325.0,42.375,0.19316239316239314,MEDIUM
1359,11,0.7,0.8,3,325.0,123.54545454545455,0.9333791208791209,MEDIUM
985,21,0.8,0.8,5,250.0,46.904761904761905,0.384765625,MEDIUM
520,21,0.7,1.0000000000000002,2,250.0,24.761904761904763,0.156390977443609,MEDIUM
3439,9,0.9000000000000001,0.9500000000000002,4,250.0,382.1111111111111,3.2177777777777767,HIGH
2751,27,0.75,0.9000000000000001,5,250.0,101.88888888888889,0.7410101010101009,MEDIUM
2755,12,1.0000000000000002,0.7,3,300.0,229.58333333333334,1.4576719576719575,HIGH
618,21,0.75,0.9000000000000001,1,300.0,29.428571428571427,0.15259259259259256,MEDIUM
2687,22,1.0000000000000002,0.8500000000000001,5,275.0,122.13636363636364,0.6761874803397292,MEDIUM
1222,7,0.8,0.8,2,350.0,174.57142857142858,1.0910714285714287,MEDIUM
2304,6,0.8500000000000001,0.7,1,325.0,384.0,2.3829347123464766,HIGH
3057,23,0.75,0.8500000000000001,4,275.0,132.91304347826087,0.9177596397410637,MEDIUM
1817,19,1.0000000000000002,0.7,0,275.0,95.63157894736842,0.4967874231032125,MEDIUM
990,25,0.9500000000000002,0.7,6,350.0,39.6,0.22386794052801173,MEDIUM
3112,6,0.8500000000000001,0.7,6,325.0,518.6666666666666,16.09308338720103,HIGH
3051,28,0.9500000000000002,1.0000000000000002,1,350.0,108.96428571428571,0.33984962406015023,LOW
2710,21,0.8500000000000001,0.9500000000000002,0,275.0,129.04761904761904,0.5811319743208286,LOW
3011,29,0.7,0.8500000000000001,0,250.0,103.82758620689656,0.6980005795421615,MEDIUM
2022,7,0.9500000000000002,0.8500000000000001,4,250.0,288.85714285714283,3.3386996904024757,HIGH
3408,21,0.7,0.8500000000000001,2,300.0,162.28571428571428,1.0048651039363112,MEDIUM
3068,5,0.8,0.75,5,275.0,613.6,18.593939393939394,HIGH
659,18,0.8500000000000001,1.0000000000000002,3,250.0,36.611111111111114,0.2067450980392156,MEDIUM
3259,26,0.7,0.7,0,325.0,125.34615384615384,0.7871030068832268,MEDIUM
2481,26,1.0000000000000002,0.9000000000000001,1,350.0,95.42307692307692,0.3150476190476189,LOW
3201,10,0.7,0.7,5,275.0,320.1,4.751020408163265,HIGH
615,3,0.8,0.75,6,275.0,205.0,3.727272727272727,HIGH
1419,6,0.9000000000000001,0.7,6,350.0,236.5,6.4353741496598635,HIGH
1066,7,1.0000000000000002,0.8,0,325.0,152.28571428571428,0.5857142857142855,MEDIUM
316,10,0.9000000000000001,0.9500000000000002,4,275.0,31.6,0.22399432925748708,MEDIUM
2102,28,0.8,0.7,3,350.0,75.07142857142857,0.4289795918367347,MEDIUM
367,15,1.0000000000000002,0.8,3,275.0,24.466666666666665,0.13901515151515148,MEDIUM
2002,23,0.7,0.9500000000000002,1,325.0,87.04347826086956,0.42105263157894735,MEDIUM
3091,14,0.9500000000000002,0.7,3,300.0,220.78571428571428,1.4085213032581452,HIGH
2024,29,0.9500000000000002,0.9500000000000002,5,350.0,69.79310344827586,0.2669832475926658,MEDIUM
1941,30,0.9500000000000002,0.75,0,300.0,64.7,0.3026900584795321,MEDIUM
505,4,1.0000000000000002,0.9500000000000002,5,325.0,126.25,1.635627530364372,HIGH
641,17,0.8,0.7,3,275.0,37.705882352941174,0.29730983302411873,MEDIUM
656,8,0.75,1.0000000000000002,0,250.0,82.0,0.43733333333333324,MEDIUM
2266,3,0.75,0.8500000000000001,5,350.0,755.3333333333334,10.155742296918767,HIGH
860,7,0.7,0.7,3,275.0,122.85714285714286,1.5955473098330242,HIGH
1141,23,0.7,1.0000000000000002,2,350.0,49.608695652173914,0.22176870748299318,MEDIUM
1345,19,0.7,0.9500000000000002,6,250.0,70.78947368421052,0.6223250433776749,MEDIUM
3128,10,0.9000000000000001,0.9000000000000001,6,350.0,312.8,2.7583774250440904,HIGH
1325,26,0.9500000000000002,0.9500000000000002,5,325.0,50.96153846153846,0.21511268048664162,MEDIUM
3086,18,1.0000000000000002,0.8500000000000001,5,350.0,171.44444444444446,0.7979314802844213,MEDIUM
1463,19,0.9500000000000002,0.8500000000000001,5,300.0,77.0,0.4313725490196077,MEDIUM
1607,9,0.75,0.8500000000000001,4,325.0,178.55555555555554,1.551251885369532,HIGH
1363,3,0.75,0.8,6,250.0,454.3333333333333,9.086666666666666,HIGH
2456,3,0.8,0.9000000000000001,1,250.0,818.6666666666666,6.822222222222221,HIGH
736,22,0.75,1.0000000000000002,4,300.0,33.45454545454545,0.18172839506172833,MEDIUM
2965,18,0.8,0.9000000000000001,4,300.0,164.72222222222223,0.9804894179894178,MEDIUM
2367,7,1.0000000000000002,1.0000000000000002,0,250.0,338.14285714285717,1.352571428571428,HIGH
2366,18,0.8500000000000001,0.8,2,325.0,131.44444444444446,0.6691176470588234,MEDIUM
1627,3,0.75,1.0000000000000002,3,325.0,542.3333333333334,6.674871794871794,HIGH
2549,7,0.9500000000000002,0.8,2,250.0,364.14285714285717,2.6831578947368415,HIGH
3335,17,0.75,0.8,4,325.0,196.1764705882353,1.3155818540433926,HIGH
2251,10,0.8500000000000001,1.0000000000000002,5,275.0,225.1,1.9259893048128334,HIGH
1432,14,0.9000000000000001,0.75,0,300.0,102.28571428571429,0.5051146384479717,MEDIUM
689,27,0.9500000000000002,0.9500000000000002,0,350.0,25.51851851851852,0.08078676222720542,LOW
434,8,0.8,0.9000000000000001,5,275.0,54.25,0.7306397306397305,MEDIUM
272,27,0.9500000000000002,0.8,2,325.0,10.074074074074074,0.04404858299595141,MEDIUM
2393,4,0.8500000000000001,0.9000000000000001,0,250.0,598.25,3.128104575163398,HIGH
2643,14,0.9500000000000002,0.7,6,350.0,188.78571428571428,1.419441460794844,HIGH
1012,29,0.75,0.8500000000000001,1,250.0,34.89655172413793,0.2267787114845938,MEDIUM
1703,24,0.8,0.9500000000000002,0,350.0,70.95833333333333,0.2667606516290726,MEDIUM
3210,24,0.8500000000000001,0.7,3,350.0,133.75,0.7340078888698336,MEDIUM
1640,7,0.9000000000000001,0.9000000000000001,2,300.0,234.28571428571428,1.3497942386831272,HIGH
3198,9,0.75,0.8500000000000001,5,250.0,355.3333333333333,5.016470588235293,HIGH
1969,27,0.7,0.75,6,300.0,72.92592592592592,0.5953136810279668,MEDIUM
2813,23,1.0000000000000002,0.8500000000000001,5,250.0,122.30434782608695,0.735424836601307,MEDIUM
2330,27,0.9500000000000002,0.9500000000000002,4,250.0,86.29629629629629,0.44899433939539907,MEDIUM
2644,8,0.7,0.8,5,350.0,330.5,4.496598639455782,HIGH
405,18,0.8500000000000001,0.9000000000000001,3,275.0,22.5,0.12834224598930477,MEDIUM
2144,30,0.7,0.8500000000000001,1,350.0,71.46666666666667,0.3550109699052035,MEDIUM
1477,4,0.9500000000000002,1.0000000000000002,1,350.0,369.25,1.4807017543859644,HIGH
2017,8,0.8,0.8,3,275.0,252.125,2.2920454545454545,HIGH
764,24,0.75,0.8500000000000001,2,275.0,31.833333333333332,0.19808783017339163,MEDIUM
1818,11,0.8500000000000001,0.9000000000000001,6,350.0,165.27272727272728,1.3579831932773105,HIGH
1345,23,0.75,0.9000000000000001,4,250.0,58.47826086956522,0.41949317738791414,MEDIUM
1965,22,0.9500000000000002,0.7,0,325.0,89.31818181818181,0.413270939586729,MEDIUM
1913,13,0.8,0.75,2,250.0,147.15384615384616,1.1593939393939394,HIGH
1377,13,0.9000000000000001,0.8500000000000001,5,325.0,105.92307692307692,0.6923076923076921,MEDIUM
2812,28,0.8500000000000001,0.8500000000000001,0,300.0,100.42857142857143,0.4633382764870653,LOW
962,12,0.7,0.75,1,325.0,80.16666666666667,0.5125541125541127,MEDIUM
925,4,0.8500000000000001,0.8,4,275.0,231.25,4.946524064171122,HIGH
379,20,1.0000000000000002,0.75,0,325.0,18.95,0.07774358974358972,MEDIUM
2456,20,1.0000000000000002,0.9500000000000002,2,325.0,122.8,0.44192532613585234,LOW
3338,18,0.9000000000000001,1.0000000000000002,3,325.0,185.44444444444446,0.7607977207977205,MEDIUM
1313,9,0.9000000000000001,0.8,2,300.0,145.88888888888889,0.8683862433862433,MEDIUM
2644,11,0.9000000000000001,0.7,3,275.0,240.36363636363637,1.9076479076479076,HIGH
276,16,0.8500000000000001,0.8500000000000001,0,275.0,17.25,0.08681975463982382,LOW
1573,14,0.7,0.75,3,250.0,112.35714285714286,1.0895238095238096,MEDIUM
277,24,0.9000000000000001,0.7,2,350.0,11.541666666666666,0.057101628530199955,MEDIUM
1568,20,0.9500000000000002,1.0000000000000002,1,350.0,78.4,0.24819944598337942,LOW
1414,20,0.7,0.9500000000000002,0,350.0,70.7,0.30375939849624056,MEDIUM
1383,14,0.9500000000000002,0.9500000000000002,5,250.0,98.78571428571429,0.6810710987996303,MEDIUM
3062,11,1.0000000000000002,1.0000000000000002,5,350.0,278.3636363636364,1.4580952380952377,HIGH
2915,28,0.75,0.8500000000000001,6,275.0,104.10714285714286,0.7557932263814615,MEDIUM
2875,24,1.0000000000000002,0.8,4,250.0,119.79166666666667,0.7187499999999998,MEDIUM
1996,26,0.9000000000000001,0.9500000000000002,0,325.0,76.76923076923077,0.27627253538184704,LOW
1178,24,0.7,0.9500000000000002,2,350.0,49.083333333333336,0.23005565862708718,MEDIUM
946,18,0.9000000000000001,0.7,3,350.0,52.55555555555556,0.2860166288737717,MEDIUM
3076,12,0.8,0.8500000000000001,1,250.0,256.3333333333333,1.6449197860962563,HIGH
940,15,1.0000000000000002,1.0000000000000002,4,275.0,62.666666666666664,0.31074380165289245,MEDIUM
1107,5,0.7,0.9000000000000001,3,350.0,221.4,2.510204081632653,HIGH
1563,17,0.8,1.0000000000000002,0,250.0,91.94117647058823,0.459705882352941,MEDIUM
1517,26,0.75,0.8,2,275.0,58.34615384615385,0.3830808080808081,MEDIUM
2563,30,0.9000000000000001,0.9500000000000002,0,250.0,85.43333333333334,0.39968810916179326,LOW
1720,10,0.9000000000000001,1.0000000000000002,3,275.0,172.0,0.9927849927849924,MEDIUM
957,28,1.0000000000000002,0.8,4,325.0,34.17857142857143,0.15336538461538457,MEDIUM
1663,4,0.7,0.9000000000000001,6,325.0,415.75,8.122100122100122,HIGH
2910,15,0.8500000000000001,0.8500000000000001,1,325.0,194.0,0.8852047606372863,MEDIUM
2386,30,0.7,0.8500000000000001,6,325.0,79.53333333333333,0.5141133376427495,MEDIUM
3377,29,0.8,0.9000000000000001,5,325.0,116.44827586206897,0.6013176638176638,MEDIUM
3362,15,0.8,0.7,0,325.0,224.13333333333333,1.2315018315018316,HIGH
1120,9,1.0000000000000002,0.9500000000000002,3,250.0,124.44444444444444,0.7859649122807014,MEDIUM
1210,18,0.8,1.0000000000000002,0,275.0,67.22222222222223,0.3055555555555555,MEDIUM
2316,28,0.9000000000000001,0.9000000000000001,2,325.0,82.71428571428571,0.33837387683541514,LOW
2668,22,0.9500000000000002,0.75,2,275.0,121.27272727272727,0.6808293460925038,MEDIUM
2361,15,0.9500000000000002,0.9500000000000002,5,275.0,157.4,0.9512969025434395,MEDIUM
1865,27,0.9000000000000001,0.75,2,300.0,69.07407407407408,0.3683950617283949,MEDIUM
2927,22,0.9500000000000002,0.9500000000000002,4,325.0,133.04545454545453,0.5543954352818616,MEDIUM
2674,6,0.7,0.8500000000000001,1,275.0,445.6666666666667,3.2684491978609618,HIGH
3162,22,0.75,0.7,2,250.0,143.72727272727272,1.2045714285714286,HIGH
2601,23,1.0000000000000002,0.8,4,275.0,113.08695652173913,0.622248803827751,MEDIUM
2760,7,0.8500000000000001,1.0000000000000002,3,250.0,394.2857142857143,3.2470588235294104,HIGH
2629,25,0.8,0.7,3,300.0,105.16,0.7113095238095238,MEDIUM
2819,14,0.9500000000000002,0.7,1,275.0,201.35714285714286,1.1857616068142383,HIGH
801,30,0.9500000000000002,0.7,4,275.0,26.7,0.16846311583153686,MEDIUM
544,26,0.8500000000000001,0.8,2,275.0,20.923076923076923,0.1212121212121212,MEDIUM
2824,14,1.0000000000000002,0.9000000000000001,5,300.0,201.71428571428572,1.1621399176954728,HIGH
2833,23,0.9000000000000001,0.8,0,350.0,123.17391304347827,0.48878536922015176,MEDIUM
1041,18,0.9000000000000001,1.0000000000000002,0,275.0,57.833333333333336,0.2336700336700336,LOW
1161,14,0.8,0.8,6,350.0,82.92857142857143,0.6478794642857143,MEDIUM
1043,23,0.75,0.7,5,275.0,45.34782608695652,0.40134680134680134,MEDIUM
3095,22,0.75,0.8,6,250.0,140.6818181818182,1.2895833333333333,HIGH
2731,19,0.7,0.7,6,300.0,143.73684210526315,1.4290947148090005,HIGH
2656,17,0.8,0.9000000000000001,4,325.0,156.23529411764707,0.8731097961867192,MEDIUM
567,9,0.75,0.9500000000000002,4,275.0,63.0,0.5787559808612439,MEDIUM
352,18,0.7,0.8,0,275.0,19.555555555555557,0.126984126984127,MEDIUM
1525,14,0.8500000000000001,0.9500000000000002,5,275.0,108.92857142857143,0.7630484410670167,MEDIUM
3472,12,0.8500000000000001,1.0000000000000002,2,350.0,289.3333333333333,1.1670588235294113,HIGH
2258,9,0.8,0.9500000000000002,1,350.0,250.88888888888889,1.0610902255639096,MEDIUM
682,5,1.0000000000000002,0.7,6,250.0,136.4,3.8971428571428564,HIGH
2087,11,0.8500000000000001,0.9500000000000002,4,300.0,189.72727272727272,1.230723868494766,HIGH
1304,6,0.9000000000000001,0.8500000000000001,4,275.0,217.33333333333334,3.0992275698158043,HIGH
1822,18,0.7,0.9500000000000002,4,250.0,101.22222222222223,0.7828141783028999,MEDIUM
1958,5,0.8500000000000001,0.9500000000000002,6,275.0,391.6,8.817337461300307,HIGH
884,14,0.8500000000000001,0.8,0,275.0,63.142857142857146,0.3376623376623376,MEDIUM
3215,13,0.9000000000000001,0.8,4,300.0,247.30769230769232,1.6538065843621395,HIGH
1734,19,0.75,0.9000000000000001,4,275.0,91.26315789473684,0.6227609427609426,MEDIUM
3065,28,0.7,0.8,0,350.0,109.46428571428571,0.5584912536443148,MEDIUM
2386,22,0.7,0.7,1,325.0,108.45454545454545,0.7134634073409585,MEDIUM
2971,13,0.8,0.9500000000000002,0,275.0,228.53846153846155,1.0934854619065144,MEDIUM
1949,11,0.75,0.7,0,325.0,177.1818181818182,1.0384282384282384,MEDIUM
3339,9,0.7,0.9000000000000001,4,325.0,371.0,3.2615384615384615,HIGH
1377,4,0.8500000000000001,0.8,1,250.0,344.25,2.6999999999999997,HIGH
2758,17,0.8,1.0000000000000002,4,275.0,162.23529411764707,0.9643356643356641,MEDIUM
3150,20,0.8500000000000001,0.9500000000000002,4,300.0,157.5,0.8126934984520121,MEDIUM
776,22,0.8500000000000001,0.9500000000000002,5,250.0,35.27272727272727,0.2261154616645419,MEDIUM
2397,20,0.8500000000000001,0.75,3,275.0,119.85,0.80427807486631,MEDIUM
2660,28,1.0000000000000002,0.9500000000000002,5,250.0,95.0,0.4869565217391303,MEDIUM
3090,22,0.9000000000000001,0.8500000000000001,5,250.0,140.45454545454547,0.9504036908881196,MEDIUM
2216,7,0.9000000000000001,0.8500000000000001,5,250.0,316.57142857142856,5.79346405228758,HIGH
3263,23,1.0000000000000002,0.75,1,300.0,141.8695652173913,0.659191919191919,MEDIUM
1853,12,0.75,1.0000000000000002,0,250.0,154.41666666666666,0.8235555555555554,MEDIUM
3129,24,0.8500000000000001,0.8,6,350.0,130.375,0.730392156862745,MEDIUM
2908,25,1.0000000000000002,0.8500000000000001,1,275.0,116.32,0.5183600713012476,LOW
2276,21,0.8500000000000001,0.8,6,350.0,108.38095238095238,0.6375350140056021,MEDIUM
2886,3,1.0000000000000002,0.9000000000000001,4,350.0,962.0,9.161904761904758,HIGH
2324,10,0.9500000000000002,0.8,1,275.0,232.4,1.2355130249867088,HIGH
1172,21,0.7,0.75,5,250.0,55.80952380952381,0.5580952380952381,MEDIUM
3252,18,0.9500000000000002,0.7,2,325.0,180.66666666666666,0.9404279930595719,MEDIUM
2065,26,0.8500000000000001,0.75,3,325.0,79.42307692307692,0.4333398911404025,MEDIUM
1576,15,0.75,0.9500000000000002,1,325.0,105.06666666666666,0.4861384229805281,MEDIUM
1851,3,1.0000000000000002,0.8500000000000001,3,275.0,617.0,7.9187165775401045,HIGH
1149,10,0.9500000000000002,0.7,4,250.0,114.9,1.1518796992481202,HIGH
701,21,1.0000000000000002,0.9000000000000001,4,300.0,33.38095238095238,0.15272331154684088,MEDIUM
1198,29,0.9500000000000002,0.8,3,325.0,41.310344827586206,0.1865462472749922,MEDIUM
3493,18,0.75,1.0000000000000002,6,325.0,194.05555555555554,1.1941880341880338,HIGH
3113,29,1.0000000000000002,0.75,5,350.0,107.34482758620689,0.4941269841269841,MEDIUM
268,4,0.8,0.8,2,250.0,67.0,0.8375,MEDIUM
1462,18,1.0000000000000002,1.0000000000000002,2,275.0,81.22222222222223,0.3322727272727271,LOW
300,6,0.8500000000000001,0.9500000000000002,6,275.0,50.0,1.3509710104137345,HIGH
529,22,0.8500000000000001,0.8,4,350.0,24.045454545454547,0.12348272642390287,MEDIUM
2213,18,0.8,0.8,3,350.0,122.94444444444444,0.6586309523809524,MEDIUM
3026,3,0.8,1.0000000000000002,3,275.0,1008.6666666666666,13.75454545454545,HIGH
2736,8,1.0000000000000002,0.9500000000000002,3,300.0,342.0,1.9199999999999995,HIGH
634,14,0.8,0.9000000000000001,3,325.0,45.285714285714285,0.24630924630924628,MEDIUM
2099,21,0.8500000000000001,0.9000000000000001,4,350.0,99.95238095238095,0.46114131927280694,MEDIUM
1091,16,0.9000000000000001,0.9500000000000002,6,275.0,68.1875,0.46400850611376915,MEDIUM
313,20,0.9000000000000001,0.9000000000000001,0,250.0,15.65,0.07728395061728394,LOW
1989,5,0.8500000000000001,0.75,2,325.0,397.8,3.1999999999999993,HIGH
1748,16,0.9500000000000002,0.8,2,275.0,109.25,0.5974025974025973,MEDIUM
551,17,0.8,0.8,4,300.0,32.411764705882355,0.22075320512820515,MEDIUM
2899,7,0.8500000000000001,1.0000000000000002,5,250.0,414.14285714285717,6.821176470588233,HIGH
3443,7,0.8500000000000001,0.9500000000000002,5,275.0,491.85714285714283,7.752321981424147,HIGH
664,26,0.8,0.8500000000000001,4,275.0,25.53846153846154,0.16140009722897422,MEDIUM
339,21,0.7,1.0000000000000002,6,300.0,16.142857142857142,0.1076190476190476,MEDIUM
823,23,0.9500000000000002,0.75,5,275.0,35.78260869565217,0.23335105440368592,MEDIUM
1778,20,1.0000000000000002,0.8500000000000001,0,325.0,88.9,0.32180995475113117,LOW
3135,29,0.9500000000000002,0.7,1,350.0,108.10344827586206,0.48104956268221566,MEDIUM
1557,24,0.8500000000000001,0.7,2,300.0,64.875,0.3964858670741023,MEDIUM
2327,17,0.8500000000000001,0.75,6,250.0,136.88235294117646,1.3273440285204987,HIGH
2138,10,0.9000000000000001,0.9500000000000002,3,325.0,213.8,1.0991581517897304,MEDIUM
2083,29,0.9500000000000002,0.9000000000000001,1,300.0,71.82758620689656,0.29003063213589514,LOW
647,5,0.8,0.8500000000000001,3,250.0,129.4,1.902941176470588,HIGH
1768,12,1.0000000000000002,0.7,6,300.0,147.33333333333334,1.403174603174603,HIGH
1131,12,0.9500000000000002,0.7,3,350.0,94.25,0.539921231650555,MEDIUM
1110,17,1.0000000000000002,0.75,3,325.0,65.29411764705883,0.32527472527472523,MEDIUM
534,14,0.9500000000000002,0.9000000000000001,0,325.0,38.142857142857146,0.13726624252940037,LOW
405,14,1.0000000000000002,0.8500000000000001,1,275.0,28.928571428571427,0.13327848621966265,LOW
2022,24,0.9500000000000002,0.9000000000000001,5,350.0,84.25,0.3556259068724441,MEDIUM
764,22,0.9500000000000002,0.8500000000000001,4,275.0,34.72727272727273,0.19113737999186908,MEDIUM
3458,20,1.0000000000000002,0.9500000000000002,6,275.0,172.9,0.945454545454545,MEDIUM
2963,21,0.8500000000000001,0.7,0,350.0,141.0952380952381,0.6775281541187903,MEDIUM
647,7,0.8,0.75,5,275.0,92.42857142857143,1.9606060606060607,HIGH
932,20,0.9500000000000002,0.8500000000000001,0,300.0,46.6,0.1923632610939112,LOW
744,21,0.8500000000000001,0.75,3,300.0,35.42857142857143,0.21612200435729845,MEDIUM
1988,17,0.9000000000000001,0.7,5,275.0,116.94117647058823,0.9562289562289562,MEDIUM
1132,8,0.8,1.0000000000000002,3,250.0,141.5,1.1319999999999997,HIGH
1226,12,0.7,0.9000000000000001,1,350.0,102.16666666666667,0.5054627911770769,MEDIUM
1809,19,0.9500000000000002,0.75,6,300.0,95.21052631578948,0.6510121457489877,MEDIUM
1782,23,0.75,0.7,0,350.0,77.47826086956522,0.42165039929015086,MEDIUM
1429,4,0.7,0.9500000000000002,5,350.0,357.25,6.139634801288936,HIGH
1923,30,0.7,0.7,4,250.0,64.1,0.6037676609105181,MEDIUM
2394,4,0.75,0.8,6,350.0,598.5,11.4,HIGH
2936,18,0.9500000000000002,0.9500000000000002,6,250.0,163.11111111111111,1.084395198522622,MEDIUM
2839,19,1.0000000000000002,0.7,6,350.0,149.42105263157896,0.8913657770800627,MEDIUM
806,13,0.8,0.8,1,275.0,62.0,0.3816287878787879,MEDIUM
1776,6,1.0000000000000002,0.75,6,275.0,296.0,8.610909090909088,HIGH
1081,16,0.9000000000000001,1.0000000000000002,4,300.0,67.5625,0.3336419753086418,MEDIUM
3077,25,0.8,0.75,6,275.0,123.08,0.9814992025518341,MEDIUM
1594,3,0.9000000000000001,0.9500000000000002,1,350.0,531.3333333333334,2.663324979114452,HIGH
2246,28,0.7,0.8500000000000001,1,300.0,80.21428571428571,0.4660234464156032,MEDIUM
1917,4,0.7,1.0000000000000002,3,250.0,479.25,10.954285714285712,HIGH
3059,4,0.8,0.9500000000000002,6,350.0,764.75,11.499999999999998,HIGH
1619,11,0.9500000000000002,0.7,6,350.0,147.1818181818182,1.391192266380236,HIGH
784,15,0.75,1.0000000000000002,3,325.0,52.266666666666666,0.26803418803418794,MEDIUM
305,25,0.9000000000000001,1.0000000000000002,3,325.0,12.2,0.04739704739704738,MEDIUM
2403,29,1.0000000000000002,0.7,3,300.0,82.86206896551724,0.44010989010989005,MEDIUM
1010,26,0.9000000000000001,0.8,3,325.0,38.84615384615385,0.18766257896692673,MEDIUM
1526,10,1.0000000000000002,0.9500000000000002,4,325.0,152.6,0.8237516869095813,MEDIUM
3157,17,0.8500000000000001,0.9000000000000001,0,325.0,185.7058823529412,0.7469316535060477,LOW
1098,5,0.9500000000000002,0.8,2,325.0,219.6,1.4817813765182182,HIGH
2815,13,0.9000000000000001,0.8,6,250.0,216.53846153846155,2.2341269841269837,HIGH
619,10,0.8500000000000001,1.0000000000000002,0,250.0,61.9,0.2912941176470587,LOW
3037,7,1.0000000000000002,0.9000000000000001,2,275.0,433.85714285714283,2.454141414141413,HIGH
3099,26,0.8500000000000001,0.75,1,325.0,119.1923076923077,0.5982986425339365,MEDIUM
1429,11,0.9000000000000001,0.7,3,275.0,129.9090909090909,1.031024531024531,MEDIUM
3020,15,0.8,1.0000000000000002,5,350.0,201.33333333333334,1.0785714285714283,MEDIUM
1858,11,0.9000000000000001,0.9000000000000001,4,275.0,168.9090909090909,1.1915985249318581,HIGH
2522,20,1.0000000000000002,0.7,5,275.0,126.1,0.8734199134199132,MEDIUM
3270,9,0.75,0.75,5,250.0,363.3333333333333,5.8133333333333335,HIGH
1312,23,1.0000000000000002,0.9000000000000001,0,325.0,57.04347826086956,0.1950204384986993,LOW
3211,3,0.8500000000000001,0.75,2,350.0,1070.3333333333333,14.391036414565823,HIGH
3336,3,0.8,0.8500000000000001,1,350.0,1112.0,7.008403361344537,HIGH
801,30,0.75,0.9000000000000001,6,350.0,26.7,0.14126984126984124,MEDIUM
367,4,0.7,0.75,1,350.0,91.75,0.6657596371882087,MEDIUM
3161,19,1.0000000000000002,0.9000000000000001,5,350.0,166.3684210526316,0.7167800453514737,MEDIUM
3136,27,0.7,0.75,3,275.0,116.14814814814815,0.905050505050505,MEDIUM
3125,17,0.8500000000000001,0.7,0,250.0,183.8235294117647,1.2357884330202669,HIGH
2862,8,0.8,0.7,2,275.0,357.75,3.0974025974025974,HIGH
3085,6,0.9500000000000002,0.7,0,275.0,514.1666666666666,2.8115743905217583,HIGH
622,11,0.75,0.9000000000000001,2,300.0,56.54545454545455,0.3412894375857338,MEDIUM
2218,29,0.7,0.9500000000000002,2,350.0,76.48275862068965,0.3529458567052552,MEDIUM
355,19,0.9500000000000002,0.75,3,325.0,18.68421052631579,0.09581646423751684,MEDIUM
900,12,0.9000000000000001,0.75,0,250.0,75.0,0.44444444444444436,MEDIUM
3354,24,0.8500000000000001,0.8500000000000001,1,250.0,139.75,0.8073416578907776,LOW
3083,23,0.9000000000000001,0.7,1,300.0,134.04347826086956,0.7414622414622413,MEDIUM
3087,9,0.8,0.9500000000000002,3,275.0,343.0,2.4617224880382773,HIGH
582,8,0.9000000000000001,0.8500000000000001,3,325.0,72.75,0.4681749622926092,MEDIUM
3007,29,0.8500000000000001,0.8500000000000001,5,300.0,103.6896551724138,0.5780469050365243,MEDIUM
1588,6,0.9500000000000002,1.0000000000000002,6,300.0,264.6666666666667,5.571929824561401,HIGH
1039,18,0.7,0.75,1,250.0,57.72222222222222,0.4656582633053221,MEDIUM
1266,19,0.8,0.9500000000000002,0,275.0,66.63157894736842,0.31881138252329383,MEDIUM
1072,20,0.9500000000000002,0.9000000000000001,5,350.0,53.6,0.23881927039821768,MEDIUM
1617,5,0.75,0.7,2,250.0,323.4,4.1066666666666665,HIGH
1270,22,0.7,0.7,5,250.0,57.72727272727273,0.6098439375750301,MEDIUM
1643,21,0.9500000000000002,1.0000000000000002,3,250.0,78.23809523809524,0.38432748538011674,MEDIUM
3124,11,0.8500000000000001,0.8500000000000001,0,300.0,284.0,1.3102652825836214,HIGH
1985,27,0.7,0.75,6,275.0,73.51851851851852,0.6547103689960833,MEDIUM
1482,22,1.0000000000000002,1.0000000000000002,0,300.0,67.36363636363636,0.22454545454545444,LOW
1730,29,0.75,0.75,6,300.0,59.6551724137931,0.4457326892109501,MEDIUM
723,5,0.7,0.8,3,250.0,144.6,2.5821428571428573,HIGH
3315,6,1.0000000000000002,0.8500000000000001,4,300.0,552.5,6.499999999999998,HIGH
536,10,0.8,1.0000000000000002,5,325.0,53.6,0.4123076923076922,MEDIUM
1791,8,0.8500000000000001,0.8,4,300.0,223.875,2.19485294117647,HIGH
3044,13,0.8,0.8,1,300.0,234.15384615384616,1.3211805555555556,HIGH
3407,21,0.75,0.8500000000000001,4,250.0,162.23809523809524,1.2574855824682811,HIGH
2824,24,0.75,0.75,5,325.0,117.66666666666667,0.8130274403958614,MEDIUM
2741,12,0.9500000000000002,1.0000000000000002,2,275.0,228.41666666666666,1.049186602870813,MEDIUM
1505,25,0.9000000000000001,0.8,6,325.0,60.2,0.33850652271704895,MEDIUM
1142,29,0.8,0.9500000000000002,6,250.0,39.37931034482759,0.2613272311212814,MEDIUM
1948,17,0.75,0.75,0,325.0,114.58823529411765,0.626807440925088,MEDIUM
423,4,0.75,0.9500000000000002,0,300.0,105.75,0.4947368421052631,MEDIUM
1855,28,0.8,0.8500000000000001,1,350.0,66.25,0.2886710239651416,MEDIUM
2160,8,0.7,0.8500000000000001,3,300.0,270.0,2.42016806722689,HIGH
1582,3,0.9500000000000002,0.75,6,325.0,527.3333333333334,6.831848852901483,HIGH
2124,4,0.7,0.8500000000000001,4,300.0,531.0,11.899159663865545,HIGH
3372,7,0.8500000000000001,0.8,3,325.0,481.7142857142857,3.8144796380090487,HIGH
1959,15,1.0000000000000002,0.8500000000000001,0,350.0,130.6,0.43899159663865533,LOW
3308,6,1.0000000000000002,0.8500000000000001,2,325.0,551.3333333333334,2.9936651583710403,HIGH
1538,28,0.8500000000000001,0.8,4,350.0,54.92857142857143,0.2692577030812324,MEDIUM
1739,13,0.75,0.8,2,300.0,133.76923076923077,0.8782828282828283,MEDIUM
1869,29,0.75,0.9000000000000001,2,350.0,64.44827586206897,0.29300411522633746,MEDIUM
3072,30,0.8,1.0000000000000002,4,300.0,102.4,0.4923076923076922,MEDIUM
2025,24,0.8500000000000001,0.9500000000000002,0,275.0,84.375,0.37996059667886284,LOW
2911,14,0.9500000000000002,1.0000000000000002,1,300.0,207.92857142857142,0.785695006747638,LOW
1549,30,0.7,0.8,3,300.0,51.63333333333333,0.34149029982363316,MEDIUM
2709,26,0.7,1.0000000000000002,2,300.0,104.1923076923077,0.5374999999999999,MEDIUM
2504,13,0.9500000000000002,0.8,4,350.0,192.6153846153846,1.0459482038429404,MEDIUM
1193,14,0.9500000000000002,1.0000000000000002,4,275.0,85.21428571428571,0.4566507177033491,MEDIUM
1216,30,0.8500000000000001,0.8500000000000001,6,275.0,40.53333333333333,0.2550068155604487,MEDIUM
2672,14,0.7,0.8,2,250.0,190.85714285714286,1.5904761904761904,HIGH
2040,12,0.9000000000000001,0.75,0,300.0,170.0,0.8395061728395059,MEDIUM
284,14,0.7,0.8,5,275.0,20.285714285714285,0.20490620490620493,MEDIUM
958,28,0.9500000000000002,0.7,3,350.0,34.214285714285715,0.16464017185821694,MEDIUM
1388,10,0.9000000000000001,0.9000000000000001,4,250.0,138.8,1.14238683127572,HIGH
3486,28,0.9500000000000002,0.9500000000000002,3,325.0,124.5,0.4753974003835498,MEDIUM
422,16,0.9000000000000001,0.7,6,300.0,26.375,0.22328042328042327,MEDIUM
1414,13,0.9500000000000002,0.9500000000000002,0,275.0,108.76923076923077,0.438254266509114,LOW
1550,26,0.7,0.7,4,350.0,59.61538461538461,0.41081367611979863,MEDIUM
781,29,0.9500000000000002,0.8,4,325.0,26.93103448275862,0.12647773279352223,MEDIUM
2589,4,0.8,0.9000000000000001,0,275.0,647.25,3.2689393939393936,HIGH
3350,30,0.7,0.9000000000000001,2,300.0,111.66666666666667,0.6330309901738472,MEDIUM
1460,20,0.8500000000000001,0.9500000000000002,2,300.0,73.0,0.334823988074762,LOW
3378,9,0.8500000000000001,0.75,2,250.0,375.3333333333333,3.027899159663865,HIGH
3162,17,1.0000000000000002,0.8500000000000001,0,300.0,186.0,0.7294117647058821,LOW
498,17,0.75,0.75,6,300.0,29.294117647058822,0.2682828282828283,MEDIUM
488,24,0.7,0.8,2,250.0,20.333333333333332,0.15844155844155847,MEDIUM
3347,6,0.75,0.7,5,275.0,557.8333333333334,23.182683982683983,HIGH
1982,11,1.0000000000000002,0.7,0,250.0,180.1818181818182,1.0296103896103894,MEDIUM
1462,22,0.75,1.0000000000000002,3,300.0,66.45454545454545,0.3419883040935672,MEDIUM
1458,11,1.0000000000000002,0.8,2,275.0,132.54545454545453,0.7363636363636362,MEDIUM
688,8,0.75,0.8500000000000001,4,325.0,86.0,0.8301659125188536,MEDIUM
799,28,0.75,1.0000000000000002,1,350.0,28.535714285714285,0.11273368606701938,MEDIUM
2137,18,0.9000000000000001,0.7,1,250.0,118.72222222222223,0.7981325863678804,MEDIUM
1313,19,0.7,0.8,1,275.0,69.10526315789474,0.4736652236652237,MEDIUM
793,3,0.9500000000000002,0.9000000000000001,2,350.0,264.3333333333333,2.6499582289055965,HIGH
1396,26,0.7,1.0000000000000002,5,300.0,53.69230769230769,0.31655328798185933,MEDIUM
952,17,0.9000000000000001,0.9000000000000001,2,250.0,56.0,0.31341563786008225,LOW
2406,19,0.8500000000000001,0.8,3,300.0,126.63157894736842,0.7371323529411764,MEDIUM
2976,30,0.8500000000000001,0.7,2,300.0,99.2,0.5954381752701081,MEDIUM
405,17,0.9500000000000002,0.7,5,325.0,23.823529411764707,0.15615962984384035,MEDIUM
259,13,0.8,0.8500000000000001,0,350.0,19.923076923076923,0.083710407239819,MEDIUM
2554,16,0.8,0.8,4,250.0,159.625,1.3302083333333334,HIGH
1918,21,0.8,0.8500000000000001,2,250.0,91.33333333333333,0.5938080495356036,MEDIUM
2218,21,0.9500000000000002,0.8,0,350.0,105.61904761904762,0.39706408879341204,MEDIUM
2280,11,1.0000000000000002,1.0000000000000002,3,300.0,207.27272727272728,0.9499999999999996,MEDIUM
3051,24,0.9000000000000001,0.8,4,250.0,127.125,0.8474999999999999,MEDIUM
592,19,0.9000000000000001,1.0000000000000002,3,275.0,31.157894736842106,0.14949494949494943,MEDIUM
2521,14,0.75,0.75,1,275.0,180.07142857142858,1.2536441336441337,HIGH
513,24,0.75,0.9000000000000001,6,250.0,21.375,0.16888888888888887,MEDIUM
2908,30,0.75,1.0000000000000002,3,250.0,96.93333333333334,0.5744197530864197,MEDIUM
3023,7,1.0000000000000002,0.8500000000000001,6,250.0,431.85714285714283,14.225882352941174,HIGH
2855,11,0.8,0.9500000000000002,5,275.0,259.54545454545456,2.2767145135566182,HIGH
2509,24,1.0000000000000002,0.8,1,250.0,104.54166666666667,0.5454347826086955,MEDIUM
3437,12,0.9000000000000001,0.8500000000000001,5,300.0,286.4166666666667,2.1394335511982563,HIGH
1733,5,0.8500000000000001,0.9000000000000001,6,250.0,346.6,9.06143790849673,HIGH
2086,24,0.75,1.0000000000000002,5,275.0,86.91666666666667,0.5323125996810205,MEDIUM
751,27,0.7,0.9500000000000002,3,300.0,27.814814814814813,0.1568504594820384,MEDIUM
1134,19,0.75,0.75,2,275.0,59.68421052631579,0.43122994652406416,MEDIUM
1720,23,0.8,0.75,3,325.0,74.78260869565217,0.441025641025641,MEDIUM
863,26,0.9500000000000002,0.75,5,275.0,33.19230769230769,0.20973646236804125,MEDIUM
2480,15,0.9000000000000001,1.0000000000000002,6,250.0,165.33333333333334,1.2246913580246908,HIGH
797,10,0.75,0.9000000000000001,0,300.0,79.7,0.3935802469135802,MEDIUM
3092,22,1.0000000000000002,0.8500000000000001,4,350.0,140.54545454545453,0.5774042950513537,MEDIUM
2688,20,0.9500000000000002,0.9500000000000002,6,350.0,134.4,0.6078353779184802,MEDIUM
633,11,0.9000000000000001,0.7,6,250.0,57.54545454545455,0.8038095238095238,MEDIUM
822,25,0.8500000000000001,0.8,4,350.0,32.88,0.1644657863145258,MEDIUM
3408,19,0.8500000000000001,0.8500000000000001,0,300.0,179.3684210526316,0.8275359679475504,MEDIUM
2965,15,0.75,0.7,2,350.0,197.66666666666666,1.2412349555206696,HIGH
1602,30,1.0000000000000002,0.9000000000000001,5,250.0,53.4,0.2847999999999999,MEDIUM
2994,7,0.9500000000000002,0.8,1,325.0,427.7142857142857,2.0202429149797565,HIGH
2264,8,0.9500000000000002,1.0000000000000002,0,350.0,283.0,0.8511278195488718,MEDIUM
2349,18,0.9500000000000002,0.7,4,300.0,130.5,0.8410311493018259,MEDIUM
458,18,0.9500000000000002,0.75,0,350.0,25.444444444444443,0.10203285992759674,MEDIUM
765,15,0.7,0.7,0,250.0,51.0,0.41632653061224495,MEDIUM
3472,3,0.8500000000000001,0.8,0,250.0,1157.3333333333333,6.8078431372549,HIGH
1267,15,0.75,0.7,2,275.0,84.46666666666667,0.6750582750582751,MEDIUM
3213,21,1.0000000000000002,0.8500000000000001,2,350.0,153.0,0.5684210526315788,LOW
2349,4,0.75,0.75,5,300.0,587.25,13.92,HIGH
2653,16,0.8500000000000001,0.75,1,325.0,165.8125,0.8536551030668675,MEDIUM
2498,6,0.8500000000000001,0.9000000000000001,3,325.0,416.3333333333333,3.349086643204289,HIGH
2646,6,0.8,0.75,1,300.0,441.0,2.9400000000000004,HIGH
506,11,0.75,0.7,2,350.0,46.0,0.3059712773998488,MEDIUM
2836,16,0.9000000000000001,0.9000000000000001,1,350.0,177.25,0.6669018224573777,LOW
2977,23,0.8,1.0000000000000002,3,300.0,129.43478260869566,0.6202083333333331,MEDIUM
2338,8,0.7,0.9000000000000001,5,300.0,292.25,4.1234567901234565,HIGH
1518,9,0.8500000000000001,0.9500000000000002,6,325.0,168.66666666666666,1.928078113836627,HIGH
3263,24,0.8500000000000001,0.8500000000000001,6,275.0,135.95833333333334,0.9123763587431405,MEDIUM
849,9,0.8,0.8,2,300.0,94.33333333333333,0.6316964285714286,MEDIUM
1737,28,0.8,0.9500000000000002,0,275.0,62.035714285714285,0.2968215994531784,MEDIUM
1184,16,0.8500000000000001,0.9000000000000001,2,275.0,74.0,0.4020032255326372,LOW
1106,18,0.7,0.7,4,250.0,61.44444444444444,0.6448979591836735,MEDIUM
2693,13,0.8500000000000001,0.9500000000000002,4,325.0,207.15384615384616,1.1401656479055855,HIGH
1161,3,1.0000000000000002,0.8,2,325.0,387.0,4.465384615384615,HIGH
1349,27,0.75,1.0000000000000002,5,350.0,49.96296296296296,0.23359307359307355,MEDIUM
1066,3,1.0000000000000002,0.8500000000000001,3,300.0,355.3333333333333,4.180392156862744,HIGH
3494,25,0.9500000000000002,0.9000000000000001,0,300.0,139.76,0.5448732943469783,LOW
887,17,0.9000000000000001,0.9500000000000002,6,325.0,52.1764705882353,0.2901893428209217,MEDIUM
1164,6,0.7,0.8500000000000001,2,250.0,194.0,1.956302521008403,HIGH
2747,15,0.8500000000000001,0.75,5,275.0,183.13333333333333,1.5669162210338679,HIGH
1983,6,0.7,0.9500000000000002,1,325.0,330.5,1.8350491613649509,HIGH
2579,24,0.9500000000000002,0.9000000000000001,2,275.0,107.45833333333333,0.4985742593398094,LOW
2983,3,0.75,0.8,1,325.0,994.3333333333334,7.648717948717949,HIGH
1281,4,0.75,0.8,6,300.0,320.25,7.116666666666666,HIGH
1374,24,0.9500000000000002,0.75,2,325.0,57.25,0.2697092381302907,MEDIUM
1598,7,0.9500000000000002,0.8500000000000001,2,350.0,228.28571428571428,1.1308270676691727,HIGH
1664,25,0.7,0.8500000000000001,3,275.0,66.56,0.46225432321689003,MEDIUM
1623,27,0.9000000000000001,0.8500000000000001,0,300.0,60.111111111111114,0.26192205277172587,LOW
3337,17,0.9500000000000002,0.9500000000000002,0,325.0,196.2941176470588,0.6692320226620371,LOW
463,21,0.9000000000000001,0.8,6,350.0,22.047619047619047,0.12248677248677246,MEDIUM
1753,30,0.9000000000000001,0.7,2,250.0,58.43333333333333,0.39750566893424033,MEDIUM
3024,14,0.75,0.75,5,300.0,216.0,1.991111111111111,HIGH
2017,6,1.0000000000000002,0.75,3,275.0,336.1666666666667,3.259797979797979,HIGH
2905,19,0.8,0.9500000000000002,0,325.0,152.89473684210526,0.6190070317494138,MEDIUM
1201,25,0.7,0.9000000000000001,0,300.0,48.04,0.2541798941798941,MEDIUM
590,13,0.8,0.9000000000000001,0,250.0,45.38461538461539,0.25213675213675213,MEDIUM
1897,20,1.0000000000000002,0.9500000000000002,1,275.0,94.85,0.382170737849408,LOW
1112,11,1.0000000000000002,0.7,5,300.0,101.0909090909091,0.8825396825396825,MEDIUM
286,30,1.0000000000000002,0.9000000000000001,1,325.0,9.533333333333333,0.03371647509578543,LOW
1136,11,1.0000000000000002,0.7,0,325.0,103.27272727272727,0.45394605394605386,MEDIUM
1062,16,0.75,0.8,4,275.0,66.375,0.5363636363636364,MEDIUM
2105,25,0.7,1.0000000000000002,2,300.0,84.2,0.43581780538302267,MEDIUM
428,9,0.9500000000000002,0.8500000000000001,2,300.0,47.55555555555556,0.25239569512015325,LOW
2667,15,0.8,0.75,0,250.0,177.8,1.1853333333333333,HIGH
2368,23,0.8,1.0000000000000002,6,300.0,102.95652173913044,0.5803921568627449,MEDIUM
1086,17,0.8500000000000001,0.9000000000000001,2,275.0,63.88235294117647,0.34414735591206175,LOW
342,16,0.9500000000000002,0.9500000000000002,0,300.0,21.375,0.0789473684210526,LOW
1642,14,1.0000000000000002,0.8,3,300.0,117.28571428571429,0.6219696969696968,MEDIUM
3089,13,0.9500000000000002,0.9000000000000001,2,250.0,237.6153846153846,1.313769271664008,HIGH
2977,9,0.8,0.7,3,250.0,330.77777777777777,3.5440476190476193,HIGH
1311,5,0.8500000000000001,0.9000000000000001,6,350.0,262.2,4.896358543417365,HIGH
2329,18,1.0000000000000002,0.9000000000000001,4,275.0,129.38888888888889,0.6721500721500719,MEDIUM
1494,10,0.8,0.8,5,275.0,149.4,1.6977272727272728,HIGH
393,7,0.9500000000000002,0.9500000000000002,3,300.0,56.142857142857146,0.36288088642659266,MEDIUM
1756,21,0.8500000000000001,0.9000000000000001,1,275.0,83.61904761904762,0.4173499702911466,LOW
674,25,0.8,1.0000000000000002,0,250.0,26.96,0.13479999999999998,MEDIUM
1810,10,0.75,0.75,1,250.0,181.0,1.4301234567901235,HIGH
2661,24,0.8500000000000001,1.0000000000000002,1,300.0,110.875,0.45370843989769805,LOW
2733,21,0.75,0.7,4,350.0,130.14285714285714,0.8749099639855942,MEDIUM
3175,3,0.8500000000000001,0.9500000000000002,0,250.0,1058.3333333333333,5.242518059855519,HIGH
2369,4,1.0000000000000002,0.9500000000000002,1,325.0,592.25,2.557624831309041,HIGH
1535,7,0.9500000000000002,0.7,0,350.0,219.28571428571428,0.942151296608869,MEDIUM
945,10,0.8500000000000001,0.7,0,275.0,94.5,0.5775401069518716,MEDIUM
1154,12,1.0000000000000002,0.75,1,300.0,96.16666666666667,0.46626262626262616,MEDIUM
1161,15,0.8,0.9500000000000002,4,300.0,77.4,0.46291866028708123,MEDIUM
1614,9,1.0000000000000002,0.7,6,250.0,179.33333333333334,3.074285714285714,HIGH
1439,26,0.9500000000000002,0.7,1,350.0,55.34615384615385,0.24730397422126743,MEDIUM
773,10,0.8500000000000001,0.8,1,350.0,77.3,0.36087768440709606,MEDIUM
2290,28,0.7,0.8,6,300.0,81.78571428571429,0.6195887445887446,MEDIUM
1308,6,0.75,0.75,2,300.0,218.0,1.9377777777777778,HIGH
884,26,0.9500000000000002,0.75,0,250.0,34.0,0.1908771929824561,MEDIUM
1909,14,0.8500000000000001,0.8,0,250.0,136.35714285714286,0.8021008403361344,MEDIUM
495,16,1.0000000000000002,0.7,4,300.0,30.9375,0.1964285714285714,MEDIUM
1721,8,0.9000000000000001,0.75,0,300.0,215.125,1.0623456790123453,MEDIUM
2991,8,1.0000000000000002,0.9000000000000001,6,350.0,373.875,4.747619047619046,HIGH
1370,10,1.0000000000000002,1.0000000000000002,4,350.0,137.0,0.6523809523809522,MEDIUM
1539,21,1.0000000000000002,1.0000000000000002,3,300.0,73.28571428571429,0.28499999999999986,MEDIUM
1116,15,1.0000000000000002,0.8500000000000001,2,350.0,74.4,0.2885585003232061,LOW
3241,17,0.7,0.8,4,275.0,190.64705882352942,1.618881118881119,HIGH
2122,15,0.9000000000000001,1.0000000000000002,4,350.0,141.46666666666667,0.6124098124098122,MEDIUM
1481,5,0.9500000000000002,0.8500000000000001,2,300.0,296.2,2.037839697282421,HIGH
3311,10,0.7,0.9000000000000001,2,350.0,331.1,1.876984126984127,HIGH
3233,15,0.7,0.8500000000000001,3,325.0,215.53333333333333,1.3932342167636287,HIGH
571,18,0.7,0.9500000000000002,1,300.0,31.72222222222222,0.16836208167477515,MEDIUM
3125,6,1.0000000000000002,0.7,3,350.0,520.8333333333334,4.2517006802721085,HIGH
2329,7,0.8500000000000001,0.9000000000000001,5,300.0,332.7142857142857,5.074074074074073,HIGH
3213,8,1.0000000000000002,1.0000000000000002,0,325.0,401.625,1.2357692307692303,HIGH
1550,26,0.8,0.9500000000000002,6,275.0,59.61538461538461,0.37081339712918654,MEDIUM
387,10,0.8,1.0000000000000002,1,300.0,38.7,0.1791666666666666,MEDIUM
3264,29,1.0000000000000002,0.8,0,275.0,112.55172413793103,0.5115987460815046,MEDIUM
888,27,0.8,0.75,1,300.0,32.888888888888886,0.18974358974358974,MEDIUM
1551,22,1.0000000000000002,0.9000000000000001,0,350.0,70.5,0.22380952380952374,LOW
2981,17,0.8500000000000001,1.0000000000000002,4,300.0,175.35294117647058,0.8992458521870285,MEDIUM
1287,16,0.9500000000000002,0.9500000000000002,0,350.0,80.4375,0.2546497823506133,LOW
1144,20,0.75,0.7,2,250.0,57.2,0.48423280423280424,MEDIUM
2356,4,0.9000000000000001,0.75,1,300.0,589.0,3.8781893004115218,HIGH
2412,14,0.8500000000000001,0.9500000000000002,0,350.0,172.28571428571428,0.6095912049030136,LOW
2226,14,0.7,0.8500000000000001,6,275.0,159.0,1.7005347593582885,HIGH
3272,3,0.75,0.8500000000000001,4,325.0,1090.6666666666667,15.792458521870284,HIGH
470,27,1.0000000000000002,0.7,5,300.0,17.40740740740741,0.10173160173160171,MEDIUM
813,12,0.7,0.9500000000000002,5,325.0,67.75,0.5373874246054697,MEDIUM
822,19,0.75,0.9500000000000002,6,300.0,43.26315789473684,0.29581646423751684,MEDIUM
1034,28,0.9000000000000001,0.8500000000000001,3,300.0,36.92857142857143,0.1802178649237472,MEDIUM
1090,14,0.8500000000000001,0.75,4,325.0,77.85714285714286,0.5260935143288084,MEDIUM
1230,23,0.8500000000000001,0.75,5,275.0,53.47826086956522,0.38978015448603676,MEDIUM
3372,23,0.9500000000000002,1.0000000000000002,5,250.0,146.6086956521739,0.788771929824561,MEDIUM
3340,17,0.9000000000000001,0.8,0,300.0,196.47058823529412,0.9095860566448799,MEDIUM
2472,21,0.8,0.9500000000000002,0,325.0,117.71428571428571,0.4765760555234238,MEDIUM
2330,18,0.9500000000000002,0.9500000000000002,4,350.0,129.44444444444446,0.5268811125558255,MEDIUM
1084,14,0.9500000000000002,0.7,5,325.0,77.42857142857143,0.5572906625538203,MEDIUM
2663,10,0.8500000000000001,0.75,2,300.0,266.3,1.7405228758169933,HIGH
1006,16,0.9000000000000001,0.8500000000000001,6,300.0,62.875,0.4383442265795205,MEDIUM
3452,6,0.7,0.9500000000000002,0,300.0,575.3333333333334,2.8838763575605677,HIGH
776,18,0.9000000000000001,0.75,3,275.0,43.111111111111114,0.2786980920314253,MEDIUM
923,25,0.7,0.75,6,250.0,36.92,0.370125313283208,MEDIUM
2929,16,0.9000000000000001,1.0000000000000002,1,350.0,183.0625,0.6198941798941797,LOW
2446,10,0.7,0.8500000000000001,6,325.0,244.6,3.1622495151906915,HIGH
2840,5,0.9000000000000001,0.8,2,325.0,568.0,4.045584045584045,HIGH
3217,4,0.8,1.0000000000000002,2,275.0,804.25,7.311363636363635,HIGH
2898,7,1.0000000000000002,0.9000000000000001,5,325.0,414.0,4.953846153846152,HIGH
2419,14,1.0000000000000002,1.0000000000000002,6,250.0,172.78571428571428,1.2094999999999994,HIGH
2053,3,0.75,0.8500000000000001,2,275.0,684.3333333333334,11.710516934046344,HIGH
2139,7,0.9000000000000001,0.75,4,275.0,305.57142857142856,3.8410774410774406,HIGH
2606,3,0.75,0.7,3,250.0,868.6666666666666,19.855238095238096,HIGH
494,13,0.75,0.8500000000000001,0,350.0,38.0,0.1703081232492997,MEDIUM
1276,8,1.0000000000000002,0.75,5,250.0,159.5,2.2684444444444436,HIGH
1129,26,0.9500000000000002,0.9500000000000002,1,250.0,43.42307692307692,0.20015512465373952,LOW
2073,11,0.75,1.0000000000000002,5,325.0,188.45454545454547,1.4174358974358972,HIGH
886,20,0.7,0.9500000000000002,1,300.0,44.3,0.23374225036274893,MEDIUM
992,14,0.9000000000000001,0.7,0,350.0,70.85714285714286,0.3213475866537091,MEDIUM
1004,27,0.7,0.75,2,275.0,37.18518518518518,0.2781645021645021,MEDIUM
1071,30,0.75,0.9000000000000001,6,250.0,35.7,0.2644444444444444,MEDIUM
3065,24,0.75,1.0000000000000002,1,325.0,127.70833333333333,0.546711259754738,MEDIUM
3191,5,1.0000000000000002,0.8500000000000001,6,350.0,638.2,10.726050420168065,HIGH
2839,24,0.9500000000000002,0.9000000000000001,3,325.0,118.29166666666667,0.48651543388385476,MEDIUM
1087,10,0.9000000000000001,0.7,3,350.0,108.7,0.7042436022027857,MEDIUM
774,5,0.75,1.0000000000000002,1,250.0,154.8,1.0319999999999998,MEDIUM
2578,19,0.7,0.7,2,275.0,135.68421052631578,1.1253956127905709,HIGH
2208,22,0.8,0.8500000000000001,0,300.0,100.36363636363636,0.49197860962566836,MEDIUM
1392,14,0.9000000000000001,0.8,6,350.0,99.42857142857143,0.6904761904761904,MEDIUM
2270,4,1.0000000000000002,0.75,1,350.0,567.5,2.8825396825396816,HIGH
784,17,1.0000000000000002,0.75,2,300.0,46.11764705882353,0.23229629629629622,MEDIUM
1072,10,0.8500000000000001,0.75,4,325.0,107.2,0.8623428858722973,MEDIUM
1459,27,0.9000000000000001,0.8500000000000001,3,250.0,54.03703703703704,0.3178649237472766,MEDIUM
1620,7,0.8,0.8,0,350.0,231.42857142857142,1.0331632653061225,MEDIUM
3168,18,0.75,1.0000000000000002,0,325.0,176.0,0.7220512820512819,MEDIUM
1803,19,0.9500000000000002,0.9500000000000002,3,300.0,94.89473684210526,0.4162049861495843,MEDIUM
2644,29,0.9000000000000001,0.9500000000000002,2,325.0,91.17241379310344,0.35240998983689026,LOW
2069,21,0.8500000000000001,0.8,5,325.0,98.52380952380952,0.5851244343891401,MEDIUM
3388,16,0.9500000000000002,1.0000000000000002,0,300.0,211.75,0.7429824561403506,LOW
2023,30,1.0000000000000002,0.9500000000000002,4,325.0,67.43333333333334,0.25200872002491426,MEDIUM
3372,26,0.7,1.0000000000000002,0,325.0,129.69230769230768,0.5700760777683853,MEDIUM
2555,18,1.0000000000000002,0.8500000000000001,1,250.0,141.94444444444446,0.7072664359861589,LOW
2627,14,0.8,1.0000000000000002,0,350.0,187.64285714285714,0.6701530612244897,MEDIUM
2502,13,0.7,1.0000000000000002,2,300.0,192.46153846153845,1.083116883116883,MEDIUM
2231,15,0.9000000000000001,0.9000000000000001,3,275.0,148.73333333333332,0.8346427235316122,MEDIUM
3420,10,1.0000000000000002,0.7,3,250.0,342.0,2.791836734693877,HIGH
3448,30,0.7,0.8,6,325.0,114.93333333333334,0.7893772893772893,MEDIUM
393,26,0.9000000000000001,0.9000000000000001,5,275.0,15.115384615384615,0.08401475068141732,MEDIUM
2761,11,0.9500000000000002,0.8500000000000001,5,325.0,251.0,1.7534333571485272,HIGH
3057,23,1.0000000000000002,1.0000000000000002,3,275.0,132.91304347826087,0.5558181818181815,MEDIUM
1075,24,0.9000000000000001,0.7,3,325.0,44.791666666666664,0.25001453572882143,MEDIUM
2428,30,0.8500000000000001,0.9500000000000002,2,300.0,80.93333333333334,0.3579537077989089,LOW
3389,17,0.8,1.0000000000000002,5,250.0,199.35294117647058,1.4120833333333331,HIGH
1005,24,0.9000000000000001,0.9000000000000001,4,250.0,41.875,0.2481481481481481,MEDIUM
3246,15,0.9500000000000002,0.9500000000000002,5,275.0,216.4,1.3078821455552752,HIGH
1390,21,1.0000000000000002,0.9000000000000001,3,250.0,66.19047619047619,0.3432098765432098,MEDIUM
2554,10,0.8,0.8,4,275.0,255.4,2.418560606060606,HIGH
1072,9,0.8,0.9500000000000002,1,300.0,119.11111111111111,0.5877192982456139,MEDIUM
1847,4,0.8500000000000001,0.9500000000000002,1,350.0,461.75,2.1783871443314156,HIGH
2321,20,0.9500000000000002,0.8,1,250.0,116.05,0.6429362880886424,MEDIUM
2728,8,0.75,0.7,3,250.0,341.0,4.156952380952381,HIGH
2622,12,1.0000000000000002,0.9500000000000002,1,275.0,218.5,0.9123966942148757,MEDIUM
3250,9,0.9000000000000001,0.9500000000000002,2,325.0,361.1111111111111,1.6708437761069332,HIGH
1782,13,0.8,0.7,1,325.0,137.07692307692307,0.8159340659340659,MEDIUM
3466,24,0.8,0.8,5,325.0,144.41666666666666,0.8770242914979758,MEDIUM
679,19,0.9500000000000002,0.9500000000000002,5,300.0,35.73684210526316,0.17913204062788543,MEDIUM
1498,14,0.7,0.75,5,350.0,107.0,0.9058201058201061,MEDIUM
2257,10,0.9000000000000001,0.9500000000000002,0,300.0,225.7,0.8799220272904479,MEDIUM
3228,3,0.8,1.0000000000000002,0,250.0,1076.0,5.379999999999998,HIGH
1893,26,0.75,0.9500000000000002,2,275.0,72.8076923076923,0.40255183413078144,MEDIUM
2913,7,0.9000000000000001,1.0000000000000002,6,275.0,416.14285714285717,11.769696969696966,HIGH
905,24,0.8500000000000001,0.7,3,300.0,37.708333333333336,0.24142990529545152,MEDIUM
3099,14,0.75,0.8500000000000001,2,275.0,221.35714285714286,1.4730837789661317,HIGH
2740,28,0.7,0.7,0,275.0,97.85714285714286,0.7262125629472569,MEDIUM
1760,7,0.9500000000000002,0.8,4,250.0,251.42857142857142,3.087719298245613,HIGH
1786,9,0.8,0.9500000000000002,5,300.0,198.44444444444446,1.9583333333333328,HIGH
279,28,0.7,0.8500000000000001,0,325.0,9.964285714285714,0.051528303629143964,MEDIUM
308,14,1.0000000000000002,0.8,5,350.0,22.0,0.12222222222222219,MEDIUM
1252,28,0.9500000000000002,0.9000000000000001,4,350.0,44.714285714285715,0.17432470064049005,MEDIUM
2277,18,0.8500000000000001,0.75,2,350.0,126.5,0.63781512605042,MEDIUM
3154,19,0.9000000000000001,0.75,6,350.0,166.0,1.0269434269434268,MEDIUM
1320,8,0.8500000000000001,0.9000000000000001,2,300.0,165.0,0.9586056644880172,MEDIUM
2296,3,1.0000000000000002,0.9500000000000002,6,250.0,765.3333333333334,9.667368421052629,HIGH
909,28,1.0000000000000002,0.9500000000000002,6,250.0,32.464285714285715,0.17397129186602867,MEDIUM
1029,10,1.0000000000000002,0.9000000000000001,6,275.0,102.9,1.039393939393939,MEDIUM
670,10,0.8500000000000001,0.9500000000000002,0,325.0,67.0,0.25529888068587747,LOW
1745,12,0.7,0.8500000000000001,0,250.0,145.41666666666666,0.9775910364145656,MEDIUM
942,8,0.7,0.9000000000000001,2,275.0,117.75,0.906204906204906,MEDIUM
2071,19,0.8,1.0000000000000002,2,300.0,109.0,0.5075980392156861,MEDIUM
320,18,1.0000000000000002,0.8,3,275.0,17.77777777777778,0.09696969696969694,MEDIUM
2762,29,0.7,1.0000000000000002,3,300.0,95.24137931034483,0.5058608058608057,MEDIUM
1433,17,0.8500000000000001,0.7,3,250.0,84.29411764705883,0.6881152460984394,MEDIUM
2774,3,0.8,0.9500000000000002,2,350.0,924.6666666666666,10.428571428571427,HIGH
1812,29,0.9000000000000001,0.75,6,250.0,62.48275862068966,0.4668599033816424,MEDIUM
2147,22,0.7,0.8,6,325.0,97.5909090909091,0.7372939560439561,MEDIUM
3261,30,0.75,0.8500000000000001,1,300.0,108.7,0.5879648411088573,MEDIUM
1879,26,0.9500000000000002,0.8,5,250.0,72.26923076923077,0.47092731829573925,MEDIUM
3357,14,0.75,0.7,5,300.0,239.78571428571428,2.3682539682539683,HIGH
955,15,0.9000000000000001,0.7,3,300.0,63.666666666666664,0.42107583774250434,MEDIUM
2003,4,1.0000000000000002,0.8500000000000001,5,350.0,500.75,6.732773109243696,HIGH
2937,27,0.7,0.8500000000000001,3,350.0,108.77777777777777,0.5876350540216086,MEDIUM
408,17,0.75,1.0000000000000002,3,275.0,24.0,0.14129870129870126,MEDIUM
683,16,0.75,0.8500000000000001,3,325.0,42.6875,0.25357930154310243,MEDIUM
1267,22,0.8,0.75,0,300.0,57.59090909090909,0.319949494949495,MEDIUM
3399,8,0.7,0.8,6,300.0,424.875,10.116071428571429,HIGH
2681,3,0.75,0.9000000000000001,5,250.0,893.6666666666666,15.887407407407405,HIGH
2840,30,0.9000000000000001,0.8,0,350.0,94.66666666666667,0.3756613756613756,MEDIUM
1543,9,0.9500000000000002,0.8500000000000001,4,350.0,171.44444444444446,1.0919062361786818,MEDIUM
2817,19,1.0000000000000002,0.9000000000000001,5,325.0,148.26315789473685,0.6879120879120877,MEDIUM
2316,7,0.7,0.9000000000000001,2,325.0,330.85714285714283,2.2622710622710622,HIGH
828,25,0.9000000000000001,0.8500000000000001,0,275.0,33.12,0.15743315508021385,LOW
2696,28,0.9000000000000001,1.0000000000000002,2,250.0,96.28571428571429,0.4608547008547007,LOW
3108,16,0.75,0.8,2,250.0,194.25,1.48,HIGH
667,21,0.9000000000000001,1.0000000000000002,1,275.0,31.761904761904763,0.1347474747474747,LOW
2343,20,0.8,1.0000000000000002,6,300.0,117.15,0.6973214285714284,MEDIUM
1741,13,0.9000000000000001,1.0000000000000002,6,250.0,133.92307692307693,1.105396825396825,HIGH
527,4,1.0000000000000002,0.8500000000000001,4,350.0,131.75,1.7714285714285711,HIGH
3392,30,0.7,0.75,3,350.0,113.06666666666666,0.6836986646510458,MEDIUM
646,20,0.9500000000000002,1.0000000000000002,6,275.0,32.3,0.17662337662337657,MEDIUM
1705,24,0.75,0.7,2,325.0,71.04166666666667,0.4542124542124542,MEDIUM
392,3,0.8500000000000001,1.0000000000000002,1,275.0,130.66666666666666,0.8385026737967911,MEDIUM
420,15,0.8500000000000001,0.9500000000000002,4,350.0,28.0,0.13509710104137343,MEDIUM
853,11,0.7,0.75,2,275.0,77.54545454545455,0.6564694564694564,MEDIUM
764,4,0.8500000000000001,0.7,0,350.0,191.0,0.9171668667466986,MEDIUM
1169,15,0.75,0.8,3,300.0,77.93333333333334,0.5412037037037037,MEDIUM
3490,16,0.75,0.7,4,250.0,218.125,2.2158730158730156,HIGH
1407,30,0.75,0.9000000000000001,0,325.0,46.9,0.21378917378917375,MEDIUM
2205,28,0.8500000000000001,0.9000000000000001,5,325.0,78.75,0.38559905567578184,MEDIUM
1031,16,0.75,0.8500000000000001,3,250.0,64.4375,0.49761689291101047,MEDIUM
573,30,0.9500000000000002,1.0000000000000002,3,250.0,19.1,0.08935672514619879,MEDIUM
527,18,0.7,1.0000000000000002,4,325.0,29.27777777777778,0.16546310832025116,MEDIUM
1316,5,0.8,0.9000000000000001,3,300.0,263.2,3.046296296296296,HIGH
431,29,0.75,0.8500000000000001,2,250.0,14.862068965517242,0.10015976761074799,MEDIUM
1918,11,0.8500000000000001,0.9500000000000002,6,300.0,174.36363636363637,1.5834881320949428,HIGH
